2024-10-11 03:47:37,615 - a79f - ERROR - Bad HTTP status:
	Url: https://notpx.app/api/v1/mining/claim
	Proxy: socks5://07196708-zone-custom-region-CA-city-toronto-sessid-o47kzll7-sessTime-120:6pGOVG0G@f.proxys5.net:6200	Status: 504
2024-10-12 03:04:49,611 - 5273 - INFO - Telegram profile loaded - path: C:\projects\tg_accs\15874097035\tdata
2024-10-12 03:04:49,626 - cbf6 - INFO - Telegram profile loaded - path: C:\projects\tg_accs\12264558635\tdata
2024-10-12 03:04:49,635 - 6694 - INFO - Telegram profile loaded - path: C:\projects\tg_accs\18077006341\tdata
2024-10-12 03:04:49,643 - fa66 - INFO - Telegram profile loaded - path: C:\projects\tg_accs\12264550366\tdata
2024-10-12 03:04:54,865 - 6694 - INFO - Telegram profile connect success - path: C:\projects\tg_accs\18077006341\tdata, id: 7515509069, username: JeanneBlair2001, phone: 18077006341
2024-10-12 03:04:54,897 - fa66 - ERROR - Failed to convert TDATA to Telethon session:
	Path: C:\projects\tg_accs\12264550366\tdata
	Papa Exception -  type: <class 'asyncio.exceptions.CancelledError'>, message: 
2024-10-12 03:04:54,897 - cbf6 - ERROR - Failed to convert TDATA to Telethon session:
	Path: C:\projects\tg_accs\12264558635\tdata
	Papa Exception -  type: <class 'asyncio.exceptions.CancelledError'>, message: 
2024-10-12 03:04:54,897 - 5273 - ERROR - Failed to convert TDATA to Telethon session:
	Path: C:\projects\tg_accs\15874097035\tdata
	Papa Exception -  type: <class 'asyncio.exceptions.CancelledError'>, message: 
2024-10-12 03:07:22,494 - 0615 - INFO - Telegram profile loaded - path: C:\projects\tg_accs\15874097035\tdata
2024-10-12 03:07:22,500 - 5f18 - INFO - Telegram profile loaded - path: C:\projects\tg_accs\12264558635\tdata
2024-10-12 03:07:22,507 - 77ba - INFO - Telegram profile loaded - path: C:\projects\tg_accs\18077006341\tdata
2024-10-12 03:07:22,508 - 52d4 - INFO - Telegram profile loaded - path: C:\projects\tg_accs\12264550366\tdata
2024-10-12 03:07:27,567 - 0615 - INFO - Telegram profile connect success - path: C:\projects\tg_accs\15874097035\tdata, id: 6714712311, username: guapepep, phone: 15874097035
2024-10-12 03:07:27,567 - 52d4 - ERROR - Failed to convert TDATA to Telethon session:
	Path: C:\projects\tg_accs\12264550366\tdata
	Papa Exception -  type: <class 'asyncio.exceptions.CancelledError'>, message: 
2024-10-12 03:07:27,567 - 77ba - ERROR - Failed to convert TDATA to Telethon session:
	Path: C:\projects\tg_accs\18077006341\tdata
	Papa Exception -  type: <class 'asyncio.exceptions.CancelledError'>, message: 
2024-10-12 03:07:27,567 - 5f18 - ERROR - Failed to convert TDATA to Telethon session:
	Path: C:\projects\tg_accs\12264558635\tdata
	Papa Exception -  type: <class 'asyncio.exceptions.CancelledError'>, message: 
2024-10-12 03:13:00,801 - 3546 - INFO - Telegram profile loaded - path: C:\projects\tg_accs\18077006341\tdata
2024-10-12 03:13:00,807 - 08ad - INFO - Telegram profile loaded - path: C:\projects\tg_accs\12264558635\tdata
2024-10-12 03:13:00,819 - 150e - INFO - Telegram profile loaded - path: C:\projects\tg_accs\15874097035\tdata
2024-10-12 03:13:00,836 - 7f46 - INFO - Telegram profile loaded - path: C:\projects\tg_accs\12264550366\tdata
2024-10-12 03:13:05,831 - 3546 - INFO - Telegram profile connect success - path: C:\projects\tg_accs\18077006341\tdata, id: 7515509069, username: JeanneBlair2001, phone: 18077006341
2024-10-12 03:13:06,052 - 7f46 - INFO - Telegram profile connect success - path: C:\projects\tg_accs\12264550366\tdata, id: 7596997432, username: TamaraKanahele2022, phone: 12264550366
2024-10-12 03:13:06,052 - 150e - INFO - Telegram profile connect success - path: C:\projects\tg_accs\15874097035\tdata, id: 6714712311, username: guapepep, phone: 15874097035
2024-10-12 03:13:06,646 - 278e - DEBUG - Start GET entry URL
2024-10-12 03:13:06,847 - 7efb - DEBUG - Start GET entry URL
2024-10-12 03:13:06,863 - ec68 - DEBUG - Start GET entry URL
2024-10-12 03:13:07,083 - 08ad - INFO - Telegram profile connect success - path: C:\projects\tg_accs\12264558635\tdata, id: 7703582587, username: DeborahLamboy2009, phone: 12264558635
2024-10-12 03:13:08,024 - 72b9 - DEBUG - Start GET entry URL
2024-10-12 03:13:16,190 - 278e - INFO - Finish GET entry URL GET, status: 200, content len: 6121
2024-10-12 03:13:16,193 - 278e - DEBUG - Start GET account status
2024-10-12 03:13:17,224 - ec68 - INFO - Finish GET entry URL GET, status: 200, content len: 6121
2024-10-12 03:13:17,224 - ec68 - DEBUG - Start GET account status
2024-10-12 03:13:17,469 - 72b9 - INFO - Finish GET entry URL GET, status: 200, content len: 6121
2024-10-12 03:13:17,471 - 72b9 - DEBUG - Start GET account status
2024-10-12 03:13:18,866 - 7efb - INFO - Finish GET entry URL GET, status: 200, content len: 6121
2024-10-12 03:13:18,866 - 7efb - DEBUG - Start GET account status
2024-10-12 03:13:25,450 - 278e - INFO - Finish GET account state, status: 200, content: b'{"coins":0.0005459999999999999,"speedPerSecond":0.000011666666666666666,"fromStart":353810,"fromUpdate":0,"maxMiningTime":28800,"claimed":0,"boosts":{"energyLimit":1,"paintReward":2,"reChargeSpeed":2},"repaintsTotal":10,"userBalance":10.668,"activated":true,"league":"bronze","charges":5,"maxCharges":5,"reChargeTimer":0,"reChargeSpeed":570000,"goods":{},"tasks":{}}\n' content len: 367
2024-10-12 03:13:25,450 - 278e - DEBUG - Start CLAIM
2024-10-12 03:13:26,302 - ec68 - INFO - Finish GET account state, status: 200, content: b'{"coins":0.00029749999999999997,"speedPerSecond":0.000018666666666666665,"fromStart":347903,"fromUpdate":0,"maxMiningTime":28800,"claimed":0,"boosts":{"energyLimit":2,"paintReward":2,"reChargeSpeed":2},"repaintsTotal":16,"userBalance":14.7422175,"activated":true,"league":"silver","charges":6,"maxCharges":6,"reChargeTimer":0,"reChargeSpeed":570000,"goods":{},"tasks":{}}\n' content len: 372
2024-10-12 03:13:26,302 - ec68 - DEBUG - Start CLAIM
2024-10-12 03:13:28,507 - 72b9 - INFO - Finish GET account state, status: 200, content: b'{"coins":0,"speedPerSecond":0.00003149999999999999,"fromStart":84345,"fromUpdate":0,"maxMiningTime":28800,"claimed":0,"boosts":{"energyLimit":2,"paintReward":2,"reChargeSpeed":2},"repaintsTotal":27,"userBalance":33.252098333333336,"activated":true,"league":"silver","charges":6,"maxCharges":6,"reChargeTimer":0,"reChargeSpeed":570000,"goods":{},"tasks":{}}\n' content len: 357
2024-10-12 03:13:28,507 - 72b9 - DEBUG - Start CLAIM
2024-10-12 03:13:28,896 - 7efb - INFO - Finish GET account state, status: 200, content: b'{"coins":0,"speedPerSecond":0.000040833333333333334,"fromStart":84343,"fromUpdate":0,"maxMiningTime":28800,"claimed":0,"boosts":{"energyLimit":2,"paintReward":2,"reChargeSpeed":2},"repaintsTotal":35,"userBalance":46.139104499999945,"activated":true,"league":"silver","charges":6,"maxCharges":6,"reChargeTimer":0,"reChargeSpeed":570000,"goods":{},"tasks":{}}\n' content len: 358
2024-10-12 03:13:28,896 - 7efb - DEBUG - Start CLAIM
2024-10-12 03:13:35,832 - 278e - INFO - Finish CLAIM, status: 200, content: b'{"coins":0,"speedPerSecond":0.000011666666666666666,"fromStart":0,"fromUpdate":0,"maxMiningTime":28800,"claimed":0.33599999999999997,"boosts":{"energyLimit":1,"paintReward":2,"reChargeSpeed":2},"repaintsTotal":0,"userBalance":0,"activated":true,"league":"silver","charges":0,"maxCharges":0,"reChargeTimer":0,"reChargeSpeed":0,"goods":null,"tasks":{}}\n' content len: 351
2024-10-12 03:13:35,832 - 278e - DEBUG - Start UPGRADE energyLimit
2024-10-12 03:13:38,283 - ec68 - INFO - Finish CLAIM, status: 200, content: b'{"coins":0,"speedPerSecond":0.000018666666666666665,"fromStart":0,"fromUpdate":0,"maxMiningTime":28800,"claimed":0.5376,"boosts":{"energyLimit":2,"paintReward":2,"reChargeSpeed":2},"repaintsTotal":0,"userBalance":0,"activated":true,"league":"silver","charges":0,"maxCharges":0,"reChargeTimer":0,"reChargeSpeed":0,"goods":null,"tasks":{}}\n' content len: 338
2024-10-12 03:13:38,284 - ec68 - DEBUG - Start PAINT PIXEL 229:230
2024-10-12 03:13:39,245 - 7efb - INFO - Finish CLAIM, status: 200, content: b'{"coins":0,"speedPerSecond":0.000040833333333333334,"fromStart":0,"fromUpdate":0,"maxMiningTime":28800,"claimed":1.176,"boosts":{"energyLimit":2,"paintReward":2,"reChargeSpeed":2},"repaintsTotal":0,"userBalance":0,"activated":true,"league":"silver","charges":0,"maxCharges":0,"reChargeTimer":0,"reChargeSpeed":0,"goods":null,"tasks":{}}\n' content len: 337
2024-10-12 03:13:39,245 - 7efb - DEBUG - Start PAINT PIXEL 230:228
2024-10-12 03:13:40,473 - 72b9 - INFO - Finish CLAIM, status: 200, content: b'{"coins":0,"speedPerSecond":0.00003149999999999999,"fromStart":0,"fromUpdate":0,"maxMiningTime":28800,"claimed":0.9071999999999998,"boosts":{"energyLimit":2,"paintReward":2,"reChargeSpeed":2},"repaintsTotal":0,"userBalance":0,"activated":true,"league":"silver","charges":0,"maxCharges":0,"reChargeTimer":0,"reChargeSpeed":0,"goods":null,"tasks":{}}\n' content len: 349
2024-10-12 03:13:40,473 - 72b9 - DEBUG - Start PAINT PIXEL 228:230
2024-10-12 03:13:46,203 - 278e - INFO - Finish UPGRADE energyLimit, status: 200, content: b'{"energyLimit":true}\n' content len: 21
2024-10-12 03:13:46,203 - 278e - DEBUG - Start PAINT PIXEL 228:228
2024-10-12 03:13:47,629 - ec68 - INFO - Finish PAINT PIXEL 229:230 to #FFFFFF, status: 200, content: b'{"balance":16.2798175}\n' content len: 23
2024-10-12 03:13:47,631 - ec68 - DEBUG - Start PAINT PIXEL 229:231
2024-10-12 03:13:50,372 - 72b9 - INFO - Finish PAINT PIXEL 228:230 to #000000, status: 200, content: b'{"balance":35.159298333333}\n' content len: 28
2024-10-12 03:13:50,372 - 72b9 - DEBUG - Start PAINT PIXEL 229:229
2024-10-12 03:13:50,515 - 7efb - INFO - Finish PAINT PIXEL 230:228 to #FFFFFF, status: 200, content: b'{"balance":48.3151045}\n' content len: 23
2024-10-12 03:13:50,517 - 7efb - DEBUG - Start PAINT PIXEL 230:229
2024-10-12 03:13:56,212 - 278e - INFO - Finish PAINT PIXEL 228:228 to #000000, status: 200, content: b'{"balance":7.004}\n' content len: 18
2024-10-12 03:13:56,212 - 278e - DEBUG - Start PAINT PIXEL 228:229
2024-10-12 03:13:57,613 - ec68 - INFO - Finish PAINT PIXEL 229:231 to #000000, status: 200, content: b'{"balance":17.2798175}\n' content len: 23
2024-10-12 03:13:57,664 - 0f43 - ERROR - Failed HTTP request:
	Url: https://notpx.app/api/v1/repaint/start
	Proxy: socks5://07196708-zone-custom-region-CA-city-toronto-sessid-ZWNbB988-sessTime-120:6pGOVG0G@f.proxys5.net:6200	Papa Exception -  type: <class 'asyncio.exceptions.CancelledError'>, message: 
2024-10-12 03:14:42,654 - e3e2 - INFO - Telegram profile loaded - path: C:\projects\tg_accs\12264550366\tdata
2024-10-12 03:14:42,659 - aece - INFO - Telegram profile loaded - path: C:\projects\tg_accs\15874097035\tdata
2024-10-12 03:14:42,671 - 2042 - INFO - Telegram profile loaded - path: C:\projects\tg_accs\12264558635\tdata
2024-10-12 03:14:42,679 - 788c - INFO - Telegram profile loaded - path: C:\projects\tg_accs\18077006341\tdata
2024-10-12 03:14:47,691 - aece - INFO - Telegram profile connect success - path: C:\projects\tg_accs\15874097035\tdata, id: 6714712311, username: guapepep, phone: 15874097035
2024-10-12 03:14:47,818 - e3e2 - INFO - Telegram profile connect success - path: C:\projects\tg_accs\12264550366\tdata, id: 7596997432, username: TamaraKanahele2022, phone: 12264550366
2024-10-12 03:14:47,932 - 788c - INFO - Telegram profile connect success - path: C:\projects\tg_accs\18077006341\tdata, id: 7515509069, username: JeanneBlair2001, phone: 18077006341
2024-10-12 03:14:48,596 - 6c80 - DEBUG - Start GET entry URL
2024-10-12 03:14:48,700 - b434 - DEBUG - Start GET entry URL
2024-10-12 03:14:48,823 - 2042 - INFO - Telegram profile connect success - path: C:\projects\tg_accs\12264558635\tdata, id: 7703582587, username: DeborahLamboy2009, phone: 12264558635
2024-10-12 03:14:48,854 - 0e83 - DEBUG - Start GET entry URL
2024-10-12 03:14:49,762 - fd51 - DEBUG - Start GET entry URL
2024-10-12 03:14:59,122 - 0e83 - INFO - Finish GET entry URL GET, status: 200, content len: 6121
2024-10-12 03:14:59,136 - 0e83 - DEBUG - Start GET account status
2024-10-12 03:15:00,133 - b434 - INFO - Finish GET entry URL GET, status: 200, content len: 6121
2024-10-12 03:15:00,133 - b434 - DEBUG - Start GET account status
2024-10-12 03:15:00,394 - 6c80 - INFO - Finish GET entry URL GET, status: 200, content len: 6121
2024-10-12 03:15:00,394 - 6c80 - DEBUG - Start GET account status
2024-10-12 03:15:00,495 - fd51 - INFO - Finish GET entry URL GET, status: 200, content len: 6121
2024-10-12 03:15:00,495 - fd51 - DEBUG - Start GET account status
2024-10-12 03:15:08,988 - 0e83 - INFO - Finish GET account state, status: 200, content: b'{"coins":0.00039666666666666664,"speedPerSecond":0.000021,"fromStart":92,"fromUpdate":0,"maxMiningTime":28800,"claimed":0,"boosts":{"energyLimit":2,"paintReward":2,"reChargeSpeed":2},"repaintsTotal":18,"userBalance":17.2798175,"activated":true,"league":"silver","charges":4,"maxCharges":6,"reChargeTimer":488807,"reChargeSpeed":570000,"goods":{},"tasks":{}}\n' content len: 358
2024-10-12 03:15:08,990 - 0e83 - DEBUG - Start CLAIM
2024-10-12 03:15:10,964 - 6c80 - INFO - Finish GET account state, status: 200, content: b'{"coins":0.0009239999999999999,"speedPerSecond":0.00004316666666666666,"fromStart":91,"fromUpdate":0,"maxMiningTime":28800,"claimed":0,"boosts":{"energyLimit":2,"paintReward":2,"reChargeSpeed":2},"repaintsTotal":37,"userBalance":49.31510449999995,"activated":true,"league":"silver","charges":4,"maxCharges":6,"reChargeTimer":489055,"reChargeSpeed":570000,"goods":{},"tasks":{}}\n' content len: 378
2024-10-12 03:15:10,964 - 6c80 - DEBUG - Start CLAIM
2024-10-12 03:15:11,772 - b434 - INFO - Finish GET account state, status: 200, content: b'{"coins":0.000385,"speedPerSecond":0.000014,"fromStart":94,"fromUpdate":0,"maxMiningTime":28800,"claimed":0,"boosts":{"energyLimit":2,"paintReward":2,"reChargeSpeed":2},"repaintsTotal":12,"userBalance":8.004,"activated":true,"league":"silver","charges":10,"maxCharges":12,"reChargeTimer":496103,"reChargeSpeed":570000,"goods":{},"tasks":{}}\n' content len: 341
2024-10-12 03:15:11,772 - b434 - DEBUG - Start CLAIM
2024-10-12 03:15:12,160 - fd51 - INFO - Finish GET account state, status: 200, content: b'{"coins":0.0007186666666666666,"speedPerSecond":0.000033833333333333334,"fromStart":92,"fromUpdate":0,"maxMiningTime":28800,"claimed":0,"boosts":{"energyLimit":2,"paintReward":2,"reChargeSpeed":2},"repaintsTotal":29,"userBalance":36.15929833333334,"activated":true,"league":"silver","charges":4,"maxCharges":6,"reChargeTimer":489975,"reChargeSpeed":570000,"goods":{},"tasks":{}}\n' content len: 379
2024-10-12 03:15:12,160 - fd51 - DEBUG - Start CLAIM
2024-10-12 03:15:20,158 - 0e83 - INFO - Finish CLAIM, status: 200, content: b'{"coins":0,"speedPerSecond":0.000021,"fromStart":0,"fromUpdate":0,"maxMiningTime":28800,"claimed":0.002142,"boosts":{"energyLimit":2,"paintReward":2,"reChargeSpeed":2},"repaintsTotal":0,"userBalance":0,"activated":true,"league":"silver","charges":0,"maxCharges":0,"reChargeTimer":0,"reChargeSpeed":0,"goods":null,"tasks":{}}\n' content len: 325
2024-10-12 03:15:20,158 - 0e83 - DEBUG - Start PAINT PIXEL 231:229
2024-10-12 03:15:21,131 - 6c80 - INFO - Finish CLAIM, status: 200, content: b'{"coins":0,"speedPerSecond":0.00004316666666666666,"fromStart":0,"fromUpdate":0,"maxMiningTime":28800,"claimed":0.004403,"boosts":{"energyLimit":2,"paintReward":2,"reChargeSpeed":2},"repaintsTotal":0,"userBalance":0,"activated":true,"league":"silver","charges":0,"maxCharges":0,"reChargeTimer":0,"reChargeSpeed":0,"goods":null,"tasks":{}}\n' content len: 339
2024-10-12 03:15:21,131 - 6c80 - DEBUG - Start PAINT PIXEL 230:230
2024-10-12 03:15:21,739 - b434 - INFO - Finish CLAIM, status: 200, content: b'{"coins":0,"speedPerSecond":0.000014,"fromStart":0,"fromUpdate":0,"maxMiningTime":28800,"claimed":0.001484,"boosts":{"energyLimit":2,"paintReward":2,"reChargeSpeed":2},"repaintsTotal":0,"userBalance":0,"activated":true,"league":"silver","charges":0,"maxCharges":0,"reChargeTimer":0,"reChargeSpeed":0,"goods":null,"tasks":{}}\n' content len: 325
2024-10-12 03:15:21,739 - b434 - DEBUG - Start PAINT PIXEL 232:229
2024-10-12 03:15:23,474 - fd51 - INFO - Finish CLAIM, status: 200, content: b'{"coins":0,"speedPerSecond":0.000033833333333333334,"fromStart":0,"fromUpdate":0,"maxMiningTime":28800,"claimed":0.0034848333333333333,"boosts":{"energyLimit":2,"paintReward":2,"reChargeSpeed":2},"repaintsTotal":0,"userBalance":0,"activated":true,"league":"silver","charges":0,"maxCharges":0,"reChargeTimer":0,"reChargeSpeed":0,"goods":null,"tasks":{}}\n' content len: 353
2024-10-12 03:15:23,474 - fd51 - DEBUG - Start PAINT PIXEL 231:231
2024-10-12 03:15:30,622 - 6c80 - INFO - Finish PAINT PIXEL 230:230 to #FFFFFF, status: 200, content: b'{"balance":50.3195075}\n' content len: 23
2024-10-12 03:15:30,623 - 6c80 - DEBUG - Start PAINT PIXEL 231:228
2024-10-12 03:15:30,844 - 0e83 - INFO - Finish PAINT PIXEL 231:229 to #FFFFFF, status: 200, content: b'{"balance":18.2819595}\n' content len: 23
2024-10-12 03:15:30,846 - 0e83 - DEBUG - Start PAINT PIXEL 231:230
2024-10-12 03:15:32,131 - b434 - INFO - Finish PAINT PIXEL 232:229 to #000000, status: 200, content: b'{"balance":9.005484}\n' content len: 21
2024-10-12 03:15:32,131 - b434 - DEBUG - Start PAINT PIXEL 232:230
2024-10-12 03:15:34,585 - fd51 - INFO - Finish PAINT PIXEL 231:231 to #000000, status: 200, content: b'{"balance":37.162783166667}\n' content len: 28
2024-10-12 03:15:34,585 - fd51 - DEBUG - Start PAINT PIXEL 232:228
2024-10-12 03:15:39,912 - 6c80 - INFO - Finish PAINT PIXEL 231:228 to #000000, status: 200, content: b'{"balance":51.3195075}\n' content len: 23
2024-10-12 03:17:13,947 - df65 - INFO - Telegram profile loaded - path: C:\projects\tg_accs\15874097035\tdata
2024-10-12 03:17:13,952 - 274f - INFO - Telegram profile loaded - path: C:\projects\tg_accs\12264550366\tdata
2024-10-12 03:17:13,954 - 64d7 - INFO - Telegram profile loaded - path: C:\projects\tg_accs\18077006341\tdata
2024-10-12 03:17:13,963 - fea5 - INFO - Telegram profile loaded - path: C:\projects\tg_accs\12264558635\tdata
2024-10-12 03:17:18,911 - 64d7 - INFO - Telegram profile connect success - path: C:\projects\tg_accs\18077006341\tdata, id: 7515509069, username: JeanneBlair2001, phone: 18077006341
2024-10-12 03:17:18,965 - df65 - INFO - Telegram profile connect success - path: C:\projects\tg_accs\15874097035\tdata, id: 6714712311, username: guapepep, phone: 15874097035
2024-10-12 03:17:19,223 - 274f - INFO - Telegram profile connect success - path: C:\projects\tg_accs\12264550366\tdata, id: 7596997432, username: TamaraKanahele2022, phone: 12264550366
2024-10-12 03:17:19,759 - b4d1 - DEBUG - Start GET entry URL
2024-10-12 03:17:19,903 - 64f1 - DEBUG - Start GET entry URL
2024-10-12 03:17:20,015 - 65dc - DEBUG - Start GET entry URL
2024-10-12 03:17:20,441 - fea5 - INFO - Telegram profile connect success - path: C:\projects\tg_accs\12264558635\tdata, id: 7703582587, username: DeborahLamboy2009, phone: 12264558635
2024-10-12 03:17:21,408 - 0d79 - DEBUG - Start GET entry URL
2024-10-12 03:17:30,244 - b4d1 - INFO - Finish GET entry URL GET, status: 200, content len: 6121
2024-10-12 03:17:30,244 - b4d1 - DEBUG - Start GET account status
2024-10-12 03:17:33,029 - 0d79 - INFO - Finish GET entry URL GET, status: 200, content len: 6121
2024-10-12 03:17:33,029 - 0d79 - DEBUG - Start GET account status
2024-10-12 03:17:33,193 - 65dc - INFO - Finish GET entry URL GET, status: 200, content len: 6121
2024-10-12 03:17:33,195 - 65dc - DEBUG - Start GET account status
2024-10-12 03:17:33,488 - 64f1 - INFO - Finish GET entry URL GET, status: 200, content len: 6121
2024-10-12 03:17:33,488 - 64f1 - DEBUG - Start GET account status
2024-10-12 03:17:41,802 - b4d1 - INFO - Finish GET account state, status: 200, content: b'{"coins":0.00048766666666666663,"speedPerSecond":0.000023333333333333332,"fromStart":142,"fromUpdate":0,"maxMiningTime":28800,"claimed":0,"boosts":{"energyLimit":2,"paintReward":2,"reChargeSpeed":2},"repaintsTotal":20,"userBalance":19.2819595,"activated":true,"league":"silver","charges":2,"maxCharges":6,"reChargeTimer":337335,"reChargeSpeed":570000,"goods":{},"tasks":{}}\n' content len: 374
2024-10-12 03:17:41,803 - b4d1 - DEBUG - Start CLAIM
2024-10-12 03:17:42,676 - 65dc - INFO - Finish GET account state, status: 200, content: b'{"coins":0.0008866666666666667,"speedPerSecond":0.0000455,"fromStart":143,"fromUpdate":0,"maxMiningTime":28800,"claimed":0,"boosts":{"energyLimit":2,"paintReward":2,"reChargeSpeed":2},"repaintsTotal":39,"userBalance":51.31950749999995,"activated":true,"league":"silver","charges":2,"maxCharges":6,"reChargeTimer":335598,"reChargeSpeed":570000,"goods":{},"tasks":{}}\n' content len: 366
2024-10-12 03:17:42,676 - 65dc - DEBUG - Start CLAIM
2024-10-12 03:17:42,926 - 64f1 - INFO - Finish GET account state, status: 200, content: b'{"coins":0.0003033333333333333,"speedPerSecond":0.00001633333333333333,"fromStart":141,"fromUpdate":0,"maxMiningTime":28800,"claimed":0,"boosts":{"energyLimit":2,"paintReward":2,"reChargeSpeed":2},"repaintsTotal":14,"userBalance":10.005484,"activated":true,"league":"silver","charges":8,"maxCharges":12,"reChargeTimer":342833,"reChargeSpeed":570000,"goods":{},"tasks":{}}\n' content len: 372
2024-10-12 03:17:42,926 - 64f1 - DEBUG - Start CLAIM
2024-10-12 03:17:44,854 - 0d79 - INFO - Finish GET account state, status: 200, content: b'{"coins":0.0008049999999999999,"speedPerSecond":0.00003616666666666666,"fromStart":143,"fromUpdate":0,"maxMiningTime":28800,"claimed":0,"boosts":{"energyLimit":2,"paintReward":2,"reChargeSpeed":2},"repaintsTotal":31,"userBalance":38.16278316666667,"activated":true,"league":"silver","charges":2,"maxCharges":6,"reChargeTimer":335953,"reChargeSpeed":570000,"goods":{},"tasks":{}}\n' content len: 379
2024-10-12 03:17:44,854 - 0d79 - DEBUG - Start CLAIM
2024-10-12 03:17:52,801 - 65dc - INFO - Finish CLAIM, status: 200, content: b'{"coins":0,"speedPerSecond":0.0000455,"fromStart":0,"fromUpdate":0,"maxMiningTime":28800,"claimed":0.006916,"boosts":{"energyLimit":2,"paintReward":2,"reChargeSpeed":2},"repaintsTotal":0,"userBalance":0,"activated":true,"league":"silver","charges":0,"maxCharges":0,"reChargeTimer":0,"reChargeSpeed":0,"goods":null,"tasks":{}}\n' content len: 326
2024-10-12 03:17:52,801 - 65dc - DEBUG - Start PAINT PIXEL 233:228
2024-10-12 03:17:55,086 - 64f1 - INFO - Finish CLAIM, status: 200, content: b'{"coins":0,"speedPerSecond":0.00001633333333333333,"fromStart":0,"fromUpdate":0,"maxMiningTime":28800,"claimed":0.002466333333333333,"boosts":{"energyLimit":2,"paintReward":2,"reChargeSpeed":2},"repaintsTotal":0,"userBalance":0,"activated":true,"league":"silver","charges":0,"maxCharges":0,"reChargeTimer":0,"reChargeSpeed":0,"goods":null,"tasks":{}}\n' content len: 351
2024-10-12 03:17:55,086 - 64f1 - DEBUG - Start PAINT PIXEL 233:230
2024-10-12 03:17:55,988 - b4d1 - INFO - Finish CLAIM, status: 200, content: b'{"coins":0,"speedPerSecond":0.000023333333333333332,"fromStart":0,"fromUpdate":0,"maxMiningTime":28800,"claimed":0.003663333333333333,"boosts":{"energyLimit":2,"paintReward":2,"reChargeSpeed":2},"repaintsTotal":0,"userBalance":0,"activated":true,"league":"silver","charges":0,"maxCharges":0,"reChargeTimer":0,"reChargeSpeed":0,"goods":null,"tasks":{}}\n' content len: 352
2024-10-12 03:17:55,988 - b4d1 - DEBUG - Start PAINT PIXEL 231:230
2024-10-12 03:17:56,349 - 0d79 - INFO - Finish CLAIM, status: 200, content: b'{"coins":0,"speedPerSecond":0.00003616666666666666,"fromStart":0,"fromUpdate":0,"maxMiningTime":28800,"claimed":0.005533499999999999,"boosts":{"energyLimit":2,"paintReward":2,"reChargeSpeed":2},"repaintsTotal":0,"userBalance":0,"activated":true,"league":"silver","charges":0,"maxCharges":0,"reChargeTimer":0,"reChargeSpeed":0,"goods":null,"tasks":{}}\n' content len: 351
2024-10-12 03:17:56,349 - 0d79 - DEBUG - Start PAINT PIXEL 234:228
2024-10-12 03:18:03,942 - 65dc - INFO - Finish PAINT PIXEL 233:228 to #FFFFFF, status: 200, content: b'{"balance":52.3264235}\n' content len: 23
2024-10-12 03:18:03,942 - 65dc - DEBUG - Start PAINT PIXEL 233:229
2024-10-12 03:18:05,115 - 64f1 - INFO - Finish PAINT PIXEL 233:230 to #FFFFFF, status: 200, content: b'{"balance":11.007950333333}\n' content len: 28
2024-10-12 03:18:05,115 - 64f1 - DEBUG - Start PAINT PIXEL 233:231
2024-10-12 03:18:07,661 - 0d79 - INFO - Finish PAINT PIXEL 234:228 to #000000, status: 200, content: b'{"balance":39.168316666667}\n' content len: 28
2024-10-12 03:18:07,661 - 0d79 - DEBUG - Start PAINT PIXEL 234:229
2024-10-12 03:18:09,270 - b4d1 - INFO - Finish PAINT PIXEL 231:230 to #000000, status: 200, content: b'{"balance":20.289216166667}\n' content len: 28
2024-10-12 03:18:09,284 - b4d1 - DEBUG - Start PAINT PIXEL 232:231
2024-10-12 03:18:13,426 - 65dc - INFO - Finish PAINT PIXEL 233:229 to #FFFFFF, status: 200, content: b'{"balance":53.3264235}\n' content len: 23
2024-10-12 03:18:16,209 - 64f1 - INFO - Finish PAINT PIXEL 233:231 to #FFFFFF, status: 200, content: b'{"balance":12.007950333333}\n' content len: 28
2024-10-12 03:18:18,571 - b4d1 - INFO - Finish PAINT PIXEL 232:231 to #000000, status: 200, content: b'{"balance":21.289216166667}\n' content len: 28
2024-10-12 03:18:21,742 - 0d79 - INFO - Finish PAINT PIXEL 234:229 to #464646, status: 200, content: b'{"balance":40.168316666667}\n' content len: 28
2024-10-12 03:48:41,934 - 0855 - INFO - Telegram profile loaded - path: C:\projects\tg_accs\12264550366\tdata
2024-10-12 03:48:41,941 - 2f05 - INFO - Telegram profile loaded - path: C:\projects\tg_accs\12264558635\tdata
2024-10-12 03:48:41,949 - e098 - INFO - Telegram profile loaded - path: C:\projects\tg_accs\18077006341\tdata
2024-10-12 03:48:41,955 - ceb3 - INFO - Telegram profile loaded - path: C:\projects\tg_accs\15874097035\tdata
2024-10-12 03:48:48,065 - e098 - INFO - Telegram profile connect success - path: C:\projects\tg_accs\18077006341\tdata, id: 7515509069, username: JeanneBlair2001, phone: 18077006341
2024-10-12 03:48:48,078 - ceb3 - INFO - Telegram profile connect success - path: C:\projects\tg_accs\15874097035\tdata, id: 6714712311, username: guapepep, phone: 15874097035
2024-10-12 03:48:48,243 - 0855 - INFO - Telegram profile connect success - path: C:\projects\tg_accs\12264550366\tdata, id: 7596997432, username: TamaraKanahele2022, phone: 12264550366
2024-10-12 03:48:48,586 - 2f05 - INFO - Telegram profile connect success - path: C:\projects\tg_accs\12264558635\tdata, id: 7703582587, username: DeborahLamboy2009, phone: 12264558635
2024-10-12 03:48:48,880 - 291e - DEBUG - Start GET entry URL
2024-10-12 03:48:48,927 - e501 - DEBUG - Start GET entry URL
2024-10-12 03:48:49,127 - 3bbe - DEBUG - Start GET entry URL
2024-10-12 03:48:49,536 - affc - DEBUG - Start GET entry URL
2024-10-12 03:48:59,291 - affc - INFO - Finish GET entry URL GET, status: 200, content len: 6121
2024-10-12 03:48:59,291 - affc - DEBUG - Start GET account status
2024-10-12 03:49:00,708 - 291e - INFO - Finish GET entry URL GET, status: 200, content len: 6121
2024-10-12 03:49:00,708 - 291e - DEBUG - Start GET account status
2024-10-12 03:49:00,875 - 3bbe - INFO - Finish GET entry URL GET, status: 200, content len: 6121
2024-10-12 03:49:00,876 - 3bbe - DEBUG - Start GET account status
2024-10-12 03:49:03,066 - e501 - INFO - Finish GET entry URL GET, status: 200, content len: 6121
2024-10-12 03:49:03,066 - e501 - DEBUG - Start GET account status
2024-10-12 03:49:08,758 - affc - INFO - Finish GET account state, status: 200, content: b'{"coins":0.0009333333333333332,"speedPerSecond":0.0000385,"fromStart":1874,"fromUpdate":0,"maxMiningTime":28800,"claimed":0,"boosts":{"energyLimit":2,"paintReward":2,"reChargeSpeed":2},"repaintsTotal":33,"userBalance":40.16831666666667,"activated":true,"league":"silver","charges":3,"maxCharges":6,"reChargeTimer":160989,"reChargeSpeed":570000,"goods":{},"tasks":{}}\n' content len: 367
2024-10-12 03:49:08,758 - affc - DEBUG - Start CLAIM
2024-10-12 03:49:10,455 - 3bbe - INFO - Finish GET account state, status: 200, content: b'{"coins":0.0009333333333333333,"speedPerSecond":0.00004783333333333333,"fromStart":1877,"fromUpdate":0,"maxMiningTime":28800,"claimed":0,"boosts":{"energyLimit":2,"paintReward":2,"reChargeSpeed":2},"repaintsTotal":41,"userBalance":53.32642349999995,"activated":true,"league":"silver","charges":3,"maxCharges":6,"reChargeTimer":158270,"reChargeSpeed":570000,"goods":{},"tasks":{}}\n' content len: 380
2024-10-12 03:49:10,458 - 3bbe - DEBUG - Start CLAIM
2024-10-12 03:49:12,430 - 291e - INFO - Finish GET account state, status: 200, content: b'{"coins":0.000385,"speedPerSecond":0.000018666666666666665,"fromStart":1878,"fromUpdate":0,"maxMiningTime":28800,"claimed":0,"boosts":{"energyLimit":2,"paintReward":2,"reChargeSpeed":2},"repaintsTotal":16,"userBalance":12.007950333333332,"activated":true,"league":"silver","charges":9,"maxCharges":12,"reChargeTimer":165330,"reChargeSpeed":570000,"goods":{},"tasks":{}}\n' content len: 370
2024-10-12 03:49:12,430 - 291e - DEBUG - Start CLAIM
2024-10-12 03:49:13,474 - e501 - INFO - Finish GET account state, status: 200, content: b'{"coins":0,"speedPerSecond":0.000023333333333333332,"fromStart":1849,"fromUpdate":0,"maxMiningTime":28800,"claimed":0,"boosts":{"energyLimit":2,"paintReward":2,"reChargeSpeed":2},"repaintsTotal":22,"userBalance":21.289216166666666,"activated":true,"league":"silver","charges":3,"maxCharges":6,"reChargeTimer":154805,"reChargeSpeed":570000,"goods":{},"tasks":{}}\n' content len: 362
2024-10-12 03:49:13,474 - e501 - DEBUG - Start CLAIM
2024-10-12 03:49:20,708 - affc - INFO - Finish CLAIM, status: 200, content: b'{"coins":0,"speedPerSecond":0.0000385,"fromStart":0,"fromUpdate":0,"maxMiningTime":28800,"claimed":0.0724955,"boosts":{"energyLimit":2,"paintReward":2,"reChargeSpeed":2},"repaintsTotal":0,"userBalance":0,"activated":true,"league":"silver","charges":0,"maxCharges":0,"reChargeTimer":0,"reChargeSpeed":0,"goods":null,"tasks":{}}\n' content len: 327
2024-10-12 03:49:20,710 - affc - DEBUG - Start PAINT PIXEL 229:228
2024-10-12 03:49:22,176 - 3bbe - INFO - Finish CLAIM, status: 200, content: b'{"coins":0,"speedPerSecond":0.00004783333333333333,"fromStart":0,"fromUpdate":0,"maxMiningTime":28800,"claimed":0.0902615,"boosts":{"energyLimit":2,"paintReward":2,"reChargeSpeed":2},"repaintsTotal":0,"userBalance":0,"activated":true,"league":"silver","charges":0,"maxCharges":0,"reChargeTimer":0,"reChargeSpeed":0,"goods":null,"tasks":{}}\n' content len: 340
2024-10-12 03:49:22,176 - 3bbe - DEBUG - Start PAINT PIXEL 228:229
2024-10-12 03:49:23,412 - 291e - INFO - Finish CLAIM, status: 200, content: b'{"coins":0,"speedPerSecond":0.000018666666666666665,"fromStart":0,"fromUpdate":0,"maxMiningTime":28800,"claimed":0.03526133333333333,"boosts":{"energyLimit":2,"paintReward":2,"reChargeSpeed":2},"repaintsTotal":0,"userBalance":0,"activated":true,"league":"silver","charges":0,"maxCharges":0,"reChargeTimer":0,"reChargeSpeed":0,"goods":null,"tasks":{}}\n' content len: 351
2024-10-12 03:49:23,412 - 291e - DEBUG - Start PAINT PIXEL 229:230
2024-10-12 03:49:25,348 - e501 - INFO - Finish CLAIM, status: 200, content: b'{"coins":0,"speedPerSecond":0.000025666666666666666,"fromStart":0,"fromUpdate":0,"maxMiningTime":28800,"claimed":0.0434,"boosts":{"energyLimit":2,"paintReward":2,"reChargeSpeed":2},"repaintsTotal":0,"userBalance":0,"activated":true,"league":"silver","charges":0,"maxCharges":0,"reChargeTimer":0,"reChargeSpeed":0,"goods":null,"tasks":{}}\n' content len: 338
2024-10-12 03:49:25,348 - e501 - DEBUG - Start PAINT PIXEL 230:229
2024-10-12 03:49:31,912 - affc - INFO - Finish PAINT PIXEL 229:228 to #000000, status: 200, content: b'{"balance":41.240812166667}\n' content len: 28
2024-10-12 03:49:31,912 - affc - DEBUG - Start PAINT PIXEL 229:229
2024-10-12 03:49:32,611 - 291e - INFO - Finish PAINT PIXEL 229:230 to #FFFFFF, status: 200, content: b'{"balance":13.043211666667}\n' content len: 28
2024-10-12 03:49:32,611 - 291e - DEBUG - Start PAINT PIXEL 230:228
2024-10-12 03:49:32,704 - 3bbe - INFO - Finish PAINT PIXEL 228:229 to #FFFFFF, status: 200, content: b'{"balance":54.416685}\n' content len: 22
2024-10-12 03:49:32,706 - 3bbe - DEBUG - Start PAINT PIXEL 228:230
2024-10-12 03:49:34,427 - e501 - INFO - Finish PAINT PIXEL 230:229 to #FFFFFF, status: 200, content: b'{"balance":22.332616166667}\n' content len: 28
2024-10-12 03:49:34,427 - e501 - DEBUG - Start PAINT PIXEL 230:230
2024-10-12 03:49:41,490 - affc - INFO - Finish PAINT PIXEL 229:229 to #000000, status: 200, content: b'{"balance":42.240812166667}\n' content len: 28
2024-10-12 03:49:42,822 - 3bbe - INFO - Finish PAINT PIXEL 228:230 to #000000, status: 200, content: b'{"balance":55.416685}\n' content len: 22
2024-10-12 03:49:43,410 - 291e - INFO - Finish PAINT PIXEL 230:228 to #FFFFFF, status: 200, content: b'{"balance":14.043211666667}\n' content len: 28
2024-10-12 03:49:45,567 - e501 - INFO - Finish PAINT PIXEL 230:230 to #FFFFFF, status: 200, content: b'{"balance":23.332616166667}\n' content len: 28
2024-10-12 03:49:45,849 - f517 - INFO - Telegram profile loaded - path: C:\projects\tg_accs\12264558635\tdata
2024-10-12 03:49:45,849 - a3a8 - INFO - Telegram profile loaded - path: C:\projects\tg_accs\18077006341\tdata
2024-10-12 03:49:45,865 - 096f - INFO - Telegram profile loaded - path: C:\projects\tg_accs\12264550366\tdata
2024-10-12 03:49:45,873 - 27a8 - INFO - Telegram profile loaded - path: C:\projects\tg_accs\15874097035\tdata
2024-10-12 03:49:50,865 - 27a8 - INFO - Telegram profile connect success - path: C:\projects\tg_accs\15874097035\tdata, id: 6714712311, username: guapepep, phone: 15874097035
2024-10-12 03:49:51,032 - 096f - INFO - Telegram profile connect success - path: C:\projects\tg_accs\12264550366\tdata, id: 7596997432, username: TamaraKanahele2022, phone: 12264550366
2024-10-12 03:49:51,034 - a3a8 - INFO - Telegram profile connect success - path: C:\projects\tg_accs\18077006341\tdata, id: 7515509069, username: JeanneBlair2001, phone: 18077006341
2024-10-12 03:49:51,649 - 470d - DEBUG - Start GET entry URL
2024-10-12 03:49:51,827 - a52f - DEBUG - Start GET entry URL
2024-10-12 03:49:51,840 - 4caa - DEBUG - Start GET entry URL
2024-10-12 03:49:52,115 - f517 - INFO - Telegram profile connect success - path: C:\projects\tg_accs\12264558635\tdata, id: 7703582587, username: DeborahLamboy2009, phone: 12264558635
2024-10-12 03:49:53,083 - 00cd - DEBUG - Start GET entry URL
2024-10-12 03:50:01,309 - a52f - INFO - Finish GET entry URL GET, status: 200, content len: 6121
2024-10-12 03:50:01,309 - a52f - DEBUG - Start GET account status
2024-10-12 03:50:02,490 - 470d - INFO - Finish GET entry URL GET, status: 200, content len: 6121
2024-10-12 03:50:02,490 - 470d - DEBUG - Start GET account status
2024-10-12 03:50:03,116 - 4caa - INFO - Finish GET entry URL GET, status: 200, content len: 6121
2024-10-12 03:50:03,116 - 4caa - DEBUG - Start GET account status
2024-10-12 03:50:04,336 - 00cd - INFO - Finish GET entry URL GET, status: 200, content len: 6121
2024-10-12 03:50:04,336 - 00cd - DEBUG - Start GET account status
2024-10-12 03:50:11,239 - a52f - INFO - Finish GET account state, status: 200, content: b'{"coins":0.001078,"speedPerSecond":0.00005016666666666666,"fromStart":50,"fromUpdate":0,"maxMiningTime":28800,"claimed":0,"boosts":{"energyLimit":2,"paintReward":2,"reChargeSpeed":2},"repaintsTotal":43,"userBalance":55.416684999999944,"activated":true,"league":"silver","charges":1,"maxCharges":6,"reChargeTimer":97924,"reChargeSpeed":570000,"goods":{},"tasks":{}}\n' content len: 365
2024-10-12 03:50:11,239 - a52f - DEBUG - Start CLAIM
2024-10-12 03:50:13,440 - 470d - INFO - Finish GET account state, status: 200, content: b'{"coins":0.0005366666666666666,"speedPerSecond":0.000028,"fromStart":48,"fromUpdate":0,"maxMiningTime":28800,"claimed":0,"boosts":{"energyLimit":2,"paintReward":2,"reChargeSpeed":2},"repaintsTotal":24,"userBalance":23.332616166666664,"activated":true,"league":"silver","charges":1,"maxCharges":6,"reChargeTimer":95504,"reChargeSpeed":570000,"goods":{},"tasks":{}}\n' content len: 364
2024-10-12 03:50:13,440 - 470d - DEBUG - Start CLAIM
2024-10-12 03:50:13,493 - 4caa - INFO - Finish GET account state, status: 200, content: b'{"coins":0.00039666666666666664,"speedPerSecond":0.000021,"fromStart":50,"fromUpdate":0,"maxMiningTime":28800,"claimed":0,"boosts":{"energyLimit":2,"paintReward":2,"reChargeSpeed":2},"repaintsTotal":18,"userBalance":14.043211666666664,"activated":true,"league":"silver","charges":7,"maxCharges":12,"reChargeTimer":102942,"reChargeSpeed":570000,"goods":{},"tasks":{}}\n' content len: 367
2024-10-12 03:50:13,496 - 4caa - DEBUG - Start CLAIM
2024-10-12 03:50:15,162 - a033 - ERROR - Bad HTTP status:
	Url: https://notpx.app/api/v1/mining/claim
	Proxy: socks5://07196708-zone-custom-region-CA-city-toronto-sessid-OC4jAJ4O-sessTime-120:6pGOVG0G@f.proxys5.net:6200	Status: 500
2024-10-12 03:50:15,162 - e9c5 - ERROR - Failed HTTP request:
	Url: https://notpx.app/api/v1/mining/claim
	Proxy: socks5://07196708-zone-custom-region-CA-city-toronto-sessid-OC4jAJ4O-sessTime-120:6pGOVG0G@f.proxys5.net:6200	Papa Exception -  type: <class 'exceptions.BadStatus'>, message: Bad HTTP status:
	Url: https://notpx.app/api/v1/mining/claim
	Proxy: socks5://07196708-zone-custom-region-CA-city-toronto-sessid-OC4jAJ4O-sessTime-120:6pGOVG0G@f.proxys5.net:6200	Status: 500
2024-10-12 03:50:15,709 - 00cd - INFO - Finish GET account state, status: 200, content: b'{"coins":0.0008726666666666666,"speedPerSecond":0.000040833333333333334,"fromStart":55,"fromUpdate":0,"maxMiningTime":28800,"claimed":0,"boosts":{"energyLimit":2,"paintReward":2,"reChargeSpeed":2},"repaintsTotal":35,"userBalance":42.24081216666667,"activated":true,"league":"silver","charges":1,"maxCharges":6,"reChargeTimer":96036,"reChargeSpeed":570000,"goods":{},"tasks":{}}\n' content len: 378
2024-10-12 03:50:15,710 - 00cd - DEBUG - Start CLAIM
2024-10-12 03:50:23,024 - a52f - INFO - Finish CLAIM, status: 200, content: b'{"coins":0,"speedPerSecond":0.00005016666666666666,"fromStart":0,"fromUpdate":0,"maxMiningTime":28800,"claimed":0.0030099999999999997,"boosts":{"energyLimit":2,"paintReward":2,"reChargeSpeed":2},"repaintsTotal":0,"userBalance":0,"activated":true,"league":"silver","charges":0,"maxCharges":0,"reChargeTimer":0,"reChargeSpeed":0,"goods":null,"tasks":{}}\n' content len: 352
2024-10-12 03:50:23,024 - a52f - DEBUG - Start PAINT PIXEL 232:228
2024-10-12 03:50:23,757 - 4caa - INFO - Finish CLAIM, status: 200, content: b'{"coins":0,"speedPerSecond":0.000021,"fromStart":0,"fromUpdate":0,"maxMiningTime":28800,"claimed":0.0012599999999999998,"boosts":{"energyLimit":2,"paintReward":2,"reChargeSpeed":2},"repaintsTotal":0,"userBalance":0,"activated":true,"league":"silver","charges":0,"maxCharges":0,"reChargeTimer":0,"reChargeSpeed":0,"goods":null,"tasks":{}}\n' content len: 338
2024-10-12 03:50:23,757 - 4caa - DEBUG - Start PAINT PIXEL 231:229
2024-10-12 03:50:25,913 - 00cd - INFO - Finish CLAIM, status: 200, content: b'{"coins":0,"speedPerSecond":0.000040833333333333334,"fromStart":0,"fromUpdate":0,"maxMiningTime":28800,"claimed":0.002695,"boosts":{"energyLimit":2,"paintReward":2,"reChargeSpeed":2},"repaintsTotal":0,"userBalance":0,"activated":true,"league":"silver","charges":0,"maxCharges":0,"reChargeTimer":0,"reChargeSpeed":0,"goods":null,"tasks":{}}\n' content len: 340
2024-10-12 03:50:25,913 - 00cd - DEBUG - Start PAINT PIXEL 230:231
2024-10-12 03:50:33,301 - a52f - INFO - Finish PAINT PIXEL 232:228 to #000000, status: 200, content: b'{"balance":56.419695}\n' content len: 22
2024-10-12 03:50:34,524 - 4caa - INFO - Finish PAINT PIXEL 231:229 to #FFFFFF, status: 200, content: b'{"balance":15.044471666667}\n' content len: 28
2024-10-12 03:50:34,525 - 4caa - DEBUG - Start PAINT PIXEL 231:231
2024-10-12 03:50:36,262 - 00cd - INFO - Finish PAINT PIXEL 230:231 to #FFFFFF, status: 200, content: b'{"balance":43.243507166667}\n' content len: 28
2024-10-12 03:50:46,395 - 4caa - INFO - Finish PAINT PIXEL 231:231 to #000000, status: 200, content: b'{"balance":16.044471666667}\n' content len: 28
2024-10-12 03:50:46,592 - 735f - INFO - Telegram profile loaded - path: C:\projects\tg_accs\12264558635\tdata
2024-10-12 03:50:46,602 - a987 - INFO - Telegram profile loaded - path: C:\projects\tg_accs\15874097035\tdata
2024-10-12 03:50:46,609 - 12d0 - INFO - Telegram profile loaded - path: C:\projects\tg_accs\12264550366\tdata
2024-10-12 03:50:46,630 - 87ae - INFO - Telegram profile loaded - path: C:\projects\tg_accs\18077006341\tdata
2024-10-12 03:51:08,884 - 735f - ERROR - Failed to convert TDATA to Telethon session:
	Path: C:\projects\tg_accs\12264558635\tdata
	Papa Exception -  type: <class 'asyncio.exceptions.CancelledError'>, message: 
2024-10-12 03:51:08,884 - 12d0 - ERROR - Failed to convert TDATA to Telethon session:
	Path: C:\projects\tg_accs\12264550366\tdata
	Papa Exception -  type: <class 'asyncio.exceptions.CancelledError'>, message: 
2024-10-12 03:51:08,884 - a987 - ERROR - Failed to convert TDATA to Telethon session:
	Path: C:\projects\tg_accs\15874097035\tdata
	Papa Exception -  type: <class 'asyncio.exceptions.CancelledError'>, message: 
2024-10-12 03:51:08,884 - 87ae - ERROR - Failed to convert TDATA to Telethon session:
	Path: C:\projects\tg_accs\18077006341\tdata
	Papa Exception -  type: <class 'asyncio.exceptions.CancelledError'>, message: 
2024-10-12 03:51:09,174 - 6e15 - INFO - Telegram profile loaded - path: C:\projects\tg_accs\18077006341\tdata
2024-10-12 03:51:09,180 - f9c9 - INFO - Telegram profile loaded - path: C:\projects\tg_accs\12264550366\tdata
2024-10-12 03:51:09,186 - 5878 - INFO - Telegram profile loaded - path: C:\projects\tg_accs\15874097035\tdata
2024-10-12 03:51:09,192 - 7d2d - INFO - Telegram profile loaded - path: C:\projects\tg_accs\12264558635\tdata
2024-10-12 03:51:14,276 - 5878 - INFO - Telegram profile connect success - path: C:\projects\tg_accs\15874097035\tdata, id: 6714712311, username: guapepep, phone: 15874097035
2024-10-12 03:51:14,466 - f9c9 - INFO - Telegram profile connect success - path: C:\projects\tg_accs\12264550366\tdata, id: 7596997432, username: TamaraKanahele2022, phone: 12264550366
2024-10-12 03:51:14,506 - 6e15 - INFO - Telegram profile connect success - path: C:\projects\tg_accs\18077006341\tdata, id: 7515509069, username: JeanneBlair2001, phone: 18077006341
2024-10-12 03:51:15,067 - 195f - DEBUG - Start GET entry URL
2024-10-12 03:51:15,268 - 982d - DEBUG - Start GET entry URL
2024-10-12 03:51:15,312 - f8b9 - DEBUG - Start GET entry URL
2024-10-12 03:51:16,262 - 7d2d - INFO - Telegram profile connect success - path: C:\projects\tg_accs\12264558635\tdata, id: 7703582587, username: DeborahLamboy2009, phone: 12264558635
2024-10-12 03:51:17,251 - 81bb - DEBUG - Start GET entry URL
2024-10-12 03:51:24,805 - 195f - INFO - Finish GET entry URL GET, status: 200, content len: 6121
2024-10-12 03:51:24,805 - 195f - DEBUG - Start GET account status
2024-10-12 03:51:26,015 - f8b9 - INFO - Finish GET entry URL GET, status: 200, content len: 6121
2024-10-12 03:51:26,015 - f8b9 - DEBUG - Start GET account status
2024-10-12 03:51:27,399 - 81bb - INFO - Finish GET entry URL GET, status: 200, content len: 6121
2024-10-12 03:51:27,399 - 81bb - DEBUG - Start GET account status
2024-10-12 03:51:27,785 - 982d - INFO - Finish GET entry URL GET, status: 200, content len: 6121
2024-10-12 03:51:27,785 - 982d - DEBUG - Start GET account status
2024-10-12 03:51:34,915 - 195f - INFO - Finish GET account state, status: 200, content: b'{"coins":0.0005366666666666666,"speedPerSecond":0.000028,"fromStart":131,"fromUpdate":0,"maxMiningTime":28800,"claimed":0,"boosts":{"energyLimit":2,"paintReward":2,"reChargeSpeed":2},"repaintsTotal":24,"userBalance":23.332616166666664,"activated":true,"league":"silver","charges":1,"maxCharges":6,"reChargeTimer":13282,"reChargeSpeed":570000,"goods":{},"tasks":{}}\n' content len: 365
2024-10-12 03:51:34,915 - 195f - DEBUG - Start CLAIM
2024-10-12 03:51:37,426 - 81bb - INFO - Finish GET account state, status: 200, content: b'{"coins":0.00040833333333333336,"speedPerSecond":0.000042,"fromStart":72,"fromUpdate":0,"maxMiningTime":28800,"claimed":0,"boosts":{"energyLimit":2,"paintReward":2,"reChargeSpeed":2},"repaintsTotal":36,"userBalance":43.243507166666674,"activated":true,"league":"silver","charges":0,"maxCharges":6,"reChargeTimer":12959,"reChargeSpeed":570000,"goods":{},"tasks":{}}\n' content len: 365
2024-10-12 03:51:37,426 - 81bb - DEBUG - Start CLAIM
2024-10-12 03:51:38,555 - f8b9 - INFO - Finish GET account state, status: 200, content: b'{"coins":0.00048766666666666663,"speedPerSecond":0.000023333333333333332,"fromStart":74,"fromUpdate":0,"maxMiningTime":28800,"claimed":0,"boosts":{"energyLimit":2,"paintReward":2,"reChargeSpeed":2},"repaintsTotal":20,"userBalance":16.044471666666666,"activated":true,"league":"silver","charges":5,"maxCharges":12,"reChargeTimer":19058,"reChargeSpeed":570000,"goods":{},"tasks":{}}\n' content len: 381
2024-10-12 03:51:38,555 - f8b9 - DEBUG - Start CLAIM
2024-10-12 03:51:39,551 - 982d - INFO - Finish GET account state, status: 200, content: b'{"coins":0.0006019999999999999,"speedPerSecond":0.00005133333333333333,"fromStart":77,"fromUpdate":0,"maxMiningTime":28800,"claimed":0,"boosts":{"energyLimit":2,"paintReward":2,"reChargeSpeed":2},"repaintsTotal":44,"userBalance":56.41969499999995,"activated":true,"league":"silver","charges":0,"maxCharges":6,"reChargeTimer":11488,"reChargeSpeed":570000,"goods":{},"tasks":{}}\n' content len: 377
2024-10-12 03:51:39,551 - 982d - DEBUG - Start CLAIM
2024-10-12 03:51:46,380 - 195f - INFO - Finish CLAIM, status: 200, content: b'{"coins":0,"speedPerSecond":0.000028,"fromStart":0,"fromUpdate":0,"maxMiningTime":28800,"claimed":0.003948,"boosts":{"energyLimit":2,"paintReward":2,"reChargeSpeed":2},"repaintsTotal":0,"userBalance":0,"activated":true,"league":"silver","charges":0,"maxCharges":0,"reChargeTimer":0,"reChargeSpeed":0,"goods":null,"tasks":{}}\n' content len: 325
2024-10-12 03:51:46,380 - 195f - DEBUG - Start PAINT PIXEL 232:230
2024-10-12 03:51:49,726 - 81bb - INFO - Finish CLAIM, status: 200, content: b'{"coins":0,"speedPerSecond":0.000042,"fromStart":0,"fromUpdate":0,"maxMiningTime":28800,"claimed":0.003444,"boosts":{"energyLimit":2,"paintReward":2,"reChargeSpeed":2},"repaintsTotal":0,"userBalance":0,"activated":true,"league":"silver","charges":0,"maxCharges":0,"reChargeTimer":0,"reChargeSpeed":0,"goods":null,"tasks":{}}\n' content len: 325
2024-10-12 03:51:50,083 - f8b9 - INFO - Finish CLAIM, status: 200, content: b'{"coins":0,"speedPerSecond":0.000023333333333333332,"fromStart":0,"fromUpdate":0,"maxMiningTime":28800,"claimed":0.0020066666666666666,"boosts":{"energyLimit":2,"paintReward":2,"reChargeSpeed":2},"repaintsTotal":0,"userBalance":0,"activated":true,"league":"silver","charges":0,"maxCharges":0,"reChargeTimer":0,"reChargeSpeed":0,"goods":null,"tasks":{}}\n' content len: 353
2024-10-12 03:51:50,085 - f8b9 - DEBUG - Start PAINT PIXEL 228:231
2024-10-12 03:51:50,986 - 982d - INFO - Finish CLAIM, status: 200, content: b'{"coins":0,"speedPerSecond":0.00005133333333333333,"fromStart":0,"fromUpdate":0,"maxMiningTime":28800,"claimed":0.004568666666666666,"boosts":{"energyLimit":2,"paintReward":2,"reChargeSpeed":2},"repaintsTotal":0,"userBalance":0,"activated":true,"league":"silver","charges":0,"maxCharges":0,"reChargeTimer":0,"reChargeSpeed":0,"goods":null,"tasks":{}}\n' content len: 351
2024-10-12 03:51:56,958 - 195f - INFO - Finish PAINT PIXEL 232:230 to #FFFFFF, status: 200, content: b'{"balance":24.336564166667}\n' content len: 28
2024-10-12 03:52:01,290 - f8b9 - INFO - Finish PAINT PIXEL 228:231 to #000000, status: 200, content: b'{"balance":17.046478333333}\n' content len: 28
2024-10-12 03:52:01,290 - f8b9 - DEBUG - Start PAINT PIXEL 229:229
2024-10-12 03:52:30,959 - f8b9 - INFO - Finish PAINT PIXEL 229:229 to #000000, status: 200, content: b'{"balance":18.046478333333}\n' content len: 28
2024-10-12 03:52:31,225 - c067 - INFO - Telegram profile loaded - path: C:\projects\tg_accs\12264550366\tdata
2024-10-12 03:52:31,233 - 5024 - INFO - Telegram profile loaded - path: C:\projects\tg_accs\18077006341\tdata
2024-10-12 03:52:31,238 - 569b - INFO - Telegram profile loaded - path: C:\projects\tg_accs\15874097035\tdata
2024-10-12 03:52:31,245 - b645 - INFO - Telegram profile loaded - path: C:\projects\tg_accs\12264558635\tdata
2024-10-12 03:52:36,180 - 5024 - INFO - Telegram profile connect success - path: C:\projects\tg_accs\18077006341\tdata, id: 7515509069, username: JeanneBlair2001, phone: 18077006341
2024-10-12 03:52:36,235 - 569b - INFO - Telegram profile connect success - path: C:\projects\tg_accs\15874097035\tdata, id: 6714712311, username: guapepep, phone: 15874097035
2024-10-12 03:52:36,426 - c067 - INFO - Telegram profile connect success - path: C:\projects\tg_accs\12264550366\tdata, id: 7596997432, username: TamaraKanahele2022, phone: 12264550366
2024-10-12 03:52:36,971 - 388d - DEBUG - Start GET entry URL
2024-10-12 03:52:37,023 - 1400 - DEBUG - Start GET entry URL
2024-10-12 03:52:37,219 - c678 - DEBUG - Start GET entry URL
2024-10-12 03:52:37,521 - b645 - INFO - Telegram profile connect success - path: C:\projects\tg_accs\12264558635\tdata, id: 7703582587, username: DeborahLamboy2009, phone: 12264558635
2024-10-12 03:52:38,534 - 96cf - DEBUG - Start GET entry URL
2024-10-12 03:52:46,334 - 1400 - INFO - Finish GET entry URL GET, status: 200, content len: 6121
2024-10-12 03:52:46,334 - 1400 - DEBUG - Start GET account status
2024-10-12 03:52:48,317 - 388d - INFO - Finish GET entry URL GET, status: 200, content len: 6121
2024-10-12 03:52:48,317 - 388d - DEBUG - Start GET account status
2024-10-12 03:52:48,460 - 96cf - INFO - Finish GET entry URL GET, status: 200, content len: 6121
2024-10-12 03:52:48,461 - 96cf - DEBUG - Start GET account status
2024-10-12 03:52:48,690 - c678 - INFO - Finish GET entry URL GET, status: 200, content len: 6121
2024-10-12 03:52:48,690 - c678 - DEBUG - Start GET account status
2024-10-12 03:52:57,475 - 1400 - INFO - Finish GET account state, status: 200, content: b'{"coins":0.000308,"speedPerSecond":0.000029166666666666666,"fromStart":71,"fromUpdate":0,"maxMiningTime":28800,"claimed":0,"boosts":{"energyLimit":2,"paintReward":2,"reChargeSpeed":2},"repaintsTotal":25,"userBalance":24.336564166666665,"activated":true,"league":"silver","charges":1,"maxCharges":6,"reChargeTimer":501594,"reChargeSpeed":570000,"goods":{},"tasks":{}}\n' content len: 367
2024-10-12 03:52:57,475 - 1400 - DEBUG - Start CLAIM
2024-10-12 03:52:58,741 - 96cf - INFO - Finish GET account state, status: 200, content: b'{"coins":0,"speedPerSecond":0.000042,"fromStart":71,"fromUpdate":0,"maxMiningTime":28800,"claimed":0,"boosts":{"energyLimit":2,"paintReward":2,"reChargeSpeed":2},"repaintsTotal":36,"userBalance":43.246951166666676,"activated":true,"league":"silver","charges":1,"maxCharges":6,"reChargeTimer":502021,"reChargeSpeed":570000,"goods":{},"tasks":{}}\n' content len: 345
2024-10-12 03:52:58,741 - 96cf - DEBUG - Start CLAIM
2024-10-12 03:52:59,213 - c678 - INFO - Finish GET account state, status: 200, content: b'{"coins":0,"speedPerSecond":0.00005133333333333333,"fromStart":69,"fromUpdate":0,"maxMiningTime":28800,"claimed":0,"boosts":{"energyLimit":2,"paintReward":2,"reChargeSpeed":2},"repaintsTotal":44,"userBalance":56.42426366666661,"activated":true,"league":"silver","charges":1,"maxCharges":6,"reChargeTimer":500319,"reChargeSpeed":570000,"goods":{},"tasks":{}}\n' content len: 358
2024-10-12 03:52:59,213 - c678 - DEBUG - Start CLAIM
2024-10-12 03:52:59,348 - 388d - INFO - Finish GET account state, status: 200, content: b'{"coins":0.000539,"speedPerSecond":0.000025666666666666666,"fromStart":69,"fromUpdate":0,"maxMiningTime":28800,"claimed":0,"boosts":{"energyLimit":2,"paintReward":2,"reChargeSpeed":2},"repaintsTotal":22,"userBalance":18.046478333333333,"activated":true,"league":"silver","charges":4,"maxCharges":12,"reChargeTimer":507798,"reChargeSpeed":570000,"goods":{},"tasks":{}}\n' content len: 368
2024-10-12 03:52:59,350 - 388d - DEBUG - Start CLAIM
2024-10-12 03:53:08,739 - 1400 - INFO - Finish CLAIM, status: 200, content: b'{"coins":0,"speedPerSecond":0.000029166666666666666,"fromStart":0,"fromUpdate":0,"maxMiningTime":28800,"claimed":0.0024208333333333334,"boosts":{"energyLimit":2,"paintReward":2,"reChargeSpeed":2},"repaintsTotal":0,"userBalance":0,"activated":true,"league":"silver","charges":0,"maxCharges":0,"reChargeTimer":0,"reChargeSpeed":0,"goods":null,"tasks":{}}\n' content len: 353
2024-10-12 03:53:08,739 - 1400 - DEBUG - Start PAINT PIXEL 234:230
2024-10-12 03:53:10,192 - 96cf - INFO - Finish CLAIM, status: 200, content: b'{"coins":0,"speedPerSecond":0.000042,"fromStart":0,"fromUpdate":0,"maxMiningTime":28800,"claimed":0.003444,"boosts":{"energyLimit":2,"paintReward":2,"reChargeSpeed":2},"repaintsTotal":0,"userBalance":0,"activated":true,"league":"silver","charges":0,"maxCharges":0,"reChargeTimer":0,"reChargeSpeed":0,"goods":null,"tasks":{}}\n' content len: 325
2024-10-12 03:53:10,192 - 96cf - DEBUG - Start PAINT PIXEL 235:228
2024-10-12 03:53:10,240 - c678 - INFO - Finish CLAIM, status: 200, content: b'{"coins":0,"speedPerSecond":0.00005133333333333333,"fromStart":0,"fromUpdate":0,"maxMiningTime":28800,"claimed":0.0040553333333333335,"boosts":{"energyLimit":2,"paintReward":2,"reChargeSpeed":2},"repaintsTotal":0,"userBalance":0,"activated":true,"league":"silver","charges":0,"maxCharges":0,"reChargeTimer":0,"reChargeSpeed":0,"goods":null,"tasks":{}}\n' content len: 352
2024-10-12 03:53:10,241 - c678 - DEBUG - Start PAINT PIXEL 231:228
2024-10-12 03:53:10,914 - 388d - INFO - Finish CLAIM, status: 200, content: b'{"coins":0,"speedPerSecond":0.000025666666666666666,"fromStart":0,"fromUpdate":0,"maxMiningTime":28800,"claimed":0.0020533333333333332,"boosts":{"energyLimit":2,"paintReward":2,"reChargeSpeed":2},"repaintsTotal":0,"userBalance":0,"activated":true,"league":"silver","charges":0,"maxCharges":0,"reChargeTimer":0,"reChargeSpeed":0,"goods":null,"tasks":{}}\n' content len: 353
2024-10-12 03:53:10,914 - 388d - DEBUG - Start PAINT PIXEL 233:228
2024-10-12 03:53:20,502 - 1400 - INFO - Finish PAINT PIXEL 234:230 to #464646, status: 200, content: b'{"balance":25.338985}\n' content len: 22
2024-10-12 03:53:21,090 - 96cf - INFO - Finish PAINT PIXEL 235:228 to #000000, status: 200, content: b'{"balance":44.250395166667}\n' content len: 28
2024-10-12 03:53:22,522 - c678 - INFO - Finish PAINT PIXEL 231:228 to #000000, status: 200, content: b'{"balance":57.428319}\n' content len: 22
2024-10-12 03:53:22,749 - 388d - INFO - Finish PAINT PIXEL 233:228 to #FFFFFF, status: 200, content: b'{"balance":19.048531666667}\n' content len: 28
2024-10-12 03:53:22,750 - 388d - DEBUG - Start PAINT PIXEL 234:228
2024-10-12 03:53:53,596 - 388d - INFO - Finish PAINT PIXEL 234:228 to #000000, status: 200, content: b'{"balance":20.048531666667}\n' content len: 28
2024-10-12 03:53:55,106 - e380 - INFO - Telegram profile loaded - path: C:\projects\tg_accs\12264558635\tdata
2024-10-12 03:53:55,112 - 7a34 - INFO - Telegram profile loaded - path: C:\projects\tg_accs\18077006341\tdata
2024-10-12 03:54:00,125 - 7a34 - INFO - Telegram profile connect success - path: C:\projects\tg_accs\18077006341\tdata, id: 7515509069, username: JeanneBlair2001, phone: 18077006341
2024-10-12 03:54:00,941 - 782f - DEBUG - Start GET entry URL
2024-10-12 03:54:01,492 - e380 - INFO - Telegram profile connect success - path: C:\projects\tg_accs\12264558635\tdata, id: 7703582587, username: DeborahLamboy2009, phone: 12264558635
2024-10-12 03:54:02,461 - f760 - DEBUG - Start GET entry URL
2024-10-12 03:54:12,313 - 782f - INFO - Finish GET entry URL GET, status: 200, content len: 6121
2024-10-12 03:54:12,313 - 782f - DEBUG - Start GET account status
2024-10-12 03:54:13,037 - f760 - INFO - Finish GET entry URL GET, status: 200, content len: 6121
2024-10-12 03:54:13,037 - f760 - DEBUG - Start GET account status
2024-10-12 03:54:24,076 - 782f - INFO - Finish GET account state, status: 200, content: b'{"coins":0.0006439999999999999,"speedPerSecond":0.000028,"fromStart":73,"fromUpdate":0,"maxMiningTime":28800,"claimed":0,"boosts":{"energyLimit":2,"paintReward":2,"reChargeSpeed":2},"repaintsTotal":24,"userBalance":20.048531666666666,"activated":true,"league":"silver","charges":2,"maxCharges":12,"reChargeTimer":423792,"reChargeSpeed":570000,"goods":{},"tasks":{}}\n' content len: 366
2024-10-12 03:54:24,076 - 782f - DEBUG - Start CLAIM
2024-10-12 03:54:25,195 - f760 - INFO - Finish GET account state, status: 200, content: b'{"coins":0.00046199999999999995,"speedPerSecond":0.00004316666666666666,"fromStart":74,"fromUpdate":0,"maxMiningTime":28800,"claimed":0,"boosts":{"energyLimit":2,"paintReward":2,"reChargeSpeed":2},"repaintsTotal":37,"userBalance":44.25039516666668,"activated":true,"league":"silver","charges":0,"maxCharges":6,"reChargeTimer":417183,"reChargeSpeed":570000,"goods":{},"tasks":{}}\n' content len: 379
2024-10-12 03:54:25,195 - f760 - DEBUG - Start CLAIM
2024-10-12 03:54:34,695 - f760 - INFO - Finish CLAIM, status: 200, content: b'{"coins":0,"speedPerSecond":0.00004316666666666666,"fromStart":0,"fromUpdate":0,"maxMiningTime":28800,"claimed":0.0037123333333333327,"boosts":{"energyLimit":2,"paintReward":2,"reChargeSpeed":2},"repaintsTotal":0,"userBalance":0,"activated":true,"league":"silver","charges":0,"maxCharges":0,"reChargeTimer":0,"reChargeSpeed":0,"goods":null,"tasks":{}}\n' content len: 352
2024-10-12 03:54:36,055 - 782f - INFO - Finish CLAIM, status: 200, content: b'{"coins":0,"speedPerSecond":0.000028,"fromStart":0,"fromUpdate":0,"maxMiningTime":28800,"claimed":0.00238,"boosts":{"energyLimit":2,"paintReward":2,"reChargeSpeed":2},"repaintsTotal":0,"userBalance":0,"activated":true,"league":"silver","charges":0,"maxCharges":0,"reChargeTimer":0,"reChargeSpeed":0,"goods":null,"tasks":{}}\n' content len: 324
2024-10-12 03:54:36,057 - 782f - DEBUG - Start PAINT PIXEL 235:229
2024-10-12 03:54:47,236 - 782f - INFO - Finish PAINT PIXEL 235:229 to #464646, status: 200, content: b'{"balance":21.050911666667}\n' content len: 28
2024-10-12 03:54:47,236 - 782f - DEBUG - Start PAINT PIXEL 235:230
2024-10-12 03:55:04,900 - 782f - INFO - Finish PAINT PIXEL 235:230 to #464646, status: 200, content: b'{"balance":22.050911666667}\n' content len: 28
2024-10-12 03:55:05,191 - a447 - INFO - Telegram profile loaded - path: C:\projects\tg_accs\15874097035\tdata
2024-10-12 03:55:10,250 - a447 - INFO - Telegram profile connect success - path: C:\projects\tg_accs\15874097035\tdata, id: 6714712311, username: guapepep, phone: 15874097035
2024-10-12 03:55:11,052 - 0466 - DEBUG - Start GET entry URL
2024-10-12 03:55:20,401 - 0466 - INFO - Finish GET entry URL GET, status: 200, content len: 6121
2024-10-12 03:55:20,401 - 0466 - DEBUG - Start GET account status
2024-10-12 03:55:30,431 - 0466 - INFO - Finish GET account state, status: 200, content: b'{"coins":0.00032083333333333334,"speedPerSecond":0.00003033333333333333,"fromStart":142,"fromUpdate":0,"maxMiningTime":28800,"claimed":0,"boosts":{"energyLimit":2,"paintReward":2,"reChargeSpeed":2},"repaintsTotal":26,"userBalance":25.338984999999997,"activated":true,"league":"silver","charges":0,"maxCharges":6,"reChargeTimer":347771,"reChargeSpeed":570000,"goods":{},"tasks":{}}\n' content len: 381
2024-10-12 03:55:30,431 - 0466 - DEBUG - Start CLAIM
2024-10-12 03:55:39,805 - 0466 - INFO - Finish CLAIM, status: 200, content: b'{"coins":0,"speedPerSecond":0.00003033333333333333,"fromStart":0,"fromUpdate":0,"maxMiningTime":28800,"claimed":0.004610666666666666,"boosts":{"energyLimit":2,"paintReward":2,"reChargeSpeed":2},"repaintsTotal":0,"userBalance":0,"activated":true,"league":"silver","charges":0,"maxCharges":0,"reChargeTimer":0,"reChargeSpeed":0,"goods":null,"tasks":{}}\n' content len: 351
2024-10-12 03:55:40,005 - 820d - INFO - Telegram profile loaded - path: C:\projects\tg_accs\18077006341\tdata
2024-10-12 03:55:45,071 - 820d - INFO - Telegram profile connect success - path: C:\projects\tg_accs\18077006341\tdata, id: 7515509069, username: JeanneBlair2001, phone: 18077006341
2024-10-12 03:55:45,873 - e020 - DEBUG - Start GET entry URL
2024-10-12 03:55:57,569 - e020 - INFO - Finish GET entry URL GET, status: 200, content len: 6121
2024-10-12 03:55:57,569 - e020 - DEBUG - Start GET account status
2024-10-12 03:56:10,687 - e5e0 - ERROR - Timeout HTTP:
	Url: https://notpx.app/api/v1/mining/status
	Proxy: socks5://07196708-zone-custom-region-CA-city-toronto-sessid-ZWNbB988-sessTime-120:6pGOVG0G@f.proxys5.net:6200
2024-10-12 03:56:10,901 - 65bf - INFO - Telegram profile loaded - path: C:\projects\tg_accs\12264558635\tdata
2024-10-12 03:56:10,906 - a243 - INFO - Telegram profile loaded - path: C:\projects\tg_accs\18077006341\tdata
2024-10-12 03:56:18,851 - a243 - ERROR - Failed to convert TDATA to Telethon session:
	Path: C:\projects\tg_accs\18077006341\tdata
	Papa Exception -  type: <class 'sqlite3.OperationalError'>, message: database is locked
2024-10-12 03:56:20,913 - 65bf - ERROR - Failed to convert TDATA to Telethon session:
	Path: C:\projects\tg_accs\12264558635\tdata
	Papa Exception -  type: <class 'asyncio.exceptions.CancelledError'>, message: 
2024-10-12 03:56:21,155 - 3149 - INFO - Telegram profile loaded - path: C:\projects\tg_accs\12264550366\tdata
2024-10-12 03:56:21,162 - 1d1e - INFO - Telegram profile loaded - path: C:\projects\tg_accs\18077006341\tdata
2024-10-12 03:56:29,169 - 1d1e - ERROR - Failed to convert TDATA to Telethon session:
	Path: C:\projects\tg_accs\18077006341\tdata
	Papa Exception -  type: <class 'sqlite3.OperationalError'>, message: database is locked
2024-10-12 03:56:31,159 - 3149 - ERROR - Failed to convert TDATA to Telethon session:
	Path: C:\projects\tg_accs\12264550366\tdata
	Papa Exception -  type: <class 'asyncio.exceptions.CancelledError'>, message: 
2024-10-12 03:56:31,459 - 0c46 - INFO - Telegram profile loaded - path: C:\projects\tg_accs\12264558635\tdata
2024-10-12 03:56:31,480 - 759b - INFO - Telegram profile loaded - path: C:\projects\tg_accs\18077006341\tdata
2024-10-12 03:56:31,486 - 5751 - INFO - Telegram profile loaded - path: C:\projects\tg_accs\12264550366\tdata
2024-10-12 03:56:39,458 - 759b - ERROR - Failed to convert TDATA to Telethon session:
	Path: C:\projects\tg_accs\18077006341\tdata
	Papa Exception -  type: <class 'sqlite3.OperationalError'>, message: database is locked
2024-10-12 03:56:41,473 - 0c46 - ERROR - Failed to convert TDATA to Telethon session:
	Path: C:\projects\tg_accs\12264558635\tdata
	Papa Exception -  type: <class 'asyncio.exceptions.CancelledError'>, message: 
2024-10-12 03:56:41,473 - 5751 - ERROR - Failed to convert TDATA to Telethon session:
	Path: C:\projects\tg_accs\12264550366\tdata
	Papa Exception -  type: <class 'asyncio.exceptions.CancelledError'>, message: 
2024-10-12 03:56:41,727 - bdc8 - INFO - Telegram profile loaded - path: C:\projects\tg_accs\12264550366\tdata
2024-10-12 03:56:41,733 - d96f - INFO - Telegram profile loaded - path: C:\projects\tg_accs\15874097035\tdata
2024-10-12 03:56:41,749 - 6b90 - INFO - Telegram profile loaded - path: C:\projects\tg_accs\18077006341\tdata
2024-10-12 03:56:49,899 - bdc8 - ERROR - Failed to convert TDATA to Telethon session:
	Path: C:\projects\tg_accs\12264550366\tdata
	Papa Exception -  type: <class 'sqlite3.OperationalError'>, message: database is locked
2024-10-12 03:56:51,737 - d96f - ERROR - Failed to convert TDATA to Telethon session:
	Path: C:\projects\tg_accs\15874097035\tdata
	Papa Exception -  type: <class 'asyncio.exceptions.CancelledError'>, message: 
2024-10-12 03:56:51,766 - 6b90 - ERROR - Failed to convert TDATA to Telethon session:
	Path: C:\projects\tg_accs\18077006341\tdata
	Papa Exception -  type: <class 'asyncio.exceptions.CancelledError'>, message: 
2024-10-12 03:56:51,996 - eaba - INFO - Telegram profile loaded - path: C:\projects\tg_accs\18077006341\tdata
2024-10-12 03:56:52,001 - 7add - INFO - Telegram profile loaded - path: C:\projects\tg_accs\15874097035\tdata
2024-10-12 03:56:52,007 - 10d6 - INFO - Telegram profile loaded - path: C:\projects\tg_accs\12264558635\tdata
2024-10-12 03:57:00,049 - eaba - ERROR - Failed to convert TDATA to Telethon session:
	Path: C:\projects\tg_accs\18077006341\tdata
	Papa Exception -  type: <class 'sqlite3.OperationalError'>, message: database is locked
2024-10-12 03:57:05,690 - 10d6 - ERROR - Failed to convert TDATA to Telethon session:
	Path: C:\projects\tg_accs\12264558635\tdata
	Papa Exception -  type: <class 'asyncio.exceptions.CancelledError'>, message: 
2024-10-12 03:57:05,690 - 7add - ERROR - Failed to convert TDATA to Telethon session:
	Path: C:\projects\tg_accs\15874097035\tdata
	Papa Exception -  type: <class 'asyncio.exceptions.CancelledError'>, message: 
2024-10-12 03:57:05,912 - 0bca - INFO - Telegram profile loaded - path: C:\projects\tg_accs\12264550366\tdata
2024-10-12 03:57:05,918 - db45 - INFO - Telegram profile loaded - path: C:\projects\tg_accs\15874097035\tdata
2024-10-12 03:57:05,924 - 1cfe - INFO - Telegram profile loaded - path: C:\projects\tg_accs\12264558635\tdata
2024-10-12 03:57:13,854 - db45 - ERROR - Failed to convert TDATA to Telethon session:
	Path: C:\projects\tg_accs\15874097035\tdata
	Papa Exception -  type: <class 'sqlite3.OperationalError'>, message: database is locked
2024-10-12 03:57:19,492 - 1cfe - ERROR - Failed to convert TDATA to Telethon session:
	Path: C:\projects\tg_accs\12264558635\tdata
	Papa Exception -  type: <class 'asyncio.exceptions.CancelledError'>, message: 
2024-10-12 03:57:19,837 - 0bca - ERROR - Failed to convert TDATA to Telethon session:
	Path: C:\projects\tg_accs\12264550366\tdata
	Papa Exception -  type: <class 'asyncio.exceptions.CancelledError'>, message: 
2024-10-12 03:57:20,080 - 8bf5 - INFO - Telegram profile loaded - path: C:\projects\tg_accs\18077006341\tdata
2024-10-12 03:57:20,086 - e7b0 - INFO - Telegram profile loaded - path: C:\projects\tg_accs\12264550366\tdata
2024-10-12 03:57:20,092 - bffc - INFO - Telegram profile loaded - path: C:\projects\tg_accs\12264558635\tdata
2024-10-12 03:57:25,211 - 8bf5 - INFO - Telegram profile connect success - path: C:\projects\tg_accs\18077006341\tdata, id: 7515509069, username: JeanneBlair2001, phone: 18077006341
2024-10-12 03:57:25,600 - e7b0 - INFO - Telegram profile connect success - path: C:\projects\tg_accs\12264550366\tdata, id: 7596997432, username: TamaraKanahele2022, phone: 12264550366
2024-10-12 03:57:26,052 - 5f67 - DEBUG - Start GET entry URL
2024-10-12 03:57:26,429 - e6b0 - DEBUG - Start GET entry URL
2024-10-12 03:57:26,523 - bffc - INFO - Telegram profile connect success - path: C:\projects\tg_accs\12264558635\tdata, id: 7703582587, username: DeborahLamboy2009, phone: 12264558635
2024-10-12 03:57:27,582 - 83e9 - DEBUG - Start GET entry URL
2024-10-12 03:57:37,556 - 5f67 - INFO - Finish GET entry URL GET, status: 200, content len: 6121
2024-10-12 03:57:37,556 - 5f67 - DEBUG - Start GET account status
2024-10-12 03:57:38,084 - e6b0 - INFO - Finish GET entry URL GET, status: 200, content len: 6121
2024-10-12 03:57:38,084 - e6b0 - DEBUG - Start GET account status
2024-10-12 03:57:38,540 - 83e9 - INFO - Finish GET entry URL GET, status: 200, content len: 6121
2024-10-12 03:57:38,540 - 83e9 - DEBUG - Start GET account status
2024-10-12 03:57:47,570 - 5f67 - INFO - Finish GET account state, status: 200, content: b'{"coins":0.0006708333333333333,"speedPerSecond":0.00003033333333333333,"fromStart":194,"fromUpdate":0,"maxMiningTime":28800,"claimed":0,"boosts":{"energyLimit":2,"paintReward":2,"reChargeSpeed":2},"repaintsTotal":26,"userBalance":22.050911666666664,"activated":true,"league":"silver","charges":0,"maxCharges":12,"reChargeTimer":218454,"reChargeSpeed":570000,"goods":{},"tasks":{}}\n' content len: 381
2024-10-12 03:57:47,570 - 5f67 - DEBUG - Start CLAIM
2024-10-12 03:57:48,169 - e6b0 - INFO - Finish GET account state, status: 200, content: b'{"coins":0.0005646666666666667,"speedPerSecond":0.0000525,"fromStart":278,"fromUpdate":0,"maxMiningTime":28800,"claimed":0,"boosts":{"energyLimit":2,"paintReward":2,"reChargeSpeed":2},"repaintsTotal":45,"userBalance":57.428318999999945,"activated":true,"league":"silver","charges":0,"maxCharges":6,"reChargeTimer":211294,"reChargeSpeed":570000,"goods":{},"tasks":{}}\n' content len: 367
2024-10-12 03:57:48,169 - e6b0 - DEBUG - Start CLAIM
2024-10-12 03:57:55,567 - 83e9 - INFO - Finish GET account state, status: 200, content: b'{"coins":0,"speedPerSecond":0.00004316666666666666,"fromStart":193,"fromUpdate":0,"maxMiningTime":28800,"claimed":0,"boosts":{"energyLimit":2,"paintReward":2,"reChargeSpeed":2},"repaintsTotal":37,"userBalance":44.25410750000001,"activated":true,"league":"silver","charges":0,"maxCharges":6,"reChargeTimer":211678,"reChargeSpeed":570000,"goods":{},"tasks":{}}\n' content len: 359
2024-10-12 03:57:55,567 - 83e9 - DEBUG - Start CLAIM
2024-10-12 03:58:04,426 - e6b0 - INFO - Finish CLAIM, status: 200, content: b'{"coins":0,"speedPerSecond":0.0000525,"fromStart":0,"fromUpdate":0,"maxMiningTime":28800,"claimed":0.015435,"boosts":{"energyLimit":2,"paintReward":2,"reChargeSpeed":2},"repaintsTotal":0,"userBalance":0,"activated":true,"league":"silver","charges":0,"maxCharges":0,"reChargeTimer":0,"reChargeSpeed":0,"goods":null,"tasks":{}}\n' content len: 326
2024-10-12 03:58:05,090 - 5f67 - INFO - Finish CLAIM, status: 200, content: b'{"coins":0,"speedPerSecond":0.00003033333333333333,"fromStart":0,"fromUpdate":0,"maxMiningTime":28800,"claimed":0.006187999999999999,"boosts":{"energyLimit":2,"paintReward":2,"reChargeSpeed":2},"repaintsTotal":0,"userBalance":0,"activated":true,"league":"silver","charges":0,"maxCharges":0,"reChargeTimer":0,"reChargeSpeed":0,"goods":null,"tasks":{}}\n' content len: 351
2024-10-12 03:58:05,806 - 83e9 - INFO - Finish CLAIM, status: 200, content: b'{"coins":0,"speedPerSecond":0.00004316666666666666,"fromStart":0,"fromUpdate":0,"maxMiningTime":28800,"claimed":0.009064999999999998,"boosts":{"energyLimit":2,"paintReward":2,"reChargeSpeed":2},"repaintsTotal":0,"userBalance":0,"activated":true,"league":"silver","charges":0,"maxCharges":0,"reChargeTimer":0,"reChargeSpeed":0,"goods":null,"tasks":{}}\n' content len: 351
2024-10-12 03:58:06,023 - 9de4 - INFO - Telegram profile loaded - path: C:\projects\tg_accs\15874097035\tdata
2024-10-12 03:58:06,031 - 0701 - INFO - Telegram profile loaded - path: C:\projects\tg_accs\18077006341\tdata
2024-10-12 03:58:06,038 - a5ad - INFO - Telegram profile loaded - path: C:\projects\tg_accs\12264558635\tdata
2024-10-12 03:58:06,044 - cd24 - INFO - Telegram profile loaded - path: C:\projects\tg_accs\12264550366\tdata
2024-10-12 03:58:14,073 - cd24 - ERROR - Failed to convert TDATA to Telethon session:
	Path: C:\projects\tg_accs\12264550366\tdata
	Papa Exception -  type: <class 'sqlite3.OperationalError'>, message: database is locked
2024-10-12 03:58:25,274 - 0701 - ERROR - Failed to convert TDATA to Telethon session:
	Path: C:\projects\tg_accs\18077006341\tdata
	Papa Exception -  type: <class 'sqlite3.OperationalError'>, message: database is locked
2024-10-12 03:58:25,341 - a5ad - ERROR - Failed to convert TDATA to Telethon session:
	Path: C:\projects\tg_accs\12264558635\tdata
	Papa Exception -  type: <class 'asyncio.exceptions.CancelledError'>, message: 
2024-10-12 03:58:25,363 - 9de4 - ERROR - Failed to convert TDATA to Telethon session:
	Path: C:\projects\tg_accs\15874097035\tdata
	Papa Exception -  type: <class 'asyncio.exceptions.CancelledError'>, message: 
2024-10-12 03:58:25,624 - dcbc - INFO - Telegram profile loaded - path: C:\projects\tg_accs\15874097035\tdata
2024-10-12 03:58:25,632 - 3e80 - INFO - Telegram profile loaded - path: C:\projects\tg_accs\18077006341\tdata
2024-10-12 03:58:25,639 - 3e86 - INFO - Telegram profile loaded - path: C:\projects\tg_accs\12264550366\tdata
2024-10-12 03:58:25,643 - 83d7 - INFO - Telegram profile loaded - path: C:\projects\tg_accs\12264558635\tdata
2024-10-12 03:58:30,570 - 3e80 - INFO - Telegram profile connect success - path: C:\projects\tg_accs\18077006341\tdata, id: 7515509069, username: JeanneBlair2001, phone: 18077006341
2024-10-12 03:58:30,722 - dcbc - INFO - Telegram profile connect success - path: C:\projects\tg_accs\15874097035\tdata, id: 6714712311, username: guapepep, phone: 15874097035
2024-10-12 03:58:30,759 - 3e86 - INFO - Telegram profile connect success - path: C:\projects\tg_accs\12264550366\tdata, id: 7596997432, username: TamaraKanahele2022, phone: 12264550366
2024-10-12 03:58:31,380 - 43da - DEBUG - Start GET entry URL
2024-10-12 03:58:31,582 - ce81 - DEBUG - Start GET entry URL
2024-10-12 03:58:31,623 - e662 - DEBUG - Start GET entry URL
2024-10-12 03:58:31,769 - 83d7 - INFO - Telegram profile connect success - path: C:\projects\tg_accs\12264558635\tdata, id: 7703582587, username: DeborahLamboy2009, phone: 12264558635
2024-10-12 03:58:32,715 - 6578 - DEBUG - Start GET entry URL
2024-10-12 03:58:46,316 - e662 - INFO - Finish GET entry URL GET, status: 200, content len: 6121
2024-10-12 03:58:46,316 - e662 - DEBUG - Start GET account status
2024-10-12 03:58:46,316 - 43da - INFO - Finish GET entry URL GET, status: 200, content len: 6121
2024-10-12 03:58:46,372 - 43da - DEBUG - Start GET account status
2024-10-12 03:58:46,388 - ce81 - INFO - Finish GET entry URL GET, status: 200, content len: 6121
2024-10-12 03:58:46,390 - ce81 - DEBUG - Start GET account status
2024-10-12 03:58:46,400 - 6578 - INFO - Finish GET entry URL GET, status: 200, content len: 6121
2024-10-12 03:58:46,401 - 6578 - DEBUG - Start GET account status
2024-10-12 03:59:01,226 - e662 - INFO - Finish GET account state, status: 200, content: b'{"coins":0,"speedPerSecond":0.00003033333333333333,"fromStart":197,"fromUpdate":0,"maxMiningTime":28800,"claimed":0,"boosts":{"energyLimit":2,"paintReward":2,"reChargeSpeed":2},"repaintsTotal":26,"userBalance":25.343595666666666,"activated":true,"league":"silver","charges":0,"maxCharges":6,"reChargeTimer":141263,"reChargeSpeed":570000,"goods":{},"tasks":{}}\n' content len: 360
2024-10-12 03:59:01,226 - e662 - DEBUG - Start CLAIM
2024-10-12 03:59:01,226 - ce81 - INFO - Finish GET account state, status: 200, content: b'{"coins":0,"speedPerSecond":0.0000525,"fromStart":53,"fromUpdate":0,"maxMiningTime":28800,"claimed":0,"boosts":{"energyLimit":2,"paintReward":2,"reChargeSpeed":2},"repaintsTotal":45,"userBalance":57.44375399999994,"activated":true,"league":"silver","charges":0,"maxCharges":6,"reChargeTimer":142761,"reChargeSpeed":570000,"goods":{},"tasks":{}}\n' content len: 345
2024-10-12 03:59:01,273 - ce81 - DEBUG - Start CLAIM
2024-10-12 03:59:01,294 - 43da - INFO - Finish GET account state, status: 200, content: b'{"coins":0,"speedPerSecond":0.00003033333333333333,"fromStart":59,"fromUpdate":0,"maxMiningTime":28800,"claimed":0,"boosts":{"energyLimit":2,"paintReward":2,"reChargeSpeed":2},"repaintsTotal":26,"userBalance":22.057099666666666,"activated":true,"league":"silver","charges":0,"maxCharges":12,"reChargeTimer":149423,"reChargeSpeed":570000,"goods":{},"tasks":{}}\n' content len: 360
2024-10-12 03:59:01,306 - 43da - DEBUG - Start CLAIM
2024-10-12 03:59:01,309 - 6578 - INFO - Finish GET account state, status: 200, content: b'{"coins":0,"speedPerSecond":0.00004316666666666666,"fromStart":51,"fromUpdate":0,"maxMiningTime":28800,"claimed":0,"boosts":{"energyLimit":2,"paintReward":2,"reChargeSpeed":2},"repaintsTotal":37,"userBalance":44.26317250000001,"activated":true,"league":"silver","charges":0,"maxCharges":6,"reChargeTimer":143605,"reChargeSpeed":570000,"goods":{},"tasks":{}}\n' content len: 358
2024-10-12 03:59:01,313 - 6578 - DEBUG - Start CLAIM
2024-10-12 03:59:11,960 - 43da - INFO - Finish CLAIM, status: 200, content: b'{"coins":0,"speedPerSecond":0.00003033333333333333,"fromStart":0,"fromUpdate":0,"maxMiningTime":28800,"claimed":0.0022446666666666665,"boosts":{"energyLimit":2,"paintReward":2,"reChargeSpeed":2},"repaintsTotal":0,"userBalance":0,"activated":true,"league":"silver","charges":0,"maxCharges":0,"reChargeTimer":0,"reChargeSpeed":0,"goods":null,"tasks":{}}\n' content len: 352
2024-10-12 03:59:13,404 - e662 - INFO - Finish CLAIM, status: 200, content: b'{"coins":0,"speedPerSecond":0.00003033333333333333,"fromStart":0,"fromUpdate":0,"maxMiningTime":28800,"claimed":0.0064003333333333325,"boosts":{"energyLimit":2,"paintReward":2,"reChargeSpeed":2},"repaintsTotal":0,"userBalance":0,"activated":true,"league":"silver","charges":0,"maxCharges":0,"reChargeTimer":0,"reChargeSpeed":0,"goods":null,"tasks":{}}\n' content len: 352
2024-10-12 03:59:13,746 - 6578 - INFO - Finish CLAIM, status: 200, content: b'{"coins":0,"speedPerSecond":0.00004316666666666666,"fromStart":0,"fromUpdate":0,"maxMiningTime":28800,"claimed":0.0028489999999999995,"boosts":{"energyLimit":2,"paintReward":2,"reChargeSpeed":2},"repaintsTotal":0,"userBalance":0,"activated":true,"league":"silver","charges":0,"maxCharges":0,"reChargeTimer":0,"reChargeSpeed":0,"goods":null,"tasks":{}}\n' content len: 352
2024-10-12 03:59:14,411 - ce81 - INFO - Finish CLAIM, status: 200, content: b'{"coins":0,"speedPerSecond":0.0000525,"fromStart":0,"fromUpdate":0,"maxMiningTime":28800,"claimed":0.0035700000000000003,"boosts":{"energyLimit":2,"paintReward":2,"reChargeSpeed":2},"repaintsTotal":0,"userBalance":0,"activated":true,"league":"silver","charges":0,"maxCharges":0,"reChargeTimer":0,"reChargeSpeed":0,"goods":null,"tasks":{}}\n' content len: 339
2024-10-12 03:59:14,626 - 766c - INFO - Telegram profile loaded - path: C:\projects\tg_accs\12264550366\tdata
2024-10-12 03:59:14,630 - 5633 - INFO - Telegram profile loaded - path: C:\projects\tg_accs\12264558635\tdata
2024-10-12 03:59:14,635 - 5803 - INFO - Telegram profile loaded - path: C:\projects\tg_accs\15874097035\tdata
2024-10-12 03:59:14,642 - 4ba8 - INFO - Telegram profile loaded - path: C:\projects\tg_accs\18077006341\tdata
2024-10-12 03:59:22,546 - 5803 - ERROR - Failed to convert TDATA to Telethon session:
	Path: C:\projects\tg_accs\15874097035\tdata
	Papa Exception -  type: <class 'sqlite3.OperationalError'>, message: database is locked
2024-10-12 03:59:28,111 - 4ba8 - ERROR - Failed to convert TDATA to Telethon session:
	Path: C:\projects\tg_accs\18077006341\tdata
	Papa Exception -  type: <class 'sqlite3.OperationalError'>, message: database is locked
2024-10-12 03:59:28,111 - 5633 - ERROR - Failed to convert TDATA to Telethon session:
	Path: C:\projects\tg_accs\12264558635\tdata
	Papa Exception -  type: <class 'asyncio.exceptions.CancelledError'>, message: 
2024-10-12 03:59:28,131 - 766c - ERROR - Failed to convert TDATA to Telethon session:
	Path: C:\projects\tg_accs\12264550366\tdata
	Papa Exception -  type: <class 'asyncio.exceptions.CancelledError'>, message: 
2024-10-12 03:59:45,403 - e3d4 - INFO - Telegram profile loaded - path: C:\projects\tg_accs\12264558635\tdata
2024-10-12 03:59:45,409 - c517 - INFO - Telegram profile loaded - path: C:\projects\tg_accs\18077006341\tdata
2024-10-12 03:59:45,416 - 8e37 - INFO - Telegram profile loaded - path: C:\projects\tg_accs\12264550366\tdata
2024-10-12 03:59:45,422 - d425 - INFO - Telegram profile loaded - path: C:\projects\tg_accs\15874097035\tdata
2024-10-12 03:59:50,402 - c517 - INFO - Telegram profile connect success - path: C:\projects\tg_accs\18077006341\tdata, id: 7515509069, username: JeanneBlair2001, phone: 18077006341
2024-10-12 03:59:50,507 - d425 - INFO - Telegram profile connect success - path: C:\projects\tg_accs\15874097035\tdata, id: 6714712311, username: guapepep, phone: 15874097035
2024-10-12 03:59:50,708 - 8e37 - INFO - Telegram profile connect success - path: C:\projects\tg_accs\12264550366\tdata, id: 7596997432, username: TamaraKanahele2022, phone: 12264550366
2024-10-12 03:59:51,180 - b3e2 - DEBUG - Start GET entry URL
2024-10-12 03:59:51,307 - 1908 - DEBUG - Start GET entry URL
2024-10-12 03:59:51,520 - bc0f - DEBUG - Start GET entry URL
2024-10-12 03:59:51,709 - e3d4 - INFO - Telegram profile connect success - path: C:\projects\tg_accs\12264558635\tdata, id: 7703582587, username: DeborahLamboy2009, phone: 12264558635
2024-10-12 03:59:52,667 - 238c - DEBUG - Start GET entry URL
2024-10-12 04:00:01,089 - b3e2 - INFO - Finish GET entry URL GET, status: 200, content len: 6121
2024-10-12 04:00:01,089 - b3e2 - DEBUG - Start GET account status
2024-10-12 04:00:01,364 - 1908 - INFO - Finish GET entry URL GET, status: 200, content len: 6121
2024-10-12 04:00:01,364 - 1908 - DEBUG - Start GET account status
2024-10-12 04:00:03,366 - bc0f - INFO - Finish GET entry URL GET, status: 200, content len: 6121
2024-10-12 04:00:03,382 - bc0f - DEBUG - Start GET account status
2024-10-12 04:00:05,059 - 238c - INFO - Finish GET entry URL GET, status: 200, content len: 6121
2024-10-12 04:00:05,059 - 238c - DEBUG - Start GET account status
2024-10-12 04:00:11,133 - 1908 - INFO - Finish GET account state, status: 200, content: b'{"coins":0,"speedPerSecond":0.00003033333333333333,"fromStart":60,"fromUpdate":0,"maxMiningTime":28800,"claimed":0,"boosts":{"energyLimit":2,"paintReward":2,"reChargeSpeed":2},"repaintsTotal":26,"userBalance":25.349995999999997,"activated":true,"league":"silver","charges":0,"maxCharges":6,"reChargeTimer":65793,"reChargeSpeed":570000,"goods":{},"tasks":{}}\n' content len: 358
2024-10-12 04:00:11,133 - 1908 - DEBUG - Start CLAIM
2024-10-12 04:00:11,395 - b3e2 - INFO - Finish GET account state, status: 200, content: b'{"coins":0,"speedPerSecond":0.00003033333333333333,"fromStart":59,"fromUpdate":0,"maxMiningTime":28800,"claimed":0,"boosts":{"energyLimit":2,"paintReward":2,"reChargeSpeed":2},"repaintsTotal":26,"userBalance":22.059344333333332,"activated":true,"league":"silver","charges":0,"maxCharges":12,"reChargeTimer":74780,"reChargeSpeed":570000,"goods":{},"tasks":{}}\n' content len: 359
2024-10-12 04:00:11,395 - b3e2 - DEBUG - Start CLAIM
2024-10-12 04:00:15,125 - bc0f - INFO - Finish GET account state, status: 200, content: b'{"coins":0,"speedPerSecond":0.0000525,"fromStart":60,"fromUpdate":0,"maxMiningTime":28800,"claimed":0,"boosts":{"energyLimit":2,"paintReward":2,"reChargeSpeed":2},"repaintsTotal":45,"userBalance":57.447323999999945,"activated":true,"league":"silver","charges":0,"maxCharges":6,"reChargeTimer":65553,"reChargeSpeed":570000,"goods":{},"tasks":{}}\n' content len: 345
2024-10-12 04:00:15,125 - bc0f - DEBUG - Start CLAIM
2024-10-12 04:00:16,823 - 238c - INFO - Finish GET account state, status: 200, content: b'{"coins":0,"speedPerSecond":0.00004316666666666666,"fromStart":63,"fromUpdate":0,"maxMiningTime":28800,"claimed":0,"boosts":{"energyLimit":2,"paintReward":2,"reChargeSpeed":2},"repaintsTotal":37,"userBalance":44.26602150000001,"activated":true,"league":"silver","charges":0,"maxCharges":6,"reChargeTimer":65141,"reChargeSpeed":570000,"goods":{},"tasks":{}}\n' content len: 357
2024-10-12 04:00:16,823 - 238c - DEBUG - Start CLAIM
2024-10-12 04:00:20,999 - 1908 - INFO - Finish CLAIM, status: 200, content: b'{"coins":0,"speedPerSecond":0.00003033333333333333,"fromStart":0,"fromUpdate":0,"maxMiningTime":28800,"claimed":0.002093,"boosts":{"energyLimit":2,"paintReward":2,"reChargeSpeed":2},"repaintsTotal":0,"userBalance":0,"activated":true,"league":"silver","charges":0,"maxCharges":0,"reChargeTimer":0,"reChargeSpeed":0,"goods":null,"tasks":{}}\n' content len: 339
2024-10-12 04:00:23,427 - b3e2 - INFO - Finish CLAIM, status: 200, content: b'{"coins":0,"speedPerSecond":0.00003033333333333333,"fromStart":0,"fromUpdate":0,"maxMiningTime":28800,"claimed":0.002123333333333333,"boosts":{"energyLimit":2,"paintReward":2,"reChargeSpeed":2},"repaintsTotal":0,"userBalance":0,"activated":true,"league":"silver","charges":0,"maxCharges":0,"reChargeTimer":0,"reChargeSpeed":0,"goods":null,"tasks":{}}\n' content len: 351
2024-10-12 04:00:25,808 - bc0f - INFO - Finish CLAIM, status: 200, content: b'{"coins":0,"speedPerSecond":0.0000525,"fromStart":0,"fromUpdate":0,"maxMiningTime":28800,"claimed":0.0037275000000000003,"boosts":{"energyLimit":2,"paintReward":2,"reChargeSpeed":2},"repaintsTotal":0,"userBalance":0,"activated":true,"league":"silver","charges":0,"maxCharges":0,"reChargeTimer":0,"reChargeSpeed":0,"goods":null,"tasks":{}}\n' content len: 339
2024-10-12 04:00:31,942 - 238c - INFO - Finish CLAIM, status: 200, content: b'{"coins":0,"speedPerSecond":0.00004316666666666666,"fromStart":0,"fromUpdate":0,"maxMiningTime":28800,"claimed":0.0033238333333333327,"boosts":{"energyLimit":2,"paintReward":2,"reChargeSpeed":2},"repaintsTotal":0,"userBalance":0,"activated":true,"league":"silver","charges":0,"maxCharges":0,"reChargeTimer":0,"reChargeSpeed":0,"goods":null,"tasks":{}}\n' content len: 352
2024-10-12 04:00:32,272 - 3ef8 - INFO - Telegram profile loaded - path: C:\projects\tg_accs\15874097035\tdata
2024-10-12 04:00:32,284 - 2d5a - INFO - Telegram profile loaded - path: C:\projects\tg_accs\12264558635\tdata
2024-10-12 04:00:32,291 - 7b89 - INFO - Telegram profile loaded - path: C:\projects\tg_accs\18077006341\tdata
2024-10-12 04:00:32,298 - 836c - INFO - Telegram profile loaded - path: C:\projects\tg_accs\12264550366\tdata
2024-10-12 04:00:40,279 - 7b89 - ERROR - Failed to convert TDATA to Telethon session:
	Path: C:\projects\tg_accs\18077006341\tdata
	Papa Exception -  type: <class 'sqlite3.OperationalError'>, message: database is locked
2024-10-12 04:00:45,775 - 3ef8 - ERROR - Failed to convert TDATA to Telethon session:
	Path: C:\projects\tg_accs\15874097035\tdata
	Papa Exception -  type: <class 'sqlite3.OperationalError'>, message: database is locked
2024-10-12 04:00:45,775 - 2d5a - ERROR - Failed to convert TDATA to Telethon session:
	Path: C:\projects\tg_accs\12264558635\tdata
	Papa Exception -  type: <class 'asyncio.exceptions.CancelledError'>, message: 
2024-10-12 04:00:45,775 - 836c - ERROR - Failed to convert TDATA to Telethon session:
	Path: C:\projects\tg_accs\12264550366\tdata
	Papa Exception -  type: <class 'asyncio.exceptions.CancelledError'>, message: 
2024-10-12 04:01:08,720 - ac38 - INFO - Telegram profile loaded - path: C:\projects\tg_accs\15874097035\tdata
2024-10-12 04:01:08,729 - fca4 - INFO - Telegram profile loaded - path: C:\projects\tg_accs\12264558635\tdata
2024-10-12 04:01:08,736 - 6806 - INFO - Telegram profile loaded - path: C:\projects\tg_accs\18077006341\tdata
2024-10-12 04:01:08,747 - b731 - INFO - Telegram profile loaded - path: C:\projects\tg_accs\12264550366\tdata
2024-10-12 04:01:16,737 - 6806 - ERROR - Failed to convert TDATA to Telethon session:
	Path: C:\projects\tg_accs\18077006341\tdata
	Papa Exception -  type: <class 'sqlite3.OperationalError'>, message: database is locked
2024-10-12 04:01:22,328 - ac38 - ERROR - Failed to convert TDATA to Telethon session:
	Path: C:\projects\tg_accs\15874097035\tdata
	Papa Exception -  type: <class 'sqlite3.OperationalError'>, message: database is locked
2024-10-12 04:01:22,328 - b731 - ERROR - Failed to convert TDATA to Telethon session:
	Path: C:\projects\tg_accs\12264550366\tdata
	Papa Exception -  type: <class 'python_socks._errors.ProxyError'>, message: Connection closed unexpectedly
2024-10-12 04:01:22,328 - fca4 - ERROR - Failed to convert TDATA to Telethon session:
	Path: C:\projects\tg_accs\12264558635\tdata
	Papa Exception -  type: <class 'asyncio.exceptions.CancelledError'>, message: 
2024-10-12 04:01:22,604 - 80d7 - INFO - Telegram profile loaded - path: C:\projects\tg_accs\12264558635\tdata
2024-10-12 04:01:22,610 - 32ee - INFO - Telegram profile loaded - path: C:\projects\tg_accs\12264550366\tdata
2024-10-12 04:01:22,615 - 069c - INFO - Telegram profile loaded - path: C:\projects\tg_accs\15874097035\tdata
2024-10-12 04:01:22,621 - 7cf9 - INFO - Telegram profile loaded - path: C:\projects\tg_accs\18077006341\tdata
2024-10-12 04:01:30,687 - 7cf9 - ERROR - Failed to convert TDATA to Telethon session:
	Path: C:\projects\tg_accs\18077006341\tdata
	Papa Exception -  type: <class 'sqlite3.OperationalError'>, message: database is locked
2024-10-12 04:01:36,209 - 069c - ERROR - Failed to convert TDATA to Telethon session:
	Path: C:\projects\tg_accs\15874097035\tdata
	Papa Exception -  type: <class 'sqlite3.OperationalError'>, message: database is locked
2024-10-12 04:01:36,209 - 80d7 - ERROR - Failed to convert TDATA to Telethon session:
	Path: C:\projects\tg_accs\12264558635\tdata
	Papa Exception -  type: <class 'asyncio.exceptions.CancelledError'>, message: 
2024-10-12 04:01:36,247 - 32ee - ERROR - Failed to convert TDATA to Telethon session:
	Path: C:\projects\tg_accs\12264550366\tdata
	Papa Exception -  type: <class 'asyncio.exceptions.CancelledError'>, message: 
2024-10-12 04:01:36,520 - 2df7 - INFO - Telegram profile loaded - path: C:\projects\tg_accs\12264558635\tdata
2024-10-12 04:01:36,590 - 7473 - INFO - Telegram profile loaded - path: C:\projects\tg_accs\12264550366\tdata
2024-10-12 04:01:36,597 - 569b - INFO - Telegram profile loaded - path: C:\projects\tg_accs\18077006341\tdata
2024-10-12 04:01:36,603 - fe9a - INFO - Telegram profile loaded - path: C:\projects\tg_accs\15874097035\tdata
2024-10-12 04:01:44,597 - fe9a - ERROR - Failed to convert TDATA to Telethon session:
	Path: C:\projects\tg_accs\15874097035\tdata
	Papa Exception -  type: <class 'sqlite3.OperationalError'>, message: database is locked
2024-10-12 04:01:50,180 - 569b - ERROR - Failed to convert TDATA to Telethon session:
	Path: C:\projects\tg_accs\18077006341\tdata
	Papa Exception -  type: <class 'sqlite3.OperationalError'>, message: database is locked
2024-10-12 04:01:50,180 - 2df7 - ERROR - Failed to convert TDATA to Telethon session:
	Path: C:\projects\tg_accs\12264558635\tdata
	Papa Exception -  type: <class 'asyncio.exceptions.CancelledError'>, message: 
2024-10-12 04:01:50,237 - 7473 - ERROR - Failed to convert TDATA to Telethon session:
	Path: C:\projects\tg_accs\12264550366\tdata
	Papa Exception -  type: <class 'asyncio.exceptions.CancelledError'>, message: 
2024-10-12 04:01:50,427 - ea49 - INFO - Telegram profile loaded - path: C:\projects\tg_accs\12264558635\tdata
2024-10-12 04:01:50,452 - 9652 - INFO - Telegram profile loaded - path: C:\projects\tg_accs\15874097035\tdata
2024-10-12 04:01:50,458 - dfb7 - INFO - Telegram profile loaded - path: C:\projects\tg_accs\12264550366\tdata
2024-10-12 04:01:50,458 - 8b46 - INFO - Telegram profile loaded - path: C:\projects\tg_accs\18077006341\tdata
2024-10-12 04:01:58,442 - 8b46 - ERROR - Failed to convert TDATA to Telethon session:
	Path: C:\projects\tg_accs\18077006341\tdata
	Papa Exception -  type: <class 'sqlite3.OperationalError'>, message: database is locked
2024-10-12 04:02:04,055 - ea49 - ERROR - Failed to convert TDATA to Telethon session:
	Path: C:\projects\tg_accs\12264558635\tdata
	Papa Exception -  type: <class 'asyncio.exceptions.CancelledError'>, message: 
2024-10-12 04:02:04,168 - dfb7 - ERROR - Failed to convert TDATA to Telethon session:
	Path: C:\projects\tg_accs\12264550366\tdata
	Papa Exception -  type: <class 'asyncio.exceptions.CancelledError'>, message: 
2024-10-12 04:02:04,221 - 9652 - ERROR - Failed to convert TDATA to Telethon session:
	Path: C:\projects\tg_accs\15874097035\tdata
	Papa Exception -  type: <class 'asyncio.exceptions.CancelledError'>, message: 
2024-10-12 04:02:04,478 - 144a - INFO - Telegram profile loaded - path: C:\projects\tg_accs\12264550366\tdata
2024-10-12 04:02:04,483 - 6713 - INFO - Telegram profile loaded - path: C:\projects\tg_accs\18077006341\tdata
2024-10-12 04:02:04,488 - bba5 - INFO - Telegram profile loaded - path: C:\projects\tg_accs\15874097035\tdata
2024-10-12 04:02:04,492 - 99b2 - INFO - Telegram profile loaded - path: C:\projects\tg_accs\12264558635\tdata
2024-10-12 04:02:12,403 - 6713 - ERROR - Failed to convert TDATA to Telethon session:
	Path: C:\projects\tg_accs\18077006341\tdata
	Papa Exception -  type: <class 'sqlite3.OperationalError'>, message: database is locked
2024-10-12 04:02:29,345 - bba5 - ERROR - Failed to convert TDATA to Telethon session:
	Path: C:\projects\tg_accs\15874097035\tdata
	Papa Exception -  type: <class 'sqlite3.OperationalError'>, message: database is locked
2024-10-12 04:02:29,434 - 144a - ERROR - Failed to convert TDATA to Telethon session:
	Path: C:\projects\tg_accs\12264550366\tdata
	Papa Exception -  type: <class 'asyncio.exceptions.CancelledError'>, message: 
2024-10-12 04:02:29,436 - 99b2 - ERROR - Failed to convert TDATA to Telethon session:
	Path: C:\projects\tg_accs\12264558635\tdata
	Papa Exception -  type: <class 'asyncio.exceptions.CancelledError'>, message: 
2024-10-12 04:02:35,331 - c958 - INFO - Telegram profile loaded - path: C:\projects\tg_accs\18077006341\tdata
2024-10-12 04:02:35,342 - ccec - INFO - Telegram profile loaded - path: C:\projects\tg_accs\12264550366\tdata
2024-10-12 04:02:35,351 - db06 - INFO - Telegram profile loaded - path: C:\projects\tg_accs\15874097035\tdata
2024-10-12 04:02:35,358 - af1c - INFO - Telegram profile loaded - path: C:\projects\tg_accs\12264558635\tdata
2024-10-12 04:02:48,573 - c958 - ERROR - Failed to convert TDATA to Telethon session:
	Path: C:\projects\tg_accs\18077006341\tdata
	Papa Exception -  type: <class 'sqlite3.OperationalError'>, message: database is locked
2024-10-12 04:02:48,593 - ccec - ERROR - Failed to convert TDATA to Telethon session:
	Path: C:\projects\tg_accs\12264550366\tdata
	Papa Exception -  type: <class 'asyncio.exceptions.CancelledError'>, message: 
2024-10-12 04:02:48,595 - af1c - ERROR - Failed to convert TDATA to Telethon session:
	Path: C:\projects\tg_accs\12264558635\tdata
	Papa Exception -  type: <class 'asyncio.exceptions.CancelledError'>, message: 
2024-10-12 04:02:48,602 - db06 - ERROR - Failed to convert TDATA to Telethon session:
	Path: C:\projects\tg_accs\15874097035\tdata
	Papa Exception -  type: <class 'asyncio.exceptions.CancelledError'>, message: 
2024-10-12 04:03:00,304 - 926e - INFO - Telegram profile loaded - path: C:\projects\tg_accs\15874097035\tdata
2024-10-12 04:03:00,310 - 7f44 - INFO - Telegram profile loaded - path: C:\projects\tg_accs\18077006341\tdata
2024-10-12 04:03:00,318 - 6032 - INFO - Telegram profile loaded - path: C:\projects\tg_accs\12264558635\tdata
2024-10-12 04:03:00,324 - 4aad - INFO - Telegram profile loaded - path: C:\projects\tg_accs\12264550366\tdata
2024-10-12 04:03:13,568 - 6032 - ERROR - Failed to convert TDATA to Telethon session:
	Path: C:\projects\tg_accs\12264558635\tdata
	Papa Exception -  type: <class 'asyncio.exceptions.CancelledError'>, message: 
2024-10-12 04:03:13,578 - 926e - ERROR - Failed to convert TDATA to Telethon session:
	Path: C:\projects\tg_accs\15874097035\tdata
	Papa Exception -  type: <class 'asyncio.exceptions.CancelledError'>, message: 
2024-10-12 04:03:13,589 - 7f44 - ERROR - Failed to convert TDATA to Telethon session:
	Path: C:\projects\tg_accs\18077006341\tdata
	Papa Exception -  type: <class 'asyncio.exceptions.CancelledError'>, message: 
2024-10-12 04:03:13,600 - 4aad - ERROR - Failed to convert TDATA to Telethon session:
	Path: C:\projects\tg_accs\12264550366\tdata
	Papa Exception -  type: <class 'asyncio.exceptions.CancelledError'>, message: 
2024-10-12 04:03:19,447 - 4a19 - INFO - Telegram profile loaded - path: C:\projects\tg_accs\12264550366\tdata
2024-10-12 04:03:19,454 - 8ae9 - INFO - Telegram profile loaded - path: C:\projects\tg_accs\18077006341\tdata
2024-10-12 04:03:19,537 - ac1f - INFO - Telegram profile loaded - path: C:\projects\tg_accs\15874097035\tdata
2024-10-12 04:03:19,555 - 11be - INFO - Telegram profile loaded - path: C:\projects\tg_accs\12264558635\tdata
2024-10-12 04:03:37,701 - 8ae9 - ERROR - Failed to convert TDATA to Telethon session:
	Path: C:\projects\tg_accs\18077006341\tdata
	Papa Exception -  type: <class 'asyncio.exceptions.CancelledError'>, message: 
2024-10-12 04:03:37,790 - ac1f - ERROR - Failed to convert TDATA to Telethon session:
	Path: C:\projects\tg_accs\15874097035\tdata
	Papa Exception -  type: <class 'asyncio.exceptions.CancelledError'>, message: 
2024-10-12 04:03:37,946 - 4a19 - ERROR - Failed to convert TDATA to Telethon session:
	Path: C:\projects\tg_accs\12264550366\tdata
	Papa Exception -  type: <class 'asyncio.exceptions.CancelledError'>, message: 
2024-10-12 04:03:37,953 - 11be - ERROR - Failed to convert TDATA to Telethon session:
	Path: C:\projects\tg_accs\12264558635\tdata
	Papa Exception -  type: <class 'asyncio.exceptions.CancelledError'>, message: 
2024-10-12 04:03:38,298 - c6dc - INFO - Telegram profile loaded - path: C:\projects\tg_accs\15874097035\tdata
2024-10-12 04:03:38,302 - e250 - INFO - Telegram profile loaded - path: C:\projects\tg_accs\18077006341\tdata
2024-10-12 04:03:38,307 - 5cc3 - INFO - Telegram profile loaded - path: C:\projects\tg_accs\12264558635\tdata
2024-10-12 04:03:38,313 - 8a37 - INFO - Telegram profile loaded - path: C:\projects\tg_accs\12264550366\tdata
2024-10-12 04:03:50,681 - e250 - ERROR - Failed to convert TDATA to Telethon session:
	Path: C:\projects\tg_accs\18077006341\tdata
	Papa Exception -  type: <class 'asyncio.exceptions.CancelledError'>, message: 
2024-10-12 04:03:50,690 - c6dc - ERROR - Failed to convert TDATA to Telethon session:
	Path: C:\projects\tg_accs\15874097035\tdata
	Papa Exception -  type: <class 'asyncio.exceptions.CancelledError'>, message: 
2024-10-12 04:03:50,699 - 8a37 - ERROR - Failed to convert TDATA to Telethon session:
	Path: C:\projects\tg_accs\12264550366\tdata
	Papa Exception -  type: <class 'asyncio.exceptions.CancelledError'>, message: 
2024-10-12 04:03:50,713 - 5cc3 - ERROR - Failed to convert TDATA to Telethon session:
	Path: C:\projects\tg_accs\12264558635\tdata
	Papa Exception -  type: <class 'asyncio.exceptions.CancelledError'>, message: 
2024-10-12 04:03:51,011 - e4a0 - INFO - Telegram profile loaded - path: C:\projects\tg_accs\18077006341\tdata
2024-10-12 04:03:51,024 - ad91 - INFO - Telegram profile loaded - path: C:\projects\tg_accs\12264550366\tdata
2024-10-12 04:03:51,029 - 2689 - INFO - Telegram profile loaded - path: C:\projects\tg_accs\12264558635\tdata
2024-10-12 04:03:51,036 - 0554 - INFO - Telegram profile loaded - path: C:\projects\tg_accs\15874097035\tdata
2024-10-12 04:04:08,087 - e4a0 - ERROR - Failed to convert TDATA to Telethon session:
	Path: C:\projects\tg_accs\18077006341\tdata
	Papa Exception -  type: <class 'asyncio.exceptions.CancelledError'>, message: 
2024-10-12 04:04:08,090 - 0554 - ERROR - Failed to convert TDATA to Telethon session:
	Path: C:\projects\tg_accs\15874097035\tdata
	Papa Exception -  type: <class 'asyncio.exceptions.CancelledError'>, message: 
2024-10-12 04:04:08,093 - ad91 - ERROR - Failed to convert TDATA to Telethon session:
	Path: C:\projects\tg_accs\12264550366\tdata
	Papa Exception -  type: <class 'asyncio.exceptions.CancelledError'>, message: 
2024-10-12 04:04:08,095 - 2689 - ERROR - Failed to convert TDATA to Telethon session:
	Path: C:\projects\tg_accs\12264558635\tdata
	Papa Exception -  type: <class 'asyncio.exceptions.CancelledError'>, message: 
2024-10-12 04:04:08,422 - a920 - INFO - Telegram profile loaded - path: C:\projects\tg_accs\12264550366\tdata
2024-10-12 04:04:08,439 - ca37 - INFO - Telegram profile loaded - path: C:\projects\tg_accs\12264558635\tdata
2024-10-12 04:04:08,446 - 1cc0 - INFO - Telegram profile loaded - path: C:\projects\tg_accs\15874097035\tdata
2024-10-12 04:04:08,459 - 2235 - INFO - Telegram profile loaded - path: C:\projects\tg_accs\18077006341\tdata
2024-10-12 04:04:20,163 - a920 - ERROR - Failed to convert TDATA to Telethon session:
	Path: C:\projects\tg_accs\12264550366\tdata
	Papa Exception -  type: <class 'asyncio.exceptions.CancelledError'>, message: 
2024-10-12 04:04:20,173 - ca37 - ERROR - Failed to convert TDATA to Telethon session:
	Path: C:\projects\tg_accs\12264558635\tdata
	Papa Exception -  type: <class 'asyncio.exceptions.CancelledError'>, message: 
2024-10-12 04:04:20,178 - 1cc0 - ERROR - Failed to convert TDATA to Telethon session:
	Path: C:\projects\tg_accs\15874097035\tdata
	Papa Exception -  type: <class 'asyncio.exceptions.CancelledError'>, message: 
2024-10-12 04:04:20,179 - 2235 - ERROR - Failed to convert TDATA to Telethon session:
	Path: C:\projects\tg_accs\18077006341\tdata
	Papa Exception -  type: <class 'asyncio.exceptions.CancelledError'>, message: 
2024-10-12 04:05:00,042 - d32c - INFO - Telegram profile loaded - path: C:\projects\tg_accs\12264550366\tdata
2024-10-12 04:05:00,047 - d27d - INFO - Telegram profile loaded - path: C:\projects\tg_accs\18077006341\tdata
2024-10-12 04:05:00,051 - 3a91 - INFO - Telegram profile loaded - path: C:\projects\tg_accs\12264558635\tdata
2024-10-12 04:05:00,061 - 9981 - INFO - Telegram profile loaded - path: C:\projects\tg_accs\15874097035\tdata
2024-10-12 04:05:12,301 - 3a91 - ERROR - Failed to convert TDATA to Telethon session:
	Path: C:\projects\tg_accs\12264558635\tdata
	Papa Exception -  type: <class 'asyncio.exceptions.CancelledError'>, message: 
2024-10-12 04:05:12,303 - d27d - ERROR - Failed to convert TDATA to Telethon session:
	Path: C:\projects\tg_accs\18077006341\tdata
	Papa Exception -  type: <class 'asyncio.exceptions.CancelledError'>, message: 
2024-10-12 04:05:12,307 - d32c - ERROR - Failed to convert TDATA to Telethon session:
	Path: C:\projects\tg_accs\12264550366\tdata
	Papa Exception -  type: <class 'asyncio.exceptions.CancelledError'>, message: 
2024-10-12 04:05:12,309 - 9981 - ERROR - Failed to convert TDATA to Telethon session:
	Path: C:\projects\tg_accs\15874097035\tdata
	Papa Exception -  type: <class 'asyncio.exceptions.CancelledError'>, message: 
2024-10-12 04:05:34,992 - 972d - INFO - Telegram profile loaded - path: C:\projects\tg_accs\12264550366\tdata
2024-10-12 04:05:34,998 - 46a6 - INFO - Telegram profile loaded - path: C:\projects\tg_accs\15874097035\tdata
2024-10-12 04:05:35,008 - 00ff - INFO - Telegram profile loaded - path: C:\projects\tg_accs\12264558635\tdata
2024-10-12 04:05:35,014 - 80cd - INFO - Telegram profile loaded - path: C:\projects\tg_accs\18077006341\tdata
2024-10-12 04:05:51,859 - 972d - ERROR - Failed to convert TDATA to Telethon session:
	Path: C:\projects\tg_accs\12264550366\tdata
	Papa Exception -  type: <class 'asyncio.exceptions.CancelledError'>, message: 
2024-10-12 04:05:51,859 - 46a6 - ERROR - Failed to convert TDATA to Telethon session:
	Path: C:\projects\tg_accs\15874097035\tdata
	Papa Exception -  type: <class 'asyncio.exceptions.CancelledError'>, message: 
2024-10-12 04:05:51,886 - 80cd - ERROR - Failed to convert TDATA to Telethon session:
	Path: C:\projects\tg_accs\18077006341\tdata
	Papa Exception -  type: <class 'asyncio.exceptions.CancelledError'>, message: 
2024-10-12 04:05:51,889 - 00ff - ERROR - Failed to convert TDATA to Telethon session:
	Path: C:\projects\tg_accs\12264558635\tdata
	Papa Exception -  type: <class 'asyncio.exceptions.CancelledError'>, message: 
2024-10-12 04:06:14,812 - e6b8 - INFO - Telegram profile loaded - path: C:\projects\tg_accs\18077006341\tdata
2024-10-12 04:06:14,822 - f52a - INFO - Telegram profile loaded - path: C:\projects\tg_accs\12264558635\tdata
2024-10-12 04:06:14,829 - 3c1d - INFO - Telegram profile loaded - path: C:\projects\tg_accs\15874097035\tdata
2024-10-12 04:06:14,839 - 278a - INFO - Telegram profile loaded - path: C:\projects\tg_accs\12264550366\tdata
2024-10-12 04:06:32,771 - e6b8 - ERROR - Failed to convert TDATA to Telethon session:
	Path: C:\projects\tg_accs\18077006341\tdata
	Papa Exception -  type: <class 'asyncio.exceptions.CancelledError'>, message: 
2024-10-12 04:06:32,777 - 3c1d - ERROR - Failed to convert TDATA to Telethon session:
	Path: C:\projects\tg_accs\15874097035\tdata
	Papa Exception -  type: <class 'asyncio.exceptions.CancelledError'>, message: 
2024-10-12 04:06:32,784 - f52a - ERROR - Failed to convert TDATA to Telethon session:
	Path: C:\projects\tg_accs\12264558635\tdata
	Papa Exception -  type: <class 'asyncio.exceptions.CancelledError'>, message: 
2024-10-12 04:06:32,786 - 278a - ERROR - Failed to convert TDATA to Telethon session:
	Path: C:\projects\tg_accs\12264550366\tdata
	Papa Exception -  type: <class 'asyncio.exceptions.CancelledError'>, message: 
2024-10-12 04:06:55,531 - 6a91 - INFO - Telegram profile loaded - path: C:\projects\tg_accs\15874097035\tdata
2024-10-12 04:06:55,537 - 6706 - INFO - Telegram profile loaded - path: C:\projects\tg_accs\18077006341\tdata
2024-10-12 04:06:55,543 - 992a - INFO - Telegram profile loaded - path: C:\projects\tg_accs\12264558635\tdata
2024-10-12 04:06:55,549 - 72c4 - INFO - Telegram profile loaded - path: C:\projects\tg_accs\12264550366\tdata
2024-10-12 04:07:07,240 - 6a91 - ERROR - Failed to convert TDATA to Telethon session:
	Path: C:\projects\tg_accs\15874097035\tdata
	Papa Exception -  type: <class 'asyncio.exceptions.CancelledError'>, message: 
2024-10-12 04:07:07,243 - 6706 - ERROR - Failed to convert TDATA to Telethon session:
	Path: C:\projects\tg_accs\18077006341\tdata
	Papa Exception -  type: <class 'asyncio.exceptions.CancelledError'>, message: 
2024-10-12 04:07:07,248 - 72c4 - ERROR - Failed to convert TDATA to Telethon session:
	Path: C:\projects\tg_accs\12264550366\tdata
	Papa Exception -  type: <class 'asyncio.exceptions.CancelledError'>, message: 
2024-10-12 04:07:07,250 - 992a - ERROR - Failed to convert TDATA to Telethon session:
	Path: C:\projects\tg_accs\12264558635\tdata
	Papa Exception -  type: <class 'asyncio.exceptions.CancelledError'>, message: 
2024-10-12 04:07:35,884 - 0a48 - INFO - Telegram profile loaded - path: C:\projects\tg_accs\12264550366\tdata
2024-10-12 04:07:35,891 - ab64 - INFO - Telegram profile loaded - path: C:\projects\tg_accs\12264558635\tdata
2024-10-12 04:07:35,897 - da40 - INFO - Telegram profile loaded - path: C:\projects\tg_accs\18077006341\tdata
2024-10-12 04:07:35,903 - c1a0 - INFO - Telegram profile loaded - path: C:\projects\tg_accs\15874097035\tdata
2024-10-12 04:07:54,058 - da40 - ERROR - Failed to convert TDATA to Telethon session:
	Path: C:\projects\tg_accs\18077006341\tdata
	Papa Exception -  type: <class 'asyncio.exceptions.CancelledError'>, message: 
2024-10-12 04:07:54,059 - ab64 - ERROR - Failed to convert TDATA to Telethon session:
	Path: C:\projects\tg_accs\12264558635\tdata
	Papa Exception -  type: <class 'asyncio.exceptions.CancelledError'>, message: 
2024-10-12 04:07:54,062 - 0a48 - ERROR - Failed to convert TDATA to Telethon session:
	Path: C:\projects\tg_accs\12264550366\tdata
	Papa Exception -  type: <class 'asyncio.exceptions.CancelledError'>, message: 
2024-10-12 04:07:54,063 - c1a0 - ERROR - Failed to convert TDATA to Telethon session:
	Path: C:\projects\tg_accs\15874097035\tdata
	Papa Exception -  type: <class 'asyncio.exceptions.CancelledError'>, message: 
2024-10-12 04:07:54,347 - d7db - INFO - Telegram profile loaded - path: C:\projects\tg_accs\15874097035\tdata
2024-10-12 04:07:54,356 - 4bad - INFO - Telegram profile loaded - path: C:\projects\tg_accs\12264558635\tdata
2024-10-12 04:07:54,363 - e0ec - INFO - Telegram profile loaded - path: C:\projects\tg_accs\18077006341\tdata
2024-10-12 04:07:54,363 - 3518 - INFO - Telegram profile loaded - path: C:\projects\tg_accs\12264550366\tdata
2024-10-12 04:08:06,574 - d7db - ERROR - Failed to convert TDATA to Telethon session:
	Path: C:\projects\tg_accs\15874097035\tdata
	Papa Exception -  type: <class 'asyncio.exceptions.CancelledError'>, message: 
2024-10-12 04:08:06,589 - 3518 - ERROR - Failed to convert TDATA to Telethon session:
	Path: C:\projects\tg_accs\12264550366\tdata
	Papa Exception -  type: <class 'asyncio.exceptions.CancelledError'>, message: 
2024-10-12 04:08:06,590 - e0ec - ERROR - Failed to convert TDATA to Telethon session:
	Path: C:\projects\tg_accs\18077006341\tdata
	Papa Exception -  type: <class 'asyncio.exceptions.CancelledError'>, message: 
2024-10-12 04:08:06,592 - 4bad - ERROR - Failed to convert TDATA to Telethon session:
	Path: C:\projects\tg_accs\12264558635\tdata
	Papa Exception -  type: <class 'asyncio.exceptions.CancelledError'>, message: 
2024-10-12 04:08:34,984 - d064 - INFO - Telegram profile loaded - path: C:\projects\tg_accs\15874097035\tdata
2024-10-12 04:08:34,992 - ddba - INFO - Telegram profile loaded - path: C:\projects\tg_accs\12264558635\tdata
2024-10-12 04:08:34,997 - 911d - INFO - Telegram profile loaded - path: C:\projects\tg_accs\12264550366\tdata
2024-10-12 04:08:35,078 - e19b - INFO - Telegram profile loaded - path: C:\projects\tg_accs\18077006341\tdata
2024-10-12 04:08:47,021 - d064 - ERROR - Failed to convert TDATA to Telethon session:
	Path: C:\projects\tg_accs\15874097035\tdata
	Papa Exception -  type: <class 'asyncio.exceptions.CancelledError'>, message: 
2024-10-12 04:08:47,024 - ddba - ERROR - Failed to convert TDATA to Telethon session:
	Path: C:\projects\tg_accs\12264558635\tdata
	Papa Exception -  type: <class 'asyncio.exceptions.CancelledError'>, message: 
2024-10-12 04:08:47,026 - 911d - ERROR - Failed to convert TDATA to Telethon session:
	Path: C:\projects\tg_accs\12264550366\tdata
	Papa Exception -  type: <class 'asyncio.exceptions.CancelledError'>, message: 
2024-10-12 04:08:47,028 - e19b - ERROR - Failed to convert TDATA to Telethon session:
	Path: C:\projects\tg_accs\18077006341\tdata
	Papa Exception -  type: <class 'asyncio.exceptions.CancelledError'>, message: 
2024-10-12 04:08:47,301 - 473f - INFO - Telegram profile loaded - path: C:\projects\tg_accs\12264550366\tdata
2024-10-12 04:08:47,308 - cb3c - INFO - Telegram profile loaded - path: C:\projects\tg_accs\12264558635\tdata
2024-10-12 04:08:47,319 - e0bc - INFO - Telegram profile loaded - path: C:\projects\tg_accs\18077006341\tdata
2024-10-12 04:08:47,327 - fd97 - INFO - Telegram profile loaded - path: C:\projects\tg_accs\15874097035\tdata
2024-10-12 04:09:09,756 - 473f - ERROR - Failed to convert TDATA to Telethon session:
	Path: C:\projects\tg_accs\12264550366\tdata
	Papa Exception -  type: <class 'asyncio.exceptions.CancelledError'>, message: 
2024-10-12 04:09:09,824 - cb3c - ERROR - Failed to convert TDATA to Telethon session:
	Path: C:\projects\tg_accs\12264558635\tdata
	Papa Exception -  type: <class 'asyncio.exceptions.CancelledError'>, message: 
2024-10-12 04:09:09,834 - fd97 - ERROR - Failed to convert TDATA to Telethon session:
	Path: C:\projects\tg_accs\15874097035\tdata
	Papa Exception -  type: <class 'asyncio.exceptions.CancelledError'>, message: 
2024-10-12 04:09:09,835 - e0bc - ERROR - Failed to convert TDATA to Telethon session:
	Path: C:\projects\tg_accs\18077006341\tdata
	Papa Exception -  type: <class 'asyncio.exceptions.CancelledError'>, message: 
2024-10-12 04:09:10,179 - 9fa6 - INFO - Telegram profile loaded - path: C:\projects\tg_accs\12264558635\tdata
2024-10-12 04:09:10,185 - 918b - INFO - Telegram profile loaded - path: C:\projects\tg_accs\18077006341\tdata
2024-10-12 04:09:10,191 - 3f54 - INFO - Telegram profile loaded - path: C:\projects\tg_accs\15874097035\tdata
2024-10-12 04:09:10,194 - 4064 - INFO - Telegram profile loaded - path: C:\projects\tg_accs\12264550366\tdata
2024-10-12 04:09:32,679 - 9fa6 - ERROR - Failed to convert TDATA to Telethon session:
	Path: C:\projects\tg_accs\12264558635\tdata
	Papa Exception -  type: <class 'asyncio.exceptions.CancelledError'>, message: 
2024-10-12 04:09:32,679 - 918b - ERROR - Failed to convert TDATA to Telethon session:
	Path: C:\projects\tg_accs\18077006341\tdata
	Papa Exception -  type: <class 'asyncio.exceptions.CancelledError'>, message: 
2024-10-12 04:09:32,731 - 4064 - ERROR - Failed to convert TDATA to Telethon session:
	Path: C:\projects\tg_accs\12264550366\tdata
	Papa Exception -  type: <class 'asyncio.exceptions.CancelledError'>, message: 
2024-10-12 04:09:32,737 - 3f54 - ERROR - Failed to convert TDATA to Telethon session:
	Path: C:\projects\tg_accs\15874097035\tdata
	Papa Exception -  type: <class 'asyncio.exceptions.CancelledError'>, message: 
2024-10-12 04:09:33,006 - 4a58 - INFO - Telegram profile loaded - path: C:\projects\tg_accs\12264550366\tdata
2024-10-12 04:09:33,012 - dfb5 - INFO - Telegram profile loaded - path: C:\projects\tg_accs\12264558635\tdata
2024-10-12 04:09:33,017 - 0e09 - INFO - Telegram profile loaded - path: C:\projects\tg_accs\18077006341\tdata
2024-10-12 04:09:33,023 - feba - INFO - Telegram profile loaded - path: C:\projects\tg_accs\15874097035\tdata
2024-10-12 04:09:44,580 - 4a58 - ERROR - Failed to convert TDATA to Telethon session:
	Path: C:\projects\tg_accs\12264550366\tdata
	Papa Exception -  type: <class 'asyncio.exceptions.CancelledError'>, message: 
2024-10-12 04:09:44,588 - 0e09 - ERROR - Failed to convert TDATA to Telethon session:
	Path: C:\projects\tg_accs\18077006341\tdata
	Papa Exception -  type: <class 'asyncio.exceptions.CancelledError'>, message: 
2024-10-12 04:09:44,595 - dfb5 - ERROR - Failed to convert TDATA to Telethon session:
	Path: C:\projects\tg_accs\12264558635\tdata
	Papa Exception -  type: <class 'asyncio.exceptions.CancelledError'>, message: 
2024-10-12 04:09:44,596 - feba - ERROR - Failed to convert TDATA to Telethon session:
	Path: C:\projects\tg_accs\15874097035\tdata
	Papa Exception -  type: <class 'asyncio.exceptions.CancelledError'>, message: 
2024-10-12 04:10:24,172 - 6847 - INFO - Telegram profile loaded - path: C:\projects\tg_accs\12264558635\tdata
2024-10-12 04:10:24,178 - f9bb - INFO - Telegram profile loaded - path: C:\projects\tg_accs\18077006341\tdata
2024-10-12 04:10:24,185 - c6bd - INFO - Telegram profile loaded - path: C:\projects\tg_accs\15874097035\tdata
2024-10-12 04:10:24,193 - c233 - INFO - Telegram profile loaded - path: C:\projects\tg_accs\12264550366\tdata
2024-10-12 04:10:36,642 - c6bd - ERROR - Failed to convert TDATA to Telethon session:
	Path: C:\projects\tg_accs\15874097035\tdata
	Papa Exception -  type: <class 'asyncio.exceptions.CancelledError'>, message: 
2024-10-12 04:10:36,645 - c233 - ERROR - Failed to convert TDATA to Telethon session:
	Path: C:\projects\tg_accs\12264550366\tdata
	Papa Exception -  type: <class 'asyncio.exceptions.CancelledError'>, message: 
2024-10-12 04:10:36,734 - 6847 - ERROR - Failed to convert TDATA to Telethon session:
	Path: C:\projects\tg_accs\12264558635\tdata
	Papa Exception -  type: <class 'asyncio.exceptions.CancelledError'>, message: 
2024-10-12 04:10:36,736 - f9bb - ERROR - Failed to convert TDATA to Telethon session:
	Path: C:\projects\tg_accs\18077006341\tdata
	Papa Exception -  type: <class 'asyncio.exceptions.CancelledError'>, message: 
2024-10-12 04:10:37,188 - 23a5 - INFO - Telegram profile loaded - path: C:\projects\tg_accs\12264550366\tdata
2024-10-12 04:10:37,206 - 7b09 - INFO - Telegram profile loaded - path: C:\projects\tg_accs\18077006341\tdata
2024-10-12 04:10:37,206 - 48fc - INFO - Telegram profile loaded - path: C:\projects\tg_accs\12264558635\tdata
2024-10-12 04:10:37,221 - f123 - INFO - Telegram profile loaded - path: C:\projects\tg_accs\15874097035\tdata
2024-10-12 04:10:55,279 - 7b09 - ERROR - Failed to convert TDATA to Telethon session:
	Path: C:\projects\tg_accs\18077006341\tdata
	Papa Exception -  type: <class 'asyncio.exceptions.CancelledError'>, message: 
2024-10-12 04:10:55,285 - f123 - ERROR - Failed to convert TDATA to Telethon session:
	Path: C:\projects\tg_accs\15874097035\tdata
	Papa Exception -  type: <class 'asyncio.exceptions.CancelledError'>, message: 
2024-10-12 04:10:55,294 - 23a5 - ERROR - Failed to convert TDATA to Telethon session:
	Path: C:\projects\tg_accs\12264550366\tdata
	Papa Exception -  type: <class 'asyncio.exceptions.CancelledError'>, message: 
2024-10-12 04:11:06,439 - 48fc - ERROR - Failed to convert TDATA to Telethon session:
	Path: C:\projects\tg_accs\12264558635\tdata
	Papa Exception -  type: <class 'asyncio.exceptions.CancelledError'>, message: 
2024-10-12 04:11:06,934 - fc42 - INFO - Telegram profile loaded - path: C:\projects\tg_accs\15874097035\tdata
2024-10-12 04:11:06,940 - 6bf7 - INFO - Telegram profile loaded - path: C:\projects\tg_accs\18077006341\tdata
2024-10-12 04:11:06,954 - f54d - INFO - Telegram profile loaded - path: C:\projects\tg_accs\12264558635\tdata
2024-10-12 04:11:06,960 - 333a - INFO - Telegram profile loaded - path: C:\projects\tg_accs\12264550366\tdata
2024-10-12 04:11:31,059 - 6bf7 - ERROR - Failed to convert TDATA to Telethon session:
	Path: C:\projects\tg_accs\18077006341\tdata
	Papa Exception -  type: <class 'asyncio.exceptions.CancelledError'>, message: 
2024-10-12 04:11:31,084 - fc42 - ERROR - Failed to convert TDATA to Telethon session:
	Path: C:\projects\tg_accs\15874097035\tdata
	Papa Exception -  type: <class 'asyncio.exceptions.CancelledError'>, message: 
2024-10-12 04:11:31,104 - f54d - ERROR - Failed to convert TDATA to Telethon session:
	Path: C:\projects\tg_accs\12264558635\tdata
	Papa Exception -  type: <class 'asyncio.exceptions.CancelledError'>, message: 
2024-10-12 04:11:31,109 - 333a - ERROR - Failed to convert TDATA to Telethon session:
	Path: C:\projects\tg_accs\12264550366\tdata
	Papa Exception -  type: <class 'asyncio.exceptions.CancelledError'>, message: 
2024-10-12 04:11:36,927 - 6c15 - INFO - Telegram profile loaded - path: C:\projects\tg_accs\15874097035\tdata
2024-10-12 04:11:36,933 - 93a8 - INFO - Telegram profile loaded - path: C:\projects\tg_accs\12264550366\tdata
2024-10-12 04:11:36,939 - 61b5 - INFO - Telegram profile loaded - path: C:\projects\tg_accs\12264558635\tdata
2024-10-12 04:11:36,943 - 6402 - INFO - Telegram profile loaded - path: C:\projects\tg_accs\18077006341\tdata
2024-10-12 04:12:00,444 - 6c15 - ERROR - Failed to convert TDATA to Telethon session:
	Path: C:\projects\tg_accs\15874097035\tdata
	Papa Exception -  type: <class 'asyncio.exceptions.CancelledError'>, message: 
2024-10-12 04:12:00,482 - 6402 - ERROR - Failed to convert TDATA to Telethon session:
	Path: C:\projects\tg_accs\18077006341\tdata
	Papa Exception -  type: <class 'asyncio.exceptions.CancelledError'>, message: 
2024-10-12 04:12:00,494 - 61b5 - ERROR - Failed to convert TDATA to Telethon session:
	Path: C:\projects\tg_accs\12264558635\tdata
	Papa Exception -  type: <class 'asyncio.exceptions.CancelledError'>, message: 
2024-10-12 04:12:00,495 - 93a8 - ERROR - Failed to convert TDATA to Telethon session:
	Path: C:\projects\tg_accs\12264550366\tdata
	Papa Exception -  type: <class 'asyncio.exceptions.CancelledError'>, message: 
2024-10-12 04:12:00,753 - 74d0 - INFO - Telegram profile loaded - path: C:\projects\tg_accs\18077006341\tdata
2024-10-12 04:12:00,759 - e527 - INFO - Telegram profile loaded - path: C:\projects\tg_accs\15874097035\tdata
2024-10-12 04:12:00,764 - ea4d - INFO - Telegram profile loaded - path: C:\projects\tg_accs\12264558635\tdata
2024-10-12 04:12:00,771 - e4db - INFO - Telegram profile loaded - path: C:\projects\tg_accs\12264550366\tdata
2024-10-12 04:12:12,290 - 74d0 - ERROR - Failed to convert TDATA to Telethon session:
	Path: C:\projects\tg_accs\18077006341\tdata
	Papa Exception -  type: <class 'asyncio.exceptions.CancelledError'>, message: 
2024-10-12 04:12:12,292 - ea4d - ERROR - Failed to convert TDATA to Telethon session:
	Path: C:\projects\tg_accs\12264558635\tdata
	Papa Exception -  type: <class 'asyncio.exceptions.CancelledError'>, message: 
2024-10-12 04:12:12,312 - e527 - ERROR - Failed to convert TDATA to Telethon session:
	Path: C:\projects\tg_accs\15874097035\tdata
	Papa Exception -  type: <class 'asyncio.exceptions.CancelledError'>, message: 
2024-10-12 04:12:12,320 - e4db - ERROR - Failed to convert TDATA to Telethon session:
	Path: C:\projects\tg_accs\12264550366\tdata
	Papa Exception -  type: <class 'asyncio.exceptions.CancelledError'>, message: 
2024-10-12 04:12:23,867 - d251 - INFO - Telegram profile loaded - path: C:\projects\tg_accs\12264550366\tdata
2024-10-12 04:12:23,873 - bd96 - INFO - Telegram profile loaded - path: C:\projects\tg_accs\12264558635\tdata
2024-10-12 04:12:23,881 - 5cb8 - INFO - Telegram profile loaded - path: C:\projects\tg_accs\15874097035\tdata
2024-10-12 04:12:23,891 - 9efa - INFO - Telegram profile loaded - path: C:\projects\tg_accs\18077006341\tdata
2024-10-12 04:13:15,620 - bd96 - ERROR - Failed to convert TDATA to Telethon session:
	Path: C:\projects\tg_accs\12264558635\tdata
	Papa Exception -  type: <class 'asyncio.exceptions.CancelledError'>, message: 
2024-10-12 04:13:15,644 - 5cb8 - ERROR - Failed to convert TDATA to Telethon session:
	Path: C:\projects\tg_accs\15874097035\tdata
	Papa Exception -  type: <class 'asyncio.exceptions.CancelledError'>, message: 
2024-10-12 04:13:15,670 - d251 - ERROR - Failed to convert TDATA to Telethon session:
	Path: C:\projects\tg_accs\12264550366\tdata
	Papa Exception -  type: <class 'asyncio.exceptions.CancelledError'>, message: 
2024-10-12 04:13:15,677 - 9efa - ERROR - Failed to convert TDATA to Telethon session:
	Path: C:\projects\tg_accs\18077006341\tdata
	Papa Exception -  type: <class 'asyncio.exceptions.CancelledError'>, message: 
2024-10-12 04:13:16,244 - 4364 - INFO - Telegram profile loaded - path: C:\projects\tg_accs\18077006341\tdata
2024-10-12 04:13:16,253 - fd3e - INFO - Telegram profile loaded - path: C:\projects\tg_accs\12264558635\tdata
2024-10-12 04:13:16,265 - 81b1 - INFO - Telegram profile loaded - path: C:\projects\tg_accs\12264550366\tdata
2024-10-12 04:13:16,275 - d060 - INFO - Telegram profile loaded - path: C:\projects\tg_accs\15874097035\tdata
2024-10-12 04:13:34,232 - 4364 - ERROR - Failed to convert TDATA to Telethon session:
	Path: C:\projects\tg_accs\18077006341\tdata
	Papa Exception -  type: <class 'asyncio.exceptions.CancelledError'>, message: 
2024-10-12 04:13:34,241 - d060 - ERROR - Failed to convert TDATA to Telethon session:
	Path: C:\projects\tg_accs\15874097035\tdata
	Papa Exception -  type: <class 'asyncio.exceptions.CancelledError'>, message: 
2024-10-12 04:13:39,729 - fd3e - ERROR - Failed to convert TDATA to Telethon session:
	Path: C:\projects\tg_accs\12264558635\tdata
	Papa Exception -  type: <class 'asyncio.exceptions.CancelledError'>, message: 
2024-10-12 04:13:39,774 - 81b1 - ERROR - Failed to convert TDATA to Telethon session:
	Path: C:\projects\tg_accs\12264550366\tdata
	Papa Exception -  type: <class 'asyncio.exceptions.CancelledError'>, message: 
2024-10-12 04:13:40,050 - dec5 - INFO - Telegram profile loaded - path: C:\projects\tg_accs\15874097035\tdata
2024-10-12 04:13:40,056 - cc53 - INFO - Telegram profile loaded - path: C:\projects\tg_accs\12264558635\tdata
2024-10-12 04:13:40,060 - 1eb6 - INFO - Telegram profile loaded - path: C:\projects\tg_accs\12264550366\tdata
2024-10-12 04:13:40,065 - 0d43 - INFO - Telegram profile loaded - path: C:\projects\tg_accs\18077006341\tdata
2024-10-12 04:14:14,419 - dec5 - ERROR - Failed to convert TDATA to Telethon session:
	Path: C:\projects\tg_accs\15874097035\tdata
	Papa Exception -  type: <class 'asyncio.exceptions.CancelledError'>, message: 
2024-10-12 04:14:14,422 - 0d43 - ERROR - Failed to convert TDATA to Telethon session:
	Path: C:\projects\tg_accs\18077006341\tdata
	Papa Exception -  type: <class 'asyncio.exceptions.CancelledError'>, message: 
2024-10-12 04:14:14,426 - cc53 - ERROR - Failed to convert TDATA to Telethon session:
	Path: C:\projects\tg_accs\12264558635\tdata
	Papa Exception -  type: <class 'asyncio.exceptions.CancelledError'>, message: 
2024-10-12 04:14:14,429 - 1eb6 - ERROR - Failed to convert TDATA to Telethon session:
	Path: C:\projects\tg_accs\12264550366\tdata
	Papa Exception -  type: <class 'asyncio.exceptions.CancelledError'>, message: 
2024-10-12 04:14:14,711 - 5449 - INFO - Telegram profile loaded - path: C:\projects\tg_accs\18077006341\tdata
2024-10-12 04:14:15,194 - e0bd - INFO - Telegram profile loaded - path: C:\projects\tg_accs\12264550366\tdata
2024-10-12 04:14:15,212 - 16a8 - INFO - Telegram profile loaded - path: C:\projects\tg_accs\12264558635\tdata
2024-10-12 04:14:15,219 - f3be - INFO - Telegram profile loaded - path: C:\projects\tg_accs\15874097035\tdata
2024-10-12 04:14:26,622 - 5449 - ERROR - Failed to convert TDATA to Telethon session:
	Path: C:\projects\tg_accs\18077006341\tdata
	Papa Exception -  type: <class 'asyncio.exceptions.CancelledError'>, message: 
2024-10-12 04:14:26,627 - e0bd - ERROR - Failed to convert TDATA to Telethon session:
	Path: C:\projects\tg_accs\12264550366\tdata
	Papa Exception -  type: <class 'asyncio.exceptions.CancelledError'>, message: 
2024-10-12 04:14:26,629 - f3be - ERROR - Failed to convert TDATA to Telethon session:
	Path: C:\projects\tg_accs\15874097035\tdata
	Papa Exception -  type: <class 'asyncio.exceptions.CancelledError'>, message: 
2024-10-12 04:14:26,631 - 16a8 - ERROR - Failed to convert TDATA to Telethon session:
	Path: C:\projects\tg_accs\12264558635\tdata
	Papa Exception -  type: <class 'asyncio.exceptions.CancelledError'>, message: 
2024-10-12 04:14:26,976 - 22ba - INFO - Telegram profile loaded - path: C:\projects\tg_accs\18077006341\tdata
2024-10-12 04:14:26,988 - a544 - INFO - Telegram profile loaded - path: C:\projects\tg_accs\12264558635\tdata
2024-10-12 04:14:26,995 - 2633 - INFO - Telegram profile loaded - path: C:\projects\tg_accs\12264550366\tdata
2024-10-12 04:14:27,003 - 6a74 - INFO - Telegram profile loaded - path: C:\projects\tg_accs\15874097035\tdata
2024-10-12 04:14:39,481 - a544 - ERROR - Failed to convert TDATA to Telethon session:
	Path: C:\projects\tg_accs\12264558635\tdata
	Papa Exception -  type: <class 'asyncio.exceptions.CancelledError'>, message: 
2024-10-12 04:14:39,547 - 22ba - ERROR - Failed to convert TDATA to Telethon session:
	Path: C:\projects\tg_accs\18077006341\tdata
	Papa Exception -  type: <class 'asyncio.exceptions.CancelledError'>, message: 
2024-10-12 04:14:39,556 - 2633 - ERROR - Failed to convert TDATA to Telethon session:
	Path: C:\projects\tg_accs\12264550366\tdata
	Papa Exception -  type: <class 'asyncio.exceptions.CancelledError'>, message: 
2024-10-12 04:14:39,561 - 6a74 - ERROR - Failed to convert TDATA to Telethon session:
	Path: C:\projects\tg_accs\15874097035\tdata
	Papa Exception -  type: <class 'asyncio.exceptions.CancelledError'>, message: 
2024-10-12 04:14:39,815 - 7f19 - INFO - Telegram profile loaded - path: C:\projects\tg_accs\12264558635\tdata
2024-10-12 04:14:39,824 - 83c7 - INFO - Telegram profile loaded - path: C:\projects\tg_accs\15874097035\tdata
2024-10-12 04:14:39,830 - f7ed - INFO - Telegram profile loaded - path: C:\projects\tg_accs\18077006341\tdata
2024-10-12 04:14:39,830 - 6e7a - INFO - Telegram profile loaded - path: C:\projects\tg_accs\12264550366\tdata
2024-10-12 04:15:02,197 - 7f19 - ERROR - Failed to convert TDATA to Telethon session:
	Path: C:\projects\tg_accs\12264558635\tdata
	Papa Exception -  type: <class 'asyncio.exceptions.CancelledError'>, message: 
2024-10-12 04:15:02,217 - f7ed - ERROR - Failed to convert TDATA to Telethon session:
	Path: C:\projects\tg_accs\18077006341\tdata
	Papa Exception -  type: <class 'asyncio.exceptions.CancelledError'>, message: 
2024-10-12 04:15:02,239 - 83c7 - ERROR - Failed to convert TDATA to Telethon session:
	Path: C:\projects\tg_accs\15874097035\tdata
	Papa Exception -  type: <class 'asyncio.exceptions.CancelledError'>, message: 
2024-10-12 04:15:02,248 - 6e7a - ERROR - Failed to convert TDATA to Telethon session:
	Path: C:\projects\tg_accs\12264550366\tdata
	Papa Exception -  type: <class 'asyncio.exceptions.CancelledError'>, message: 
2024-10-12 04:15:02,580 - 6e5a - INFO - Telegram profile loaded - path: C:\projects\tg_accs\15874097035\tdata
2024-10-12 04:15:02,586 - b8b6 - INFO - Telegram profile loaded - path: C:\projects\tg_accs\12264558635\tdata
2024-10-12 04:15:02,590 - 6163 - INFO - Telegram profile loaded - path: C:\projects\tg_accs\12264550366\tdata
2024-10-12 04:15:02,597 - 1f08 - INFO - Telegram profile loaded - path: C:\projects\tg_accs\18077006341\tdata
2024-10-12 04:15:25,168 - 6e5a - ERROR - Failed to convert TDATA to Telethon session:
	Path: C:\projects\tg_accs\15874097035\tdata
	Papa Exception -  type: <class 'asyncio.exceptions.CancelledError'>, message: 
2024-10-12 04:15:25,184 - 6163 - ERROR - Failed to convert TDATA to Telethon session:
	Path: C:\projects\tg_accs\12264550366\tdata
	Papa Exception -  type: <class 'asyncio.exceptions.CancelledError'>, message: 
2024-10-12 04:15:25,186 - 1f08 - ERROR - Failed to convert TDATA to Telethon session:
	Path: C:\projects\tg_accs\18077006341\tdata
	Papa Exception -  type: <class 'asyncio.exceptions.CancelledError'>, message: 
2024-10-12 04:15:25,189 - b8b6 - ERROR - Failed to convert TDATA to Telethon session:
	Path: C:\projects\tg_accs\12264558635\tdata
	Papa Exception -  type: <class 'asyncio.exceptions.CancelledError'>, message: 
2024-10-12 04:15:25,554 - a666 - INFO - Telegram profile loaded - path: C:\projects\tg_accs\15874097035\tdata
2024-10-12 04:15:25,567 - d9a8 - INFO - Telegram profile loaded - path: C:\projects\tg_accs\12264558635\tdata
2024-10-12 04:15:25,575 - ad40 - INFO - Telegram profile loaded - path: C:\projects\tg_accs\18077006341\tdata
2024-10-12 04:15:25,581 - 8798 - INFO - Telegram profile loaded - path: C:\projects\tg_accs\12264550366\tdata
2024-10-12 04:15:37,935 - ad40 - ERROR - Failed to convert TDATA to Telethon session:
	Path: C:\projects\tg_accs\18077006341\tdata
	Papa Exception -  type: <class 'asyncio.exceptions.CancelledError'>, message: 
2024-10-12 04:15:37,955 - a666 - ERROR - Failed to convert TDATA to Telethon session:
	Path: C:\projects\tg_accs\15874097035\tdata
	Papa Exception -  type: <class 'asyncio.exceptions.CancelledError'>, message: 
2024-10-12 04:15:37,964 - 8798 - ERROR - Failed to convert TDATA to Telethon session:
	Path: C:\projects\tg_accs\12264550366\tdata
	Papa Exception -  type: <class 'asyncio.exceptions.CancelledError'>, message: 
2024-10-12 04:15:54,351 - d9a8 - ERROR - Failed to convert TDATA to Telethon session:
	Path: C:\projects\tg_accs\12264558635\tdata
	Papa Exception -  type: <class 'asyncio.exceptions.CancelledError'>, message: 
2024-10-12 04:16:00,299 - 00b5 - INFO - Telegram profile loaded - path: C:\projects\tg_accs\15874097035\tdata
2024-10-12 04:16:00,301 - 75da - INFO - Telegram profile loaded - path: C:\projects\tg_accs\18077006341\tdata
2024-10-12 04:16:00,315 - 747d - INFO - Telegram profile loaded - path: C:\projects\tg_accs\12264558635\tdata
2024-10-12 04:16:00,324 - 2a19 - INFO - Telegram profile loaded - path: C:\projects\tg_accs\12264550366\tdata
2024-10-12 04:16:18,128 - 00b5 - ERROR - Failed to convert TDATA to Telethon session:
	Path: C:\projects\tg_accs\15874097035\tdata
	Papa Exception -  type: <class 'asyncio.exceptions.CancelledError'>, message: 
2024-10-12 04:16:18,128 - 75da - ERROR - Failed to convert TDATA to Telethon session:
	Path: C:\projects\tg_accs\18077006341\tdata
	Papa Exception -  type: <class 'asyncio.exceptions.CancelledError'>, message: 
2024-10-12 04:16:18,150 - 747d - ERROR - Failed to convert TDATA to Telethon session:
	Path: C:\projects\tg_accs\12264558635\tdata
	Papa Exception -  type: <class 'asyncio.exceptions.CancelledError'>, message: 
2024-10-12 04:16:18,154 - 2a19 - ERROR - Failed to convert TDATA to Telethon session:
	Path: C:\projects\tg_accs\12264550366\tdata
	Papa Exception -  type: <class 'asyncio.exceptions.CancelledError'>, message: 
2024-10-12 04:24:34,762 - ac63 - INFO - Telegram profile loaded - path: C:\projects\tg_accs\12264558635\tdata
2024-10-12 04:24:34,773 - 541b - INFO - Telegram profile loaded - path: C:\projects\tg_accs\15874097035\tdata
2024-10-12 04:24:34,783 - aa34 - INFO - Telegram profile loaded - path: C:\projects\tg_accs\18077006341\tdata
2024-10-12 04:24:34,791 - 8128 - INFO - Telegram profile loaded - path: C:\projects\tg_accs\12264550366\tdata
2024-10-12 04:24:39,787 - 541b - INFO - Telegram profile connect success - path: C:\projects\tg_accs\15874097035\tdata, id: 6714712311, username: guapepep, phone: 15874097035
2024-10-12 04:24:39,885 - aa34 - INFO - Telegram profile connect success - path: C:\projects\tg_accs\18077006341\tdata, id: 7515509069, username: JeanneBlair2001, phone: 18077006341
2024-10-12 04:24:40,006 - 8128 - INFO - Telegram profile connect success - path: C:\projects\tg_accs\12264550366\tdata, id: 7596997432, username: TamaraKanahele2022, phone: 12264550366
2024-10-12 04:24:40,568 - 63d9 - DEBUG - Start GET entry URL
2024-10-12 04:24:40,656 - a218 - DEBUG - Start GET entry URL
2024-10-12 04:24:40,794 - 0680 - DEBUG - Start GET entry URL
2024-10-12 04:24:40,883 - ac63 - INFO - Telegram profile connect success - path: C:\projects\tg_accs\12264558635\tdata, id: 7703582587, username: DeborahLamboy2009, phone: 12264558635
2024-10-12 04:24:41,850 - 3e5c - DEBUG - Start GET entry URL
2024-10-12 04:24:49,629 - a218 - INFO - Finish GET entry URL GET, status: 200, content len: 6121
2024-10-12 04:24:49,629 - a218 - DEBUG - Start GET account status
2024-10-12 04:24:51,101 - 0680 - INFO - Finish GET entry URL GET, status: 200, content len: 6121
2024-10-12 04:24:51,101 - 0680 - DEBUG - Start GET account status
2024-10-12 04:24:51,552 - 3e5c - INFO - Finish GET entry URL GET, status: 200, content len: 6121
2024-10-12 04:24:51,552 - 3e5c - DEBUG - Start GET account status
2024-10-12 04:24:52,276 - 63d9 - INFO - Finish GET entry URL GET, status: 200, content len: 6121
2024-10-12 04:24:52,276 - 63d9 - DEBUG - Start GET account status
2024-10-12 04:25:00,504 - a218 - INFO - Finish GET account state, status: 200, content: b'{"coins":0,"speedPerSecond":0.00003033333333333333,"fromStart":1477,"fromUpdate":0,"maxMiningTime":28800,"claimed":0,"boosts":{"energyLimit":2,"paintReward":2,"reChargeSpeed":2},"repaintsTotal":26,"userBalance":22.061467666666665,"activated":true,"league":"silver","charges":3,"maxCharges":12,"reChargeTimer":296427,"reChargeSpeed":570000,"goods":{},"tasks":{}}\n' content len: 362
2024-10-12 04:25:00,504 - a218 - DEBUG - Start CLAIM
2024-10-12 04:25:01,739 - 3e5c - INFO - Finish GET account state, status: 200, content: b'{"coins":0,"speedPerSecond":0.00004316666666666666,"fromStart":1468,"fromUpdate":0,"maxMiningTime":28800,"claimed":0,"boosts":{"energyLimit":2,"paintReward":2,"reChargeSpeed":2},"repaintsTotal":37,"userBalance":44.27258283333334,"activated":true,"league":"silver","charges":3,"maxCharges":6,"reChargeTimer":288639,"reChargeSpeed":570000,"goods":{},"tasks":{}}\n' content len: 360
2024-10-12 04:25:01,739 - 3e5c - DEBUG - Start CLAIM
2024-10-12 04:25:02,306 - 0680 - INFO - Finish GET account state, status: 200, content: b'{"coins":0,"speedPerSecond":0.0000525,"fromStart":1476,"fromUpdate":0,"maxMiningTime":28800,"claimed":0,"boosts":{"energyLimit":2,"paintReward":2,"reChargeSpeed":2},"repaintsTotal":45,"userBalance":57.45105149999994,"activated":true,"league":"silver","charges":3,"maxCharges":6,"reChargeTimer":287968,"reChargeSpeed":570000,"goods":{},"tasks":{}}\n' content len: 347
2024-10-12 04:25:02,306 - 0680 - DEBUG - Start CLAIM
2024-10-12 04:25:03,078 - 63d9 - INFO - Finish GET account state, status: 200, content: b'{"coins":0,"speedPerSecond":0.00003033333333333333,"fromStart":1480,"fromUpdate":0,"maxMiningTime":28800,"claimed":0,"boosts":{"energyLimit":2,"paintReward":2,"reChargeSpeed":2},"repaintsTotal":26,"userBalance":25.352088999999996,"activated":true,"league":"silver","charges":3,"maxCharges":6,"reChargeTimer":285776,"reChargeSpeed":570000,"goods":{},"tasks":{}}\n' content len: 361
2024-10-12 04:25:03,078 - 63d9 - DEBUG - Start CLAIM
2024-10-12 04:25:11,255 - a218 - INFO - Finish CLAIM, status: 200, content: b'{"coins":0,"speedPerSecond":0.00003033333333333333,"fromStart":0,"fromUpdate":0,"maxMiningTime":28800,"claimed":0.045135999999999996,"boosts":{"energyLimit":2,"paintReward":2,"reChargeSpeed":2},"repaintsTotal":0,"userBalance":0,"activated":true,"league":"silver","charges":0,"maxCharges":0,"reChargeTimer":0,"reChargeSpeed":0,"goods":null,"tasks":{}}\n' content len: 351
2024-10-12 04:25:11,255 - a218 - DEBUG - Start PAINT PIXEL 229:229
2024-10-12 04:25:13,005 - 0680 - INFO - Finish CLAIM, status: 200, content: b'{"coins":0,"speedPerSecond":0.0000525,"fromStart":0,"fromUpdate":0,"maxMiningTime":28800,"claimed":0.07812000000000001,"boosts":{"energyLimit":2,"paintReward":2,"reChargeSpeed":2},"repaintsTotal":0,"userBalance":0,"activated":true,"league":"silver","charges":0,"maxCharges":0,"reChargeTimer":0,"reChargeSpeed":0,"goods":null,"tasks":{}}\n' content len: 337
2024-10-12 04:25:13,005 - 0680 - DEBUG - Start PAINT PIXEL 229:231
2024-10-12 04:25:14,284 - 63d9 - INFO - Finish CLAIM, status: 200, content: b'{"coins":0,"speedPerSecond":0.00003033333333333333,"fromStart":0,"fromUpdate":0,"maxMiningTime":28800,"claimed":0.04525733333333333,"boosts":{"energyLimit":2,"paintReward":2,"reChargeSpeed":2},"repaintsTotal":0,"userBalance":0,"activated":true,"league":"silver","charges":0,"maxCharges":0,"reChargeTimer":0,"reChargeSpeed":0,"goods":null,"tasks":{}}\n' content len: 350
2024-10-12 04:25:14,286 - 63d9 - DEBUG - Start PAINT PIXEL 228:230
2024-10-12 04:25:16,353 - 3e5c - INFO - Finish CLAIM, status: 200, content: b'{"coins":0,"speedPerSecond":0.00004316666666666666,"fromStart":0,"fromUpdate":0,"maxMiningTime":28800,"claimed":0.06392983333333332,"boosts":{"energyLimit":2,"paintReward":2,"reChargeSpeed":2},"repaintsTotal":0,"userBalance":0,"activated":true,"league":"silver","charges":0,"maxCharges":0,"reChargeTimer":0,"reChargeSpeed":0,"goods":null,"tasks":{}}\n' content len: 350
2024-10-12 04:25:16,356 - 3e5c - DEBUG - Start PAINT PIXEL 228:228
2024-10-12 04:25:21,676 - a218 - INFO - Finish PAINT PIXEL 229:229 to #000000, status: 200, content: b'{"balance":23.106603666667}\n' content len: 28
2024-10-12 04:25:21,676 - a218 - DEBUG - Start PAINT PIXEL 229:230
2024-10-12 04:25:23,585 - 0680 - INFO - Finish PAINT PIXEL 229:231 to #000000, status: 200, content: b'{"balance":58.5291715}\n' content len: 23
2024-10-12 04:25:23,585 - 0680 - DEBUG - Start PAINT PIXEL 230:229
2024-10-12 04:25:25,120 - 63d9 - INFO - Finish PAINT PIXEL 228:230 to #000000, status: 200, content: b'{"balance":26.397346333333}\n' content len: 28
2024-10-12 04:25:25,120 - 63d9 - DEBUG - Start PAINT PIXEL 229:228
2024-10-12 04:25:26,598 - 3e5c - INFO - Finish PAINT PIXEL 228:228 to #000000, status: 200, content: b'{"balance":45.400356166667}\n' content len: 28
2024-10-12 04:25:26,598 - 3e5c - DEBUG - Start PAINT PIXEL 228:229
2024-10-12 04:25:34,244 - a218 - INFO - Finish PAINT PIXEL 229:230 to #FFFFFF, status: 200, content: b'{"balance":24.106603666667}\n' content len: 28
2024-10-12 04:25:35,629 - 63d9 - INFO - Finish PAINT PIXEL 229:228 to #000000, status: 200, content: b'{"balance":27.397346333333}\n' content len: 28
2024-10-12 04:25:36,907 - 0680 - INFO - Finish PAINT PIXEL 230:229 to #FFFFFF, status: 200, content: b'{"balance":59.5291715}\n' content len: 23
2024-10-12 04:25:39,192 - 3e5c - INFO - Finish PAINT PIXEL 228:229 to #FFFFFF, status: 200, content: b'{"balance":46.400356166667}\n' content len: 28
2024-10-12 04:25:39,437 - d6c7 - INFO - Telegram profile loaded - path: C:\projects\tg_accs\15874097035\tdata
2024-10-12 04:25:39,445 - 0fa3 - INFO - Telegram profile loaded - path: C:\projects\tg_accs\12264558635\tdata
2024-10-12 04:25:39,451 - 5704 - INFO - Telegram profile loaded - path: C:\projects\tg_accs\18077006341\tdata
2024-10-12 04:25:39,457 - 483f - INFO - Telegram profile loaded - path: C:\projects\tg_accs\12264550366\tdata
2024-10-12 04:25:44,386 - 5704 - INFO - Telegram profile connect success - path: C:\projects\tg_accs\18077006341\tdata, id: 7515509069, username: JeanneBlair2001, phone: 18077006341
2024-10-12 04:25:44,464 - d6c7 - INFO - Telegram profile connect success - path: C:\projects\tg_accs\15874097035\tdata, id: 6714712311, username: guapepep, phone: 15874097035
2024-10-12 04:25:44,592 - 483f - INFO - Telegram profile connect success - path: C:\projects\tg_accs\12264550366\tdata, id: 7596997432, username: TamaraKanahele2022, phone: 12264550366
2024-10-12 04:25:45,146 - 9e0e - DEBUG - Start GET entry URL
2024-10-12 04:25:45,262 - 8399 - DEBUG - Start GET entry URL
2024-10-12 04:25:45,402 - e80f - DEBUG - Start GET entry URL
2024-10-12 04:25:45,668 - 0fa3 - INFO - Telegram profile connect success - path: C:\projects\tg_accs\12264558635\tdata, id: 7703582587, username: DeborahLamboy2009, phone: 12264558635
2024-10-12 04:25:46,645 - 3cc1 - DEBUG - Start GET entry URL
2024-10-12 04:25:55,098 - e80f - INFO - Finish GET entry URL GET, status: 200, content len: 6121
2024-10-12 04:25:55,098 - e80f - DEBUG - Start GET account status
2024-10-12 04:25:55,410 - 9e0e - INFO - Finish GET entry URL GET, status: 200, content len: 6121
2024-10-12 04:25:55,410 - 9e0e - DEBUG - Start GET account status
2024-10-12 04:25:56,010 - 8399 - INFO - Finish GET entry URL GET, status: 200, content len: 6121
2024-10-12 04:25:56,010 - 8399 - DEBUG - Start GET account status
2024-10-12 04:25:57,069 - 3cc1 - INFO - Finish GET entry URL GET, status: 200, content len: 6121
2024-10-12 04:25:57,069 - 3cc1 - DEBUG - Start GET account status
2024-10-12 04:26:07,179 - e80f - INFO - Finish GET account state, status: 200, content: b'{"coins":0.0011806666666666665,"speedPerSecond":0.00005483333333333333,"fromStart":53,"fromUpdate":0,"maxMiningTime":28800,"claimed":0,"boosts":{"energyLimit":2,"paintReward":2,"reChargeSpeed":2},"repaintsTotal":47,"userBalance":59.52917149999994,"activated":true,"league":"silver","charges":1,"maxCharges":6,"reChargeTimer":223668,"reChargeSpeed":570000,"goods":{},"tasks":{}}\n' content len: 378
2024-10-12 04:26:07,216 - e80f - DEBUG - Start CLAIM
2024-10-12 04:26:07,231 - 9e0e - INFO - Finish GET account state, status: 200, content: b'{"coins":0.0007559999999999998,"speedPerSecond":0.00003266666666666666,"fromStart":54,"fromUpdate":0,"maxMiningTime":28800,"claimed":0,"boosts":{"energyLimit":2,"paintReward":2,"reChargeSpeed":2},"repaintsTotal":28,"userBalance":24.106603666666665,"activated":true,"league":"silver","charges":1,"maxCharges":12,"reChargeTimer":230712,"reChargeSpeed":570000,"goods":{},"tasks":{}}\n' content len: 380
2024-10-12 04:26:07,252 - 9e0e - DEBUG - Start CLAIM
2024-10-12 04:26:07,542 - 3cc1 - INFO - Finish GET account state, status: 200, content: b'{"coins":0.0009753333333333333,"speedPerSecond":0.0000455,"fromStart":53,"fromUpdate":0,"maxMiningTime":28800,"claimed":0,"boosts":{"energyLimit":2,"paintReward":2,"reChargeSpeed":2},"repaintsTotal":39,"userBalance":46.40035616666667,"activated":true,"league":"silver","charges":1,"maxCharges":6,"reChargeTimer":223161,"reChargeSpeed":570000,"goods":{},"tasks":{}}\n' content len: 365
2024-10-12 04:26:07,542 - 3cc1 - DEBUG - Start CLAIM
2024-10-12 04:26:08,411 - 8399 - INFO - Finish GET account state, status: 200, content: b'{"coins":0.0006299999999999999,"speedPerSecond":0.00003266666666666666,"fromStart":52,"fromUpdate":0,"maxMiningTime":28800,"claimed":0,"boosts":{"energyLimit":2,"paintReward":2,"reChargeSpeed":2},"repaintsTotal":28,"userBalance":27.397346333333328,"activated":true,"league":"silver","charges":1,"maxCharges":6,"reChargeTimer":221360,"reChargeSpeed":570000,"goods":{},"tasks":{}}\n' content len: 379
2024-10-12 04:26:08,411 - 8399 - DEBUG - Start CLAIM
2024-10-12 04:26:17,395 - 9e0e - INFO - Finish CLAIM, status: 200, content: b'{"coins":0,"speedPerSecond":0.000033833333333333334,"fromStart":0,"fromUpdate":0,"maxMiningTime":28800,"claimed":0.002156,"boosts":{"energyLimit":2,"paintReward":2,"reChargeSpeed":2},"repaintsTotal":0,"userBalance":0,"activated":true,"league":"silver","charges":0,"maxCharges":0,"reChargeTimer":0,"reChargeSpeed":0,"goods":null,"tasks":{}}\n' content len: 340
2024-10-12 04:26:17,395 - 9e0e - DEBUG - Start PAINT PIXEL 232:229
2024-10-12 04:26:18,617 - 8399 - INFO - Finish CLAIM, status: 200, content: b'{"coins":0,"speedPerSecond":0.00003266666666666666,"fromStart":0,"fromUpdate":0,"maxMiningTime":28800,"claimed":0.002058,"boosts":{"energyLimit":2,"paintReward":2,"reChargeSpeed":2},"repaintsTotal":0,"userBalance":0,"activated":true,"league":"silver","charges":0,"maxCharges":0,"reChargeTimer":0,"reChargeSpeed":0,"goods":null,"tasks":{}}\n' content len: 339
2024-10-12 04:26:18,617 - 8399 - DEBUG - Start PAINT PIXEL 230:230
2024-10-12 04:26:19,521 - e80f - INFO - Finish CLAIM, status: 200, content: b'{"coins":0,"speedPerSecond":0.00005483333333333333,"fromStart":0,"fromUpdate":0,"maxMiningTime":28800,"claimed":0.0035641666666666664,"boosts":{"energyLimit":2,"paintReward":2,"reChargeSpeed":2},"repaintsTotal":0,"userBalance":0,"activated":true,"league":"silver","charges":0,"maxCharges":0,"reChargeTimer":0,"reChargeSpeed":0,"goods":null,"tasks":{}}\n' content len: 352
2024-10-12 04:26:19,521 - e80f - DEBUG - Start PAINT PIXEL 233:228
2024-10-12 04:26:19,802 - 3cc1 - INFO - Finish CLAIM, status: 200, content: b'{"coins":0,"speedPerSecond":0.0000455,"fromStart":0,"fromUpdate":0,"maxMiningTime":28800,"claimed":0.0028665,"boosts":{"energyLimit":2,"paintReward":2,"reChargeSpeed":2},"repaintsTotal":0,"userBalance":0,"activated":true,"league":"silver","charges":0,"maxCharges":0,"reChargeTimer":0,"reChargeSpeed":0,"goods":null,"tasks":{}}\n' content len: 327
2024-10-12 04:26:19,804 - 3cc1 - DEBUG - Start PAINT PIXEL 231:229
2024-10-12 04:26:20,619 - 84cc - ERROR - Bad HTTP status:
	Url: https://notpx.app/api/v1/repaint/start
	Proxy: socks5://07196708-zone-custom-region-CA-city-toronto-sessid-ZWNbB988-sessTime-120:6pGOVG0G@f.proxys5.net:6200	Status: 400
2024-10-12 04:26:20,627 - 4cc9 - ERROR - Failed HTTP request:
	Url: https://notpx.app/api/v1/repaint/start
	Proxy: socks5://07196708-zone-custom-region-CA-city-toronto-sessid-ZWNbB988-sessTime-120:6pGOVG0G@f.proxys5.net:6200	Papa Exception -  type: <class 'exceptions.BadStatus'>, message: Bad HTTP status:
	Url: https://notpx.app/api/v1/repaint/start
	Proxy: socks5://07196708-zone-custom-region-CA-city-toronto-sessid-ZWNbB988-sessTime-120:6pGOVG0G@f.proxys5.net:6200	Status: 400
2024-10-12 04:26:28,133 - 8399 - INFO - Finish PAINT PIXEL 230:230 to #FFFFFF, status: 200, content: b'{"balance":28.399404333333}\n' content len: 28
2024-10-12 04:26:30,614 - e80f - INFO - Finish PAINT PIXEL 233:228 to #FFFFFF, status: 200, content: b'{"balance":60.532735666667}\n' content len: 28
2024-10-12 04:26:31,391 - 3cc1 - INFO - Finish PAINT PIXEL 231:229 to #FFFFFF, status: 200, content: b'{"balance":47.403222666667}\n' content len: 28
2024-10-12 04:26:31,626 - 7aa7 - INFO - Telegram profile loaded - path: C:\projects\tg_accs\12264550366\tdata
2024-10-12 04:26:31,632 - 85cf - INFO - Telegram profile loaded - path: C:\projects\tg_accs\12264558635\tdata
2024-10-12 04:26:31,638 - 944c - INFO - Telegram profile loaded - path: C:\projects\tg_accs\18077006341\tdata
2024-10-12 04:26:31,642 - 75b9 - INFO - Telegram profile loaded - path: C:\projects\tg_accs\15874097035\tdata
2024-10-12 04:26:39,577 - 944c - ERROR - Failed to convert TDATA to Telethon session:
	Path: C:\projects\tg_accs\18077006341\tdata
	Papa Exception -  type: <class 'sqlite3.OperationalError'>, message: database is locked
2024-10-12 04:26:56,411 - 85cf - ERROR - Failed to convert TDATA to Telethon session:
	Path: C:\projects\tg_accs\12264558635\tdata
	Papa Exception -  type: <class 'asyncio.exceptions.CancelledError'>, message: 
2024-10-12 04:27:01,936 - 7aa7 - ERROR - Failed to convert TDATA to Telethon session:
	Path: C:\projects\tg_accs\12264550366\tdata
	Papa Exception -  type: <class 'asyncio.exceptions.CancelledError'>, message: 
2024-10-12 04:27:01,938 - 75b9 - ERROR - Failed to convert TDATA to Telethon session:
	Path: C:\projects\tg_accs\15874097035\tdata
	Papa Exception -  type: <class 'asyncio.exceptions.CancelledError'>, message: 
2024-10-12 05:46:00,968 - 9f2b - INFO - Telegram profile loaded - path: C:\projects\tg_accs\12264550366\tdata
2024-10-12 05:46:00,982 - 61bc - INFO - Telegram profile loaded - path: C:\projects\tg_accs\12264558635\tdata
2024-10-12 05:46:00,993 - 81a6 - INFO - Telegram profile loaded - path: C:\projects\tg_accs\18077006341\tdata
2024-10-12 05:46:00,998 - ba19 - INFO - Telegram profile loaded - path: C:\projects\tg_accs\15874097035\tdata
2024-10-12 05:46:06,354 - 81a6 - INFO - Telegram profile connect success - path: C:\projects\tg_accs\18077006341\tdata, id: 7515509069, username: JeanneBlair2001, phone: 18077006341
2024-10-12 05:46:06,941 - 9f2b - INFO - Telegram profile connect success - path: C:\projects\tg_accs\12264550366\tdata, id: 7596997432, username: TamaraKanahele2022, phone: 12264550366
2024-10-12 05:46:07,161 - e37d - DEBUG - Start GET entry URL
2024-10-12 05:46:07,363 - ba19 - INFO - Telegram profile connect success - path: C:\projects\tg_accs\15874097035\tdata, id: 6714712311, username: guapepep, phone: 15874097035
2024-10-12 05:46:07,721 - 69d7 - DEBUG - Start GET entry URL
2024-10-12 05:46:07,795 - 61bc - INFO - Telegram profile connect success - path: C:\projects\tg_accs\12264558635\tdata, id: 7703582587, username: DeborahLamboy2009, phone: 12264558635
2024-10-12 05:46:08,214 - a6a3 - DEBUG - Start GET entry URL
2024-10-12 05:46:08,631 - 230a - DEBUG - Start GET entry URL
2024-10-12 05:46:18,318 - 230a - INFO - Finish GET entry URL GET, status: 200, content len: 6121
2024-10-12 05:46:18,318 - 230a - DEBUG - Start GET account status
2024-10-12 05:46:18,352 - 69d7 - INFO - Finish GET entry URL GET, status: 200, content len: 6121
2024-10-12 05:46:18,354 - 69d7 - DEBUG - Start GET account status
2024-10-12 05:46:18,916 - e37d - INFO - Finish GET entry URL GET, status: 200, content len: 6121
2024-10-12 05:46:18,916 - e37d - DEBUG - Start GET account status
2024-10-12 05:46:20,178 - a6a3 - INFO - Finish GET entry URL GET, status: 200, content len: 6121
2024-10-12 05:46:20,181 - a6a3 - DEBUG - Start GET account status
2024-10-12 05:46:28,820 - 69d7 - INFO - Finish GET account state, status: 200, content: b'{"coins":0.000658,"speedPerSecond":0.000056,"fromStart":4811,"fromUpdate":0,"maxMiningTime":28800,"claimed":0,"boosts":{"energyLimit":2,"paintReward":2,"reChargeSpeed":2},"repaintsTotal":48,"userBalance":60.5327356666666,"activated":true,"league":"silver","charges":6,"maxCharges":6,"reChargeTimer":0,"reChargeSpeed":570000,"goods":{},"tasks":{}}\n' content len: 347
2024-10-12 05:46:28,820 - 69d7 - DEBUG - Start CLAIM
2024-10-12 05:46:30,348 - e37d - INFO - Finish GET account state, status: 200, content: b'{"coins":0,"speedPerSecond":0.000033833333333333334,"fromStart":4812,"fromUpdate":0,"maxMiningTime":28800,"claimed":0,"boosts":{"energyLimit":2,"paintReward":2,"reChargeSpeed":2},"repaintsTotal":29,"userBalance":25.108759666666664,"activated":true,"league":"silver","charges":9,"maxCharges":12,"reChargeTimer":536807,"reChargeSpeed":570000,"goods":{},"tasks":{}}\n' content len: 363
2024-10-12 05:46:30,406 - e37d - DEBUG - Start CLAIM
2024-10-12 05:46:32,372 - a6a3 - INFO - Finish GET account state, status: 200, content: b'{"coins":0.0003266666666666666,"speedPerSecond":0.000033833333333333334,"fromStart":4811,"fromUpdate":0,"maxMiningTime":28800,"claimed":0,"boosts":{"energyLimit":2,"paintReward":2,"reChargeSpeed":2},"repaintsTotal":29,"userBalance":28.39940433333333,"activated":true,"league":"silver","charges":6,"maxCharges":6,"reChargeTimer":0,"reChargeSpeed":570000,"goods":{},"tasks":{}}\n' content len: 376
2024-10-12 05:46:32,376 - a6a3 - DEBUG - Start CLAIM
2024-10-12 05:46:32,551 - 230a - INFO - Finish GET account state, status: 200, content: b'{"coins":0,"speedPerSecond":0.00004316666666666666,"fromStart":4768,"fromUpdate":0,"maxMiningTime":28800,"claimed":0,"boosts":{"energyLimit":2,"paintReward":2,"reChargeSpeed":2},"repaintsTotal":40,"userBalance":47.40322266666667,"activated":true,"league":"silver","charges":6,"maxCharges":6,"reChargeTimer":0,"reChargeSpeed":570000,"goods":{},"tasks":{}}\n' content len: 355
2024-10-12 05:46:32,551 - 230a - DEBUG - Start CLAIM
2024-10-12 05:46:39,055 - 69d7 - INFO - Finish CLAIM, status: 200, content: b'{"coins":0,"speedPerSecond":0.000056,"fromStart":0,"fromUpdate":0,"maxMiningTime":28800,"claimed":0.269976,"boosts":{"energyLimit":2,"paintReward":2,"reChargeSpeed":2},"repaintsTotal":0,"userBalance":0,"activated":true,"league":"silver","charges":0,"maxCharges":0,"reChargeTimer":0,"reChargeSpeed":0,"goods":null,"tasks":{}}\n' content len: 325
2024-10-12 05:46:39,055 - 69d7 - DEBUG - Start PAINT PIXEL 228:228
2024-10-12 05:46:41,321 - e37d - INFO - Finish CLAIM, status: 200, content: b'{"coins":0,"speedPerSecond":0.000033833333333333334,"fromStart":0,"fromUpdate":0,"maxMiningTime":28800,"claimed":0.16317816666666668,"boosts":{"energyLimit":2,"paintReward":2,"reChargeSpeed":2},"repaintsTotal":0,"userBalance":0,"activated":true,"league":"silver","charges":0,"maxCharges":0,"reChargeTimer":0,"reChargeSpeed":0,"goods":null,"tasks":{}}\n' content len: 351
2024-10-12 05:46:41,321 - e37d - DEBUG - Start PAINT PIXEL 229:230
2024-10-12 05:46:43,446 - 230a - INFO - Finish CLAIM, status: 200, content: b'{"coins":0,"speedPerSecond":0.000046666666666666665,"fromStart":0,"fromUpdate":0,"maxMiningTime":28800,"claimed":0.20629349999999996,"boosts":{"energyLimit":2,"paintReward":2,"reChargeSpeed":2},"repaintsTotal":0,"userBalance":0,"activated":true,"league":"silver","charges":0,"maxCharges":0,"reChargeTimer":0,"reChargeSpeed":0,"goods":null,"tasks":{}}\n' content len: 351
2024-10-12 05:46:43,446 - 230a - DEBUG - Start PAINT PIXEL 228:231
2024-10-12 05:46:44,646 - a6a3 - INFO - Finish CLAIM, status: 200, content: b'{"coins":0,"speedPerSecond":0.000033833333333333334,"fromStart":0,"fromUpdate":0,"maxMiningTime":28800,"claimed":0.163212,"boosts":{"energyLimit":2,"paintReward":2,"reChargeSpeed":2},"repaintsTotal":0,"userBalance":0,"activated":true,"league":"silver","charges":0,"maxCharges":0,"reChargeTimer":0,"reChargeSpeed":0,"goods":null,"tasks":{}}\n' content len: 340
2024-10-12 05:46:44,646 - a6a3 - DEBUG - Start PAINT PIXEL 230:231
2024-10-12 05:46:51,067 - 69d7 - INFO - Finish PAINT PIXEL 228:228 to #000000, status: 200, content: b'{"balance":61.802711666667}\n' content len: 28
2024-10-12 05:46:51,067 - 69d7 - DEBUG - Start PAINT PIXEL 228:229
2024-10-12 05:46:51,402 - e37d - INFO - Finish PAINT PIXEL 229:230 to #FFFFFF, status: 200, content: b'{"balance":26.271937833333}\n' content len: 28
2024-10-12 05:46:51,403 - e37d - DEBUG - Start PAINT PIXEL 229:231
2024-10-12 05:46:53,552 - 230a - INFO - Finish PAINT PIXEL 228:231 to #000000, status: 200, content: b'{"balance":48.609516166667}\n' content len: 28
2024-10-12 05:46:53,555 - 230a - DEBUG - Start PAINT PIXEL 229:228
2024-10-12 05:46:54,317 - a6a3 - INFO - Finish PAINT PIXEL 230:231 to #FFFFFF, status: 200, content: b'{"balance":29.562616333333}\n' content len: 28
2024-10-12 05:46:54,317 - a6a3 - DEBUG - Start PAINT PIXEL 231:228
2024-10-12 05:47:01,015 - 69d7 - INFO - Finish PAINT PIXEL 228:229 to #FFFFFF, status: 200, content: b'{"balance":62.802711666667}\n' content len: 28
2024-10-12 05:47:02,148 - e37d - INFO - Finish PAINT PIXEL 229:231 to #000000, status: 200, content: b'{"balance":27.271937833333}\n' content len: 28
2024-10-12 05:47:04,995 - 230a - INFO - Finish PAINT PIXEL 229:228 to #000000, status: 200, content: b'{"balance":49.609516166667}\n' content len: 28
2024-10-12 05:47:06,007 - a6a3 - INFO - Finish PAINT PIXEL 231:228 to #000000, status: 200, content: b'{"balance":30.562616333333}\n' content len: 28
2024-10-12 05:47:06,229 - 01a5 - INFO - Telegram profile loaded - path: C:\projects\tg_accs\15874097035\tdata
2024-10-12 05:47:06,236 - ca27 - INFO - Telegram profile loaded - path: C:\projects\tg_accs\18077006341\tdata
2024-10-12 05:47:06,240 - 59f5 - INFO - Telegram profile loaded - path: C:\projects\tg_accs\12264550366\tdata
2024-10-12 05:47:06,248 - b74b - INFO - Telegram profile loaded - path: C:\projects\tg_accs\12264558635\tdata
2024-10-12 05:47:11,395 - ca27 - INFO - Telegram profile connect success - path: C:\projects\tg_accs\18077006341\tdata, id: 7515509069, username: JeanneBlair2001, phone: 18077006341
2024-10-12 05:47:11,442 - 59f5 - INFO - Telegram profile connect success - path: C:\projects\tg_accs\12264550366\tdata, id: 7596997432, username: TamaraKanahele2022, phone: 12264550366
2024-10-12 05:47:11,629 - b74b - INFO - Telegram profile connect success - path: C:\projects\tg_accs\12264558635\tdata, id: 7703582587, username: DeborahLamboy2009, phone: 12264558635
2024-10-12 05:47:11,750 - 01a5 - INFO - Telegram profile connect success - path: C:\projects\tg_accs\15874097035\tdata, id: 6714712311, username: guapepep, phone: 15874097035
2024-10-12 05:47:12,190 - a6ac - DEBUG - Start GET entry URL
2024-10-12 05:47:12,218 - 52c0 - DEBUG - Start GET entry URL
2024-10-12 05:47:12,491 - 1ef7 - DEBUG - Start GET entry URL
2024-10-12 05:47:12,613 - 843e - DEBUG - Start GET entry URL
2024-10-12 05:47:22,616 - 843e - INFO - Finish GET entry URL GET, status: 200, content len: 6121
2024-10-12 05:47:22,617 - 843e - DEBUG - Start GET account status
2024-10-12 05:47:22,863 - a6ac - INFO - Finish GET entry URL GET, status: 200, content len: 6121
2024-10-12 05:47:22,863 - a6ac - DEBUG - Start GET account status
2024-10-12 05:47:23,782 - 52c0 - INFO - Finish GET entry URL GET, status: 200, content len: 6121
2024-10-12 05:47:23,783 - 52c0 - DEBUG - Start GET account status
2024-10-12 05:47:24,183 - 1ef7 - INFO - Finish GET entry URL GET, status: 200, content len: 6121
2024-10-12 05:47:24,184 - 1ef7 - DEBUG - Start GET account status
2024-10-12 05:47:32,778 - 843e - INFO - Finish GET account state, status: 200, content: b'{"coins":0.0008049999999999999,"speedPerSecond":0.00003616666666666666,"fromStart":50,"fromUpdate":0,"maxMiningTime":28800,"claimed":0,"boosts":{"energyLimit":2,"paintReward":2,"reChargeSpeed":2},"repaintsTotal":31,"userBalance":30.56261633333333,"activated":true,"league":"silver","charges":4,"maxCharges":6,"reChargeTimer":531970,"reChargeSpeed":570000,"goods":{},"tasks":{}}\n' content len: 378
2024-10-12 05:47:32,782 - 843e - DEBUG - Start CLAIM
2024-10-12 05:47:34,065 - 1ef7 - INFO - Finish GET account state, status: 200, content: b'{"coins":0.0010045,"speedPerSecond":0.000049,"fromStart":51,"fromUpdate":0,"maxMiningTime":28800,"claimed":0,"boosts":{"energyLimit":2,"paintReward":2,"reChargeSpeed":2},"repaintsTotal":42,"userBalance":49.60951616666667,"activated":true,"league":"silver","charges":4,"maxCharges":6,"reChargeTimer":529336,"reChargeSpeed":570000,"goods":{},"tasks":{}}\n' content len: 352
2024-10-12 05:47:34,065 - 1ef7 - DEBUG - Start CLAIM
2024-10-12 05:47:35,628 - a6ac - INFO - Finish GET account state, status: 200, content: b'{"coins":0.0006999999999999999,"speedPerSecond":0.00003616666666666666,"fromStart":53,"fromUpdate":0,"maxMiningTime":28800,"claimed":0,"boosts":{"energyLimit":2,"paintReward":2,"reChargeSpeed":2},"repaintsTotal":31,"userBalance":27.271937833333332,"activated":true,"league":"silver","charges":7,"maxCharges":12,"reChargeTimer":472135,"reChargeSpeed":570000,"goods":{},"tasks":{}}\n' content len: 380
2024-10-12 05:47:35,632 - a6ac - DEBUG - Start CLAIM
2024-10-12 05:47:36,819 - 52c0 - INFO - Finish GET account state, status: 200, content: b'{"coins":0.0012005,"speedPerSecond":0.00005833333333333333,"fromStart":55,"fromUpdate":0,"maxMiningTime":28800,"claimed":0,"boosts":{"energyLimit":2,"paintReward":2,"reChargeSpeed":2},"repaintsTotal":50,"userBalance":62.8027116666666,"activated":true,"league":"silver","charges":4,"maxCharges":6,"reChargeTimer":525432,"reChargeSpeed":570000,"goods":{},"tasks":{}}\n' content len: 365
2024-10-12 05:47:36,819 - 52c0 - DEBUG - Start CLAIM
2024-10-12 05:47:43,549 - 843e - INFO - Finish CLAIM, status: 200, content: b'{"coins":0,"speedPerSecond":0.00003616666666666666,"fromStart":0,"fromUpdate":0,"maxMiningTime":28800,"claimed":0.0021699999999999996,"boosts":{"energyLimit":2,"paintReward":2,"reChargeSpeed":2},"repaintsTotal":0,"userBalance":0,"activated":true,"league":"silver","charges":0,"maxCharges":0,"reChargeTimer":0,"reChargeSpeed":0,"goods":null,"tasks":{}}\n' content len: 352
2024-10-12 05:47:43,549 - 843e - DEBUG - Start PAINT PIXEL 231:229
2024-10-12 05:47:45,676 - 1ef7 - INFO - Finish CLAIM, status: 200, content: b'{"coins":0,"speedPerSecond":0.000049,"fromStart":0,"fromUpdate":0,"maxMiningTime":28800,"claimed":0.003038,"boosts":{"energyLimit":2,"paintReward":2,"reChargeSpeed":2},"repaintsTotal":0,"userBalance":0,"activated":true,"league":"silver","charges":0,"maxCharges":0,"reChargeTimer":0,"reChargeSpeed":0,"goods":null,"tasks":{}}\n' content len: 325
2024-10-12 05:47:45,676 - 1ef7 - DEBUG - Start PAINT PIXEL 232:231
2024-10-12 05:47:48,286 - 52c0 - INFO - Finish CLAIM, status: 200, content: b'{"coins":0,"speedPerSecond":0.00005833333333333333,"fromStart":0,"fromUpdate":0,"maxMiningTime":28800,"claimed":0.003966666666666667,"boosts":{"energyLimit":2,"paintReward":2,"reChargeSpeed":2},"repaintsTotal":0,"userBalance":0,"activated":true,"league":"silver","charges":0,"maxCharges":0,"reChargeTimer":0,"reChargeSpeed":0,"goods":null,"tasks":{}}\n' content len: 351
2024-10-12 05:47:48,286 - 52c0 - DEBUG - Start PAINT PIXEL 232:229
2024-10-12 05:47:49,554 - a6ac - INFO - Finish CLAIM, status: 200, content: b'{"coins":0,"speedPerSecond":0.00003616666666666666,"fromStart":0,"fromUpdate":0,"maxMiningTime":28800,"claimed":0.002459333333333333,"boosts":{"energyLimit":2,"paintReward":2,"reChargeSpeed":2},"repaintsTotal":0,"userBalance":0,"activated":true,"league":"silver","charges":0,"maxCharges":0,"reChargeTimer":0,"reChargeSpeed":0,"goods":null,"tasks":{}}\n' content len: 351
2024-10-12 05:47:49,601 - a6ac - DEBUG - Start PAINT PIXEL 231:231
2024-10-12 05:47:56,773 - 1ef7 - INFO - Finish PAINT PIXEL 232:231 to #000000, status: 200, content: b'{"balance":50.612554166667}\n' content len: 28
2024-10-12 05:47:56,777 - 1ef7 - DEBUG - Start PAINT PIXEL 233:228
2024-10-12 05:47:57,096 - 843e - INFO - Finish PAINT PIXEL 231:229 to #FFFFFF, status: 200, content: b'{"balance":31.564786333333}\n' content len: 28
2024-10-12 05:47:57,099 - 843e - DEBUG - Start PAINT PIXEL 231:230
2024-10-12 05:47:59,410 - a6ac - INFO - Finish PAINT PIXEL 231:231 to #000000, status: 200, content: b'{"balance":28.276748}\n' content len: 22
2024-10-12 05:47:59,410 - a6ac - DEBUG - Start PAINT PIXEL 232:228
2024-10-12 05:47:59,830 - 52c0 - INFO - Finish PAINT PIXEL 232:229 to #000000, status: 200, content: b'{"balance":63.806678333333}\n' content len: 28
2024-10-12 05:47:59,833 - 52c0 - DEBUG - Start PAINT PIXEL 232:230
2024-10-12 05:48:11,289 - 1ef7 - INFO - Finish PAINT PIXEL 233:228 to #FFFFFF, status: 200, content: b'{"balance":51.612554166667}\n' content len: 28
2024-10-12 05:48:28,179 - 843e - INFO - Finish PAINT PIXEL 231:230 to #000000, status: 200, content: b'{"balance":33.564786333333}\n' content len: 28
2024-10-12 05:48:28,234 - a6ac - INFO - Finish PAINT PIXEL 232:228 to #000000, status: 200, content: b'{"balance":29.276748}\n' content len: 22
2024-10-12 05:48:28,271 - 52c0 - INFO - Finish PAINT PIXEL 232:230 to #FFFFFF, status: 200, content: b'{"balance":64.806678333333}\n' content len: 28
2024-10-12 05:48:28,524 - 0791 - INFO - Telegram profile loaded - path: C:\projects\tg_accs\15874097035\tdata
2024-10-12 05:48:28,530 - 5aa4 - INFO - Telegram profile loaded - path: C:\projects\tg_accs\12264550366\tdata
2024-10-12 05:48:28,536 - c97d - INFO - Telegram profile loaded - path: C:\projects\tg_accs\12264558635\tdata
2024-10-12 05:48:28,543 - 5cff - INFO - Telegram profile loaded - path: C:\projects\tg_accs\18077006341\tdata
2024-10-12 05:48:33,520 - 5aa4 - INFO - Telegram profile connect success - path: C:\projects\tg_accs\12264550366\tdata, id: 7596997432, username: TamaraKanahele2022, phone: 12264550366
2024-10-12 05:48:33,675 - 5cff - INFO - Telegram profile connect success - path: C:\projects\tg_accs\18077006341\tdata, id: 7515509069, username: JeanneBlair2001, phone: 18077006341
2024-10-12 05:48:34,069 - c97d - INFO - Telegram profile connect success - path: C:\projects\tg_accs\12264558635\tdata, id: 7703582587, username: DeborahLamboy2009, phone: 12264558635
2024-10-12 05:48:34,161 - 0791 - INFO - Telegram profile connect success - path: C:\projects\tg_accs\15874097035\tdata, id: 6714712311, username: guapepep, phone: 15874097035
2024-10-12 05:48:34,293 - bf18 - DEBUG - Start GET entry URL
2024-10-12 05:48:34,488 - 6bee - DEBUG - Start GET entry URL
2024-10-12 05:48:34,975 - a253 - DEBUG - Start GET entry URL
2024-10-12 05:48:35,015 - 7468 - DEBUG - Start GET entry URL
2024-10-12 05:48:44,631 - 6bee - INFO - Finish GET entry URL GET, status: 200, content len: 6121
2024-10-12 05:48:44,631 - 6bee - DEBUG - Start GET account status
2024-10-12 05:48:45,069 - a253 - INFO - Finish GET entry URL GET, status: 200, content len: 6121
2024-10-12 05:48:45,069 - a253 - DEBUG - Start GET account status
2024-10-12 05:48:45,485 - 7468 - INFO - Finish GET entry URL GET, status: 200, content len: 6121
2024-10-12 05:48:45,486 - 7468 - DEBUG - Start GET account status
2024-10-12 05:48:45,676 - bf18 - INFO - Finish GET entry URL GET, status: 200, content len: 6121
2024-10-12 05:48:45,678 - bf18 - DEBUG - Start GET account status
2024-10-12 05:48:54,646 - 6bee - INFO - Finish GET account state, status: 200, content: b'{"coins":0.0004853333333333333,"speedPerSecond":0.0000385,"fromStart":58,"fromUpdate":0,"maxMiningTime":28800,"claimed":0,"boosts":{"energyLimit":2,"paintReward":2,"reChargeSpeed":2},"repaintsTotal":33,"userBalance":29.276748,"activated":true,"league":"silver","charges":5,"maxCharges":12,"reChargeTimer":391316,"reChargeSpeed":570000,"goods":{},"tasks":{}}\n' content len: 358
2024-10-12 05:48:54,646 - 6bee - DEBUG - Start CLAIM
2024-10-12 05:48:54,732 - a253 - INFO - Finish GET account state, status: 200, content: b'{"coins":0.0011036666666666666,"speedPerSecond":0.00005133333333333333,"fromStart":70,"fromUpdate":0,"maxMiningTime":28800,"claimed":0,"boosts":{"energyLimit":2,"paintReward":2,"reChargeSpeed":2},"repaintsTotal":44,"userBalance":51.61255416666667,"activated":true,"league":"silver","charges":2,"maxCharges":6,"reChargeTimer":448497,"reChargeSpeed":570000,"goods":{},"tasks":{}}\n' content len: 378
2024-10-12 05:48:54,736 - a253 - DEBUG - Start CLAIM
2024-10-12 05:48:56,083 - bf18 - INFO - Finish GET account state, status: 200, content: b'{"coins":0.0014279999999999998,"speedPerSecond":0.00006066666666666666,"fromStart":68,"fromUpdate":0,"maxMiningTime":28800,"claimed":0,"boosts":{"energyLimit":2,"paintReward":2,"reChargeSpeed":2},"repaintsTotal":52,"userBalance":64.80667833333327,"activated":true,"league":"silver","charges":2,"maxCharges":6,"reChargeTimer":445135,"reChargeSpeed":570000,"goods":{},"tasks":{}}\n' content len: 378
2024-10-12 05:48:56,083 - bf18 - DEBUG - Start CLAIM
2024-10-12 05:48:56,409 - 7468 - INFO - Finish GET account state, status: 200, content: b'{"coins":0.0008959999999999999,"speedPerSecond":0.000039666666666666664,"fromStart":74,"fromUpdate":0,"maxMiningTime":28800,"claimed":0,"boosts":{"energyLimit":2,"paintReward":2,"reChargeSpeed":2},"repaintsTotal":34,"userBalance":33.56478633333333,"activated":true,"league":"silver","charges":1,"maxCharges":6,"reChargeTimer":448021,"reChargeSpeed":570000,"goods":{},"tasks":{}}\n' content len: 379
2024-10-12 05:48:56,411 - 7468 - DEBUG - Start CLAIM
2024-10-12 05:49:05,661 - a253 - INFO - Finish CLAIM, status: 200, content: b'{"coins":0,"speedPerSecond":0.00005133333333333333,"fromStart":0,"fromUpdate":0,"maxMiningTime":28800,"claimed":0.0041066666666666665,"boosts":{"energyLimit":2,"paintReward":2,"reChargeSpeed":2},"repaintsTotal":0,"userBalance":0,"activated":true,"league":"silver","charges":0,"maxCharges":0,"reChargeTimer":0,"reChargeSpeed":0,"goods":null,"tasks":{}}\n' content len: 352
2024-10-12 05:49:05,661 - a253 - DEBUG - Start PAINT PIXEL 233:231
2024-10-12 05:49:07,023 - 6bee - INFO - Finish CLAIM, status: 200, content: b'{"coins":0,"speedPerSecond":0.0000385,"fromStart":0,"fromUpdate":0,"maxMiningTime":28800,"claimed":0.002618,"boosts":{"energyLimit":2,"paintReward":2,"reChargeSpeed":2},"repaintsTotal":0,"userBalance":0,"activated":true,"league":"silver","charges":0,"maxCharges":0,"reChargeTimer":0,"reChargeSpeed":0,"goods":null,"tasks":{}}\n' content len: 326
2024-10-12 05:49:07,034 - 6bee - DEBUG - Start PAINT PIXEL 234:229
2024-10-12 05:49:09,083 - bf18 - INFO - Finish CLAIM, status: 200, content: b'{"coins":0,"speedPerSecond":0.00006066666666666666,"fromStart":0,"fromUpdate":0,"maxMiningTime":28800,"claimed":0.004731999999999999,"boosts":{"energyLimit":2,"paintReward":2,"reChargeSpeed":2},"repaintsTotal":0,"userBalance":0,"activated":true,"league":"silver","charges":0,"maxCharges":0,"reChargeTimer":0,"reChargeSpeed":0,"goods":null,"tasks":{}}\n' content len: 351
2024-10-12 05:49:09,083 - bf18 - DEBUG - Start PAINT PIXEL 233:229
2024-10-12 05:49:09,516 - 7468 - INFO - Finish CLAIM, status: 200, content: b'{"coins":0,"speedPerSecond":0.000039666666666666664,"fromStart":0,"fromUpdate":0,"maxMiningTime":28800,"claimed":0.003332,"boosts":{"energyLimit":2,"paintReward":2,"reChargeSpeed":2},"repaintsTotal":0,"userBalance":0,"activated":true,"league":"silver","charges":0,"maxCharges":0,"reChargeTimer":0,"reChargeSpeed":0,"goods":null,"tasks":{}}\n' content len: 340
2024-10-12 05:49:09,516 - 7468 - DEBUG - Start PAINT PIXEL 229:229
2024-10-12 05:49:17,437 - 6bee - INFO - Finish PAINT PIXEL 234:229 to #464646, status: 200, content: b'{"balance":30.279366}\n' content len: 22
2024-10-12 05:49:17,440 - 6bee - DEBUG - Start PAINT PIXEL 234:230
2024-10-12 05:49:18,119 - a253 - INFO - Finish PAINT PIXEL 233:231 to #FFFFFF, status: 200, content: b'{"balance":52.616660833333}\n' content len: 28
2024-10-12 05:49:18,119 - a253 - DEBUG - Start PAINT PIXEL 234:228
2024-10-12 05:49:20,288 - 7468 - INFO - Finish PAINT PIXEL 229:229 to #000000, status: 200, content: b'{"balance":34.568118333333}\n' content len: 28
2024-10-12 05:49:22,631 - bf18 - INFO - Finish PAINT PIXEL 233:229 to #FFFFFF, status: 200, content: b'{"balance":65.811410333333}\n' content len: 28
2024-10-12 05:49:22,633 - bf18 - DEBUG - Start PAINT PIXEL 233:230
2024-10-12 05:49:50,676 - 6bee - INFO - Finish PAINT PIXEL 234:230 to #464646, status: 200, content: b'{"balance":31.279366}\n' content len: 22
2024-10-12 05:49:50,676 - a253 - INFO - Finish PAINT PIXEL 234:228 to #000000, status: 200, content: b'{"balance":53.616660833333}\n' content len: 28
2024-10-12 05:49:50,716 - bf18 - INFO - Finish PAINT PIXEL 233:230 to #FFFFFF, status: 200, content: b'{"balance":66.811410333333}\n' content len: 28
2024-10-12 05:49:51,026 - f99a - INFO - Telegram profile loaded - path: C:\projects\tg_accs\18077006341\tdata
2024-10-12 05:49:51,034 - fa41 - INFO - Telegram profile loaded - path: C:\projects\tg_accs\12264550366\tdata
2024-10-12 05:49:51,044 - e8fc - INFO - Telegram profile loaded - path: C:\projects\tg_accs\15874097035\tdata
2024-10-12 05:49:56,208 - fa41 - INFO - Telegram profile connect success - path: C:\projects\tg_accs\12264550366\tdata, id: 7596997432, username: TamaraKanahele2022, phone: 12264550366
2024-10-12 05:49:56,256 - f99a - INFO - Telegram profile connect success - path: C:\projects\tg_accs\18077006341\tdata, id: 7515509069, username: JeanneBlair2001, phone: 18077006341
2024-10-12 05:49:56,631 - e8fc - INFO - Telegram profile connect success - path: C:\projects\tg_accs\15874097035\tdata, id: 6714712311, username: guapepep, phone: 15874097035
2024-10-12 05:49:57,073 - 7fde - DEBUG - Start GET entry URL
2024-10-12 05:49:57,129 - ca60 - DEBUG - Start GET entry URL
2024-10-12 05:49:57,529 - 34f4 - DEBUG - Start GET entry URL
2024-10-12 05:50:08,208 - ca60 - INFO - Finish GET entry URL GET, status: 200, content len: 6121
2024-10-12 05:50:08,208 - ca60 - DEBUG - Start GET account status
2024-10-12 05:50:08,227 - 34f4 - INFO - Finish GET entry URL GET, status: 200, content len: 6121
2024-10-12 05:50:08,228 - 34f4 - DEBUG - Start GET account status
2024-10-12 05:50:08,303 - 7fde - INFO - Finish GET entry URL GET, status: 200, content len: 6121
2024-10-12 05:50:08,304 - 7fde - DEBUG - Start GET account status
2024-10-12 05:50:17,930 - 34f4 - INFO - Finish GET account state, status: 200, content: b'{"coins":0.00047599999999999997,"speedPerSecond":0.000040833333333333334,"fromStart":70,"fromUpdate":0,"maxMiningTime":28800,"claimed":0,"boosts":{"energyLimit":2,"paintReward":2,"reChargeSpeed":2},"repaintsTotal":35,"userBalance":34.56811833333333,"activated":true,"league":"silver","charges":0,"maxCharges":6,"reChargeTimer":366587,"reChargeSpeed":570000,"goods":{},"tasks":{}}\n' content len: 380
2024-10-12 05:50:17,930 - 34f4 - DEBUG - Start CLAIM
2024-10-12 05:50:18,881 - ca60 - INFO - Finish GET account state, status: 200, content: b'{"coins":0.0015458333333333335,"speedPerSecond":0.00006299999999999999,"fromStart":70,"fromUpdate":0,"maxMiningTime":28800,"claimed":0,"boosts":{"energyLimit":2,"paintReward":2,"reChargeSpeed":2},"repaintsTotal":54,"userBalance":66.81141033333327,"activated":true,"league":"silver","charges":0,"maxCharges":6,"reChargeTimer":362570,"reChargeSpeed":570000,"goods":{},"tasks":{}}\n' content len: 378
2024-10-12 05:50:18,881 - ca60 - DEBUG - Start CLAIM
2024-10-12 05:50:19,572 - 7fde - INFO - Finish GET account state, status: 200, content: b'{"coins":0.0009123333333333332,"speedPerSecond":0.000040833333333333334,"fromStart":73,"fromUpdate":0,"maxMiningTime":28800,"claimed":0,"boosts":{"energyLimit":2,"paintReward":2,"reChargeSpeed":2},"repaintsTotal":35,"userBalance":31.279366,"activated":true,"league":"silver","charges":3,"maxCharges":12,"reChargeTimer":307802,"reChargeSpeed":570000,"goods":{},"tasks":{}}\n' content len: 372
2024-10-12 05:50:19,572 - 7fde - DEBUG - Start CLAIM
2024-10-12 05:50:30,115 - 7fde - INFO - Finish CLAIM, status: 200, content: b'{"coins":0,"speedPerSecond":0.000040833333333333334,"fromStart":0,"fromUpdate":0,"maxMiningTime":28800,"claimed":0.0034708333333333336,"boosts":{"energyLimit":2,"paintReward":2,"reChargeSpeed":2},"repaintsTotal":0,"userBalance":0,"activated":true,"league":"silver","charges":0,"maxCharges":0,"reChargeTimer":0,"reChargeSpeed":0,"goods":null,"tasks":{}}\n' content len: 353
2024-10-12 05:50:30,115 - 7fde - DEBUG - Start PAINT PIXEL 230:231
2024-10-12 05:50:31,193 - ca60 - INFO - Finish CLAIM, status: 200, content: b'{"coins":0,"speedPerSecond":0.00006299999999999999,"fromStart":0,"fromUpdate":0,"maxMiningTime":28800,"claimed":0.005102999999999999,"boosts":{"energyLimit":2,"paintReward":2,"reChargeSpeed":2},"repaintsTotal":0,"userBalance":0,"activated":true,"league":"silver","charges":0,"maxCharges":0,"reChargeTimer":0,"reChargeSpeed":0,"goods":null,"tasks":{}}\n' content len: 351
2024-10-12 05:50:33,320 - 34f4 - INFO - Finish CLAIM, status: 200, content: b'{"coins":0,"speedPerSecond":0.000040833333333333334,"fromStart":0,"fromUpdate":0,"maxMiningTime":28800,"claimed":0.00343,"boosts":{"energyLimit":2,"paintReward":2,"reChargeSpeed":2},"repaintsTotal":0,"userBalance":0,"activated":true,"league":"silver","charges":0,"maxCharges":0,"reChargeTimer":0,"reChargeSpeed":0,"goods":null,"tasks":{}}\n' content len: 339
2024-10-12 05:50:40,884 - 7fde - INFO - Finish PAINT PIXEL 230:231 to #FFFFFF, status: 200, content: b'{"balance":32.282836833333}\n' content len: 28
2024-10-12 05:50:40,884 - 7fde - DEBUG - Start PAINT PIXEL 232:229
2024-10-12 05:51:07,534 - 7fde - INFO - Finish PAINT PIXEL 232:229 to #000000, status: 200, content: b'{"balance":33.282836833333}\n' content len: 28
2024-10-12 05:51:07,912 - 8bd4 - INFO - Telegram profile loaded - path: C:\projects\tg_accs\12264550366\tdata
2024-10-12 05:51:07,925 - 8129 - INFO - Telegram profile loaded - path: C:\projects\tg_accs\18077006341\tdata
2024-10-12 05:51:07,930 - 7632 - INFO - Telegram profile loaded - path: C:\projects\tg_accs\12264558635\tdata
2024-10-12 05:51:13,051 - 8bd4 - INFO - Telegram profile connect success - path: C:\projects\tg_accs\12264550366\tdata, id: 7596997432, username: TamaraKanahele2022, phone: 12264550366
2024-10-12 05:51:13,115 - 8129 - INFO - Telegram profile connect success - path: C:\projects\tg_accs\18077006341\tdata, id: 7515509069, username: JeanneBlair2001, phone: 18077006341
2024-10-12 05:51:13,832 - 1136 - DEBUG - Start GET entry URL
2024-10-12 05:51:13,912 - d946 - DEBUG - Start GET entry URL
2024-10-12 05:51:14,381 - 7632 - INFO - Telegram profile connect success - path: C:\projects\tg_accs\12264558635\tdata, id: 7703582587, username: DeborahLamboy2009, phone: 12264558635
2024-10-12 05:51:15,208 - fcad - DEBUG - Start GET entry URL
2024-10-12 05:51:23,318 - 1136 - INFO - Finish GET entry URL GET, status: 200, content len: 6121
2024-10-12 05:51:23,318 - 1136 - DEBUG - Start GET account status
2024-10-12 05:51:24,121 - d946 - INFO - Finish GET entry URL GET, status: 200, content len: 6121
2024-10-12 05:51:24,121 - d946 - DEBUG - Start GET account status
2024-10-12 05:51:24,790 - fcad - INFO - Finish GET entry URL GET, status: 200, content len: 6121
2024-10-12 05:51:24,790 - fcad - DEBUG - Start GET account status
2024-10-12 05:51:33,117 - d946 - INFO - Finish GET account state, status: 200, content: b'{"coins":0.000882,"speedPerSecond":0.00004316666666666666,"fromStart":64,"fromUpdate":0,"maxMiningTime":28800,"claimed":0,"boosts":{"energyLimit":2,"paintReward":2,"reChargeSpeed":2},"repaintsTotal":37,"userBalance":33.282836833333334,"activated":true,"league":"silver","charges":1,"maxCharges":12,"reChargeTimer":232165,"reChargeSpeed":570000,"goods":{},"tasks":{}}\n' content len: 367
2024-10-12 05:51:33,117 - d946 - DEBUG - Start CLAIM
2024-10-12 05:51:34,888 - fcad - INFO - Finish GET account state, status: 200, content: b'{"coins":0.0012075,"speedPerSecond":0.00005366666666666666,"fromStart":151,"fromUpdate":0,"maxMiningTime":28800,"claimed":0,"boosts":{"energyLimit":2,"paintReward":2,"reChargeSpeed":2},"repaintsTotal":46,"userBalance":53.616660833333334,"activated":true,"league":"silver","charges":0,"maxCharges":6,"reChargeTimer":287876,"reChargeSpeed":570000,"goods":{},"tasks":{}}\n' content len: 368
2024-10-12 05:51:34,888 - fcad - DEBUG - Start CLAIM
2024-10-12 05:51:34,970 - 1136 - INFO - Finish GET account state, status: 200, content: b'{"coins":0,"speedPerSecond":0.00006299999999999999,"fromStart":67,"fromUpdate":0,"maxMiningTime":28800,"claimed":0,"boosts":{"energyLimit":2,"paintReward":2,"reChargeSpeed":2},"repaintsTotal":54,"userBalance":66.81651333333328,"activated":true,"league":"silver","charges":0,"maxCharges":6,"reChargeTimer":285093,"reChargeSpeed":570000,"goods":{},"tasks":{}}\n' content len: 358
2024-10-12 05:51:34,976 - 1136 - DEBUG - Start CLAIM
2024-10-12 05:51:43,724 - d946 - INFO - Finish CLAIM, status: 200, content: b'{"coins":0,"speedPerSecond":0.00004316666666666666,"fromStart":0,"fromUpdate":0,"maxMiningTime":28800,"claimed":0.0031511666666666663,"boosts":{"energyLimit":2,"paintReward":2,"reChargeSpeed":2},"repaintsTotal":0,"userBalance":0,"activated":true,"league":"silver","charges":0,"maxCharges":0,"reChargeTimer":0,"reChargeSpeed":0,"goods":null,"tasks":{}}\n' content len: 352
2024-10-12 05:51:43,724 - d946 - DEBUG - Start PAINT PIXEL 234:231
2024-10-12 05:51:44,663 - 1136 - INFO - Finish CLAIM, status: 200, content: b'{"coins":0,"speedPerSecond":0.00006299999999999999,"fromStart":0,"fromUpdate":0,"maxMiningTime":28800,"claimed":0.004787999999999999,"boosts":{"energyLimit":2,"paintReward":2,"reChargeSpeed":2},"repaintsTotal":0,"userBalance":0,"activated":true,"league":"silver","charges":0,"maxCharges":0,"reChargeTimer":0,"reChargeSpeed":0,"goods":null,"tasks":{}}\n' content len: 351
2024-10-12 05:51:47,381 - fcad - INFO - Finish CLAIM, status: 200, content: b'{"coins":0,"speedPerSecond":0.00005366666666666666,"fromStart":0,"fromUpdate":0,"maxMiningTime":28800,"claimed":0.008586666666666666,"boosts":{"energyLimit":2,"paintReward":2,"reChargeSpeed":2},"repaintsTotal":0,"userBalance":0,"activated":true,"league":"silver","charges":0,"maxCharges":0,"reChargeTimer":0,"reChargeSpeed":0,"goods":null,"tasks":{}}\n' content len: 351
2024-10-12 05:51:55,367 - d946 - INFO - Finish PAINT PIXEL 234:231 to #000000, status: 200, content: b'{"balance":34.285988}\n' content len: 22
2024-10-12 05:51:55,602 - d3b6 - INFO - Telegram profile loaded - path: C:\projects\tg_accs\15874097035\tdata
2024-10-12 05:51:55,610 - ac0c - INFO - Telegram profile loaded - path: C:\projects\tg_accs\12264550366\tdata
2024-10-12 05:51:55,630 - 345c - INFO - Telegram profile loaded - path: C:\projects\tg_accs\12264558635\tdata
2024-10-12 05:52:03,380 - ac0c - ERROR - Failed to convert TDATA to Telethon session:
	Path: C:\projects\tg_accs\12264550366\tdata
	Papa Exception -  type: <class 'sqlite3.OperationalError'>, message: database is locked
2024-10-12 05:52:08,942 - 345c - ERROR - Failed to convert TDATA to Telethon session:
	Path: C:\projects\tg_accs\12264558635\tdata
	Papa Exception -  type: <class 'asyncio.exceptions.CancelledError'>, message: 
2024-10-12 05:52:08,942 - d3b6 - ERROR - Failed to convert TDATA to Telethon session:
	Path: C:\projects\tg_accs\15874097035\tdata
	Papa Exception -  type: <class 'asyncio.exceptions.CancelledError'>, message: 
2024-10-12 05:52:20,363 - 31df - INFO - Telegram profile loaded - path: C:\projects\tg_accs\18077006341\tdata
2024-10-12 05:52:20,392 - 949c - INFO - Telegram profile loaded - path: C:\projects\tg_accs\15874097035\tdata
2024-10-12 05:52:20,398 - a39d - INFO - Telegram profile loaded - path: C:\projects\tg_accs\12264550366\tdata
2024-10-12 05:52:20,401 - 0454 - INFO - Telegram profile loaded - path: C:\projects\tg_accs\12264558635\tdata
2024-10-12 05:52:25,615 - 31df - INFO - Telegram profile connect success - path: C:\projects\tg_accs\18077006341\tdata, id: 7515509069, username: JeanneBlair2001, phone: 18077006341
2024-10-12 05:52:25,630 - a39d - INFO - Telegram profile connect success - path: C:\projects\tg_accs\12264550366\tdata, id: 7596997432, username: TamaraKanahele2022, phone: 12264550366
2024-10-12 05:52:25,806 - 949c - INFO - Telegram profile connect success - path: C:\projects\tg_accs\15874097035\tdata, id: 6714712311, username: guapepep, phone: 15874097035
2024-10-12 05:52:26,162 - 0454 - INFO - Telegram profile connect success - path: C:\projects\tg_accs\12264558635\tdata, id: 7703582587, username: DeborahLamboy2009, phone: 12264558635
2024-10-12 05:52:26,438 - 3364 - DEBUG - Start GET entry URL
2024-10-12 05:52:26,483 - cf9f - DEBUG - Start GET entry URL
2024-10-12 05:52:26,746 - 0cb1 - DEBUG - Start GET entry URL
2024-10-12 05:52:27,049 - fe2a - DEBUG - Start GET entry URL
2024-10-12 05:52:36,033 - cf9f - INFO - Finish GET entry URL GET, status: 200, content len: 6121
2024-10-12 05:52:36,035 - cf9f - DEBUG - Start GET account status
2024-10-12 05:52:36,601 - fe2a - INFO - Finish GET entry URL GET, status: 200, content len: 6121
2024-10-12 05:52:36,601 - fe2a - DEBUG - Start GET account status
2024-10-12 05:52:37,558 - 3364 - INFO - Finish GET entry URL GET, status: 200, content len: 6121
2024-10-12 05:52:37,560 - 3364 - DEBUG - Start GET account status
2024-10-12 05:52:37,975 - 0cb1 - INFO - Finish GET entry URL GET, status: 200, content len: 6121
2024-10-12 05:52:37,975 - 0cb1 - DEBUG - Start GET account status
2024-10-12 06:04:29,943 - FuckTory - INFO - Initialized Fucktory size of (8, 4)
2024-10-12 06:04:30,210 - FuckTory - INFO - CURRENT BAD POINTS 18
2024-10-12 06:04:30,211 - FuckTory - INFO - WORKER 12264550366
2024-10-12 06:04:30,211 - FuckTory - INFO - FREE!
2024-10-12 06:04:30,212 - FuckTory - INFO - WORKER 12264558635
2024-10-12 06:04:30,212 - FuckTory - INFO - FREE!
2024-10-12 06:04:30,213 - FuckTory - INFO - WORKER 15874097035
2024-10-12 06:04:30,213 - FuckTory - INFO - FREE!
2024-10-12 06:04:30,213 - FuckTory - INFO - WORKER 18077006341
2024-10-12 06:04:30,214 - FuckTory - INFO - FREE!
2024-10-12 06:04:30,214 - FuckTory - INFO - WORKER 639468092706
2024-10-12 06:04:30,215 - FuckTory - INFO - FREE!
2024-10-12 06:04:30,215 - FuckTory - INFO - WORKER 8801745658318
2024-10-12 06:04:30,216 - FuckTory - INFO - FREE!
2024-10-12 06:04:30,216 - FuckTory - INFO - WORKER 8801747034955
2024-10-12 06:04:30,217 - FuckTory - INFO - FREE!
2024-10-12 06:04:30,217 - FuckTory - INFO - WORKER 8801748878172
2024-10-12 06:04:30,217 - FuckTory - INFO - FREE!
2024-10-12 06:04:30,218 - FuckTory - INFO - CURRENT NOT LOCKED BAD POINTS 18
2024-10-12 06:04:30,218 - FuckTory - INFO - LEFT PIXELS WITOUT WORKERS: 10
2024-10-12 06:04:30,219 - FuckTory - INFO - AMOUNT OF STARTED WORKERS: 8
2024-10-12 06:04:30,232 - unnamed - INFO - Telegram profile loaded - path: C:\projects\tg_accs\12264558635\tdata
2024-10-12 06:04:30,240 - unnamed - INFO - Telegram profile loaded - path: C:\projects\tg_accs\8801747034955\tdata
2024-10-12 06:04:30,255 - unnamed - INFO - Telegram profile loaded - path: C:\projects\tg_accs\18077006341\tdata
2024-10-12 06:04:30,275 - unnamed - INFO - Telegram profile loaded - path: C:\projects\tg_accs\639468092706\tdata
2024-10-12 06:04:30,281 - unnamed - INFO - Telegram profile loaded - path: C:\projects\tg_accs\15874097035\tdata
2024-10-12 06:04:30,288 - unnamed - INFO - Telegram profile loaded - path: C:\projects\tg_accs\8801745658318\tdata
2024-10-12 06:04:30,301 - unnamed - INFO - Telegram profile loaded - path: C:\projects\tg_accs\12264550366\tdata
2024-10-12 06:04:30,320 - unnamed - INFO - Telegram profile loaded - path: C:\projects\tg_accs\8801748878172\tdata
2024-10-12 06:04:32,488 - unnamed - INFO - Telegram profile connect success - path: C:\projects\tg_accs\639468092706\tdata, id: 7691084320, username: None, phone: 639468092706
2024-10-12 06:04:33,035 - FuckTory - INFO - https://notpx.app/#tgWebAppData=query_id%3DAAEgomxKAwAAACCibEoXAlaM%26user%3D%257B%2522id%2522%253A7691084320%252C%2522first_name%2522%253A%2522Stanford%2522%252C%2522last_name%2522%253A%2522Allison%2522%252C%2522language_code%2522%253A%2522en%2522%252C%2522allows_write_to_pm%2522%253Atrue%257D%26auth_date%3D1728727473%26hash%3De81ef34a4235f3699fc84ea23c8c0950184fc1164de4469098672473bfc7096f&tgWebAppVersion=7.10&tgWebAppPlatform=android&tgWebAppThemeParams=%7B%22accent_text_color%22%3A%22%23168acd%22%2C%22bg_color%22%3A%22%23ffffff%22%2C%22bottom_bar_bg_color%22%3A%22%23ffffff%22%2C%22button_color%22%3A%22%2340a7e3%22%2C%22button_text_color%22%3A%22%23ffffff%22%2C%22destructive_text_color%22%3A%22%23d14e4e%22%2C%22header_bg_color%22%3A%22%23ffffff%22%2C%22hint_color%22%3A%22%23999999%22%2C%22link_color%22%3A%22%23168acd%22%2C%22secondary_bg_color%22%3A%22%23f1f1f1%22%2C%22section_bg_color%22%3A%22%23ffffff%22%2C%22section_header_text_color%22%3A%22%23168acd%22%2C%22section_separator_color%22%3A%22%23e7e7e7%22%2C%22subtitle_text_color%22%3A%22%23999999%22%2C%22text_color%22%3A%22%23000000%22%7D
2024-10-12 06:04:33,035 - 639468092706 - DEBUG - Start GET entry URL
2024-10-12 06:04:35,033 - unnamed - ERROR - Failed to convert TDATA to Telethon session:
	Path: C:\projects\tg_accs\8801747034955\tdata
	Papa Exception -  type: <class 'opentele.exception.TDesktopUnauthorized'>, message: TDesktopUnauthorized: TDesktop client is unauthorized [ Called by FromTDesktop() ]
2024-10-12 06:04:36,396 - unnamed - ERROR - Failed to convert TDATA to Telethon session:
	Path: C:\projects\tg_accs\8801745658318\tdata
	Papa Exception -  type: <class 'opentele.exception.TDesktopUnauthorized'>, message: TDesktopUnauthorized: TDesktop client is unauthorized [ Called by FromTDesktop() ]
2024-10-12 06:04:36,505 - unnamed - ERROR - Failed to convert TDATA to Telethon session:
	Path: C:\projects\tg_accs\8801748878172\tdata
	Papa Exception -  type: <class 'opentele.exception.TDesktopUnauthorized'>, message: TDesktopUnauthorized: TDesktop client is unauthorized [ Called by FromTDesktop() ]
2024-10-12 06:04:36,752 - unnamed - INFO - Telegram profile connect success - path: C:\projects\tg_accs\12264550366\tdata, id: 7596997432, username: TamaraKanahele2022, phone: 12264550366
2024-10-12 06:04:36,787 - unnamed - INFO - Telegram profile connect success - path: C:\projects\tg_accs\18077006341\tdata, id: 7515509069, username: JeanneBlair2001, phone: 18077006341
2024-10-12 06:04:36,880 - unnamed - INFO - Telegram profile connect success - path: C:\projects\tg_accs\12264558635\tdata, id: 7703582587, username: DeborahLamboy2009, phone: 12264558635
2024-10-12 06:04:36,983 - unnamed - INFO - Telegram profile connect success - path: C:\projects\tg_accs\15874097035\tdata, id: 6714712311, username: guapepep, phone: 15874097035
2024-10-12 06:04:37,522 - FuckTory - INFO - https://notpx.app/#tgWebAppData=query_id%3DAAE4-9BEAwAAADj70ESUiuqq%26user%3D%257B%2522id%2522%253A7596997432%252C%2522first_name%2522%253A%2522Tamara%2522%252C%2522last_name%2522%253A%2522Kanahele%2522%252C%2522username%2522%253A%2522TamaraKanahele2022%2522%252C%2522language_code%2522%253A%2522en%2522%252C%2522allows_write_to_pm%2522%253Atrue%257D%26auth_date%3D1728727478%26hash%3D55f410fd17b4a91cdf7f629906d7602a3d1b84c33a8e2af930daef1807850206&tgWebAppVersion=7.10&tgWebAppPlatform=android&tgWebAppThemeParams=%7B%22accent_text_color%22%3A%22%23168acd%22%2C%22bg_color%22%3A%22%23ffffff%22%2C%22bottom_bar_bg_color%22%3A%22%23ffffff%22%2C%22button_color%22%3A%22%2340a7e3%22%2C%22button_text_color%22%3A%22%23ffffff%22%2C%22destructive_text_color%22%3A%22%23d14e4e%22%2C%22header_bg_color%22%3A%22%23ffffff%22%2C%22hint_color%22%3A%22%23999999%22%2C%22link_color%22%3A%22%23168acd%22%2C%22secondary_bg_color%22%3A%22%23f1f1f1%22%2C%22section_bg_color%22%3A%22%23ffffff%22%2C%22section_header_text_color%22%3A%22%23168acd%22%2C%22section_separator_color%22%3A%22%23e7e7e7%22%2C%22subtitle_text_color%22%3A%22%23999999%22%2C%22text_color%22%3A%22%23000000%22%7D
2024-10-12 06:04:37,522 - 12264550366 - DEBUG - Start GET entry URL
2024-10-12 06:04:37,567 - FuckTory - INFO - https://notpx.app/#tgWebAppData=query_id%3DAAFNkfU_AwAAAE2R9T_fz5Xg%26user%3D%257B%2522id%2522%253A7515509069%252C%2522first_name%2522%253A%2522Jeanne%2522%252C%2522last_name%2522%253A%2522Blair%2522%252C%2522username%2522%253A%2522JeanneBlair2001%2522%252C%2522language_code%2522%253A%2522en%2522%252C%2522allows_write_to_pm%2522%253Atrue%257D%26auth_date%3D1728727478%26hash%3D1217d2ae9e32e82a5e7f84756cab541d5a03669be93c1bd4f3a77826c53406db&tgWebAppVersion=7.10&tgWebAppPlatform=android&tgWebAppThemeParams=%7B%22accent_text_color%22%3A%22%23168acd%22%2C%22bg_color%22%3A%22%23ffffff%22%2C%22bottom_bar_bg_color%22%3A%22%23ffffff%22%2C%22button_color%22%3A%22%2340a7e3%22%2C%22button_text_color%22%3A%22%23ffffff%22%2C%22destructive_text_color%22%3A%22%23d14e4e%22%2C%22header_bg_color%22%3A%22%23ffffff%22%2C%22hint_color%22%3A%22%23999999%22%2C%22link_color%22%3A%22%23168acd%22%2C%22secondary_bg_color%22%3A%22%23f1f1f1%22%2C%22section_bg_color%22%3A%22%23ffffff%22%2C%22section_header_text_color%22%3A%22%23168acd%22%2C%22section_separator_color%22%3A%22%23e7e7e7%22%2C%22subtitle_text_color%22%3A%22%23999999%22%2C%22text_color%22%3A%22%23000000%22%7D
2024-10-12 06:04:37,585 - 18077006341 - DEBUG - Start GET entry URL
2024-10-12 06:04:37,705 - FuckTory - INFO - https://notpx.app/#tgWebAppData=query_id%3DAAF7VytLAwAAAHtXK0sHJDze%26user%3D%257B%2522id%2522%253A7703582587%252C%2522first_name%2522%253A%2522Deborah%2522%252C%2522last_name%2522%253A%2522Lamboy%2522%252C%2522username%2522%253A%2522DeborahLamboy2009%2522%252C%2522language_code%2522%253A%2522en%2522%252C%2522allows_write_to_pm%2522%253Atrue%257D%26auth_date%3D1728727478%26hash%3D8dfb3135ae31ee108202ba76a91e2d0cbe90686d55c17034a707a0370b1d79a7&tgWebAppVersion=7.10&tgWebAppPlatform=android&tgWebAppThemeParams=%7B%22accent_text_color%22%3A%22%23168acd%22%2C%22bg_color%22%3A%22%23ffffff%22%2C%22bottom_bar_bg_color%22%3A%22%23ffffff%22%2C%22button_color%22%3A%22%2340a7e3%22%2C%22button_text_color%22%3A%22%23ffffff%22%2C%22destructive_text_color%22%3A%22%23d14e4e%22%2C%22header_bg_color%22%3A%22%23ffffff%22%2C%22hint_color%22%3A%22%23999999%22%2C%22link_color%22%3A%22%23168acd%22%2C%22secondary_bg_color%22%3A%22%23f1f1f1%22%2C%22section_bg_color%22%3A%22%23ffffff%22%2C%22section_header_text_color%22%3A%22%23168acd%22%2C%22section_separator_color%22%3A%22%23e7e7e7%22%2C%22subtitle_text_color%22%3A%22%23999999%22%2C%22text_color%22%3A%22%23000000%22%7D
2024-10-12 06:04:37,713 - 12264558635 - DEBUG - Start GET entry URL
2024-10-12 06:04:37,816 - FuckTory - INFO - https://notpx.app/#tgWebAppData=query_id%3DAAH3YDoQAwAAAPdgOhB5pAtx%26user%3D%257B%2522id%2522%253A6714712311%252C%2522first_name%2522%253A%2522Catherine%2522%252C%2522last_name%2522%253A%2522Martin%2522%252C%2522username%2522%253A%2522guapepep%2522%252C%2522language_code%2522%253A%2522en%2522%252C%2522allows_write_to_pm%2522%253Atrue%257D%26auth_date%3D1728727478%26hash%3Dd7c671d9f27e50b5c813c91e24b160caac42ca061399c7e1e431e0db61893760&tgWebAppVersion=7.10&tgWebAppPlatform=android&tgWebAppThemeParams=%7B%22accent_text_color%22%3A%22%23168acd%22%2C%22bg_color%22%3A%22%23ffffff%22%2C%22bottom_bar_bg_color%22%3A%22%23ffffff%22%2C%22button_color%22%3A%22%2340a7e3%22%2C%22button_text_color%22%3A%22%23ffffff%22%2C%22destructive_text_color%22%3A%22%23d14e4e%22%2C%22header_bg_color%22%3A%22%23ffffff%22%2C%22hint_color%22%3A%22%23999999%22%2C%22link_color%22%3A%22%23168acd%22%2C%22secondary_bg_color%22%3A%22%23f1f1f1%22%2C%22section_bg_color%22%3A%22%23ffffff%22%2C%22section_header_text_color%22%3A%22%23168acd%22%2C%22section_separator_color%22%3A%22%23e7e7e7%22%2C%22subtitle_text_color%22%3A%22%23999999%22%2C%22text_color%22%3A%22%23000000%22%7D
2024-10-12 06:04:37,821 - 15874097035 - DEBUG - Start GET entry URL
2024-10-12 06:04:42,445 - 639468092706 - INFO - Finish GET entry URL GET, status: 200, content len: 6121
2024-10-12 06:04:42,445 - 639468092706 - DEBUG - Start GET account status
2024-10-12 06:04:46,875 - 12264558635 - INFO - Finish GET entry URL GET, status: 200, content len: 6121
2024-10-12 06:04:46,876 - 12264558635 - DEBUG - Start GET account status
2024-10-12 06:04:48,385 - 15874097035 - INFO - Finish GET entry URL GET, status: 200, content len: 6121
2024-10-12 06:04:48,385 - 15874097035 - DEBUG - Start GET account status
2024-10-12 06:04:49,423 - 18077006341 - INFO - Finish GET entry URL GET, status: 200, content len: 6121
2024-10-12 06:04:49,423 - 18077006341 - DEBUG - Start GET account status
2024-10-12 06:04:49,880 - 12264550366 - INFO - Finish GET entry URL GET, status: 200, content len: 6121
2024-10-12 06:04:49,880 - 12264550366 - DEBUG - Start GET account status
2024-10-12 06:04:52,677 - 639468092706 - INFO - Finish GET account state, status: 200, content: b'{"coins":0.00020533333333333333,"speedPerSecond":0.000005833333333333333,"fromStart":361915,"fromUpdate":0,"maxMiningTime":28800,"claimed":0,"boosts":{"energyLimit":1,"paintReward":1,"reChargeSpeed":2},"repaintsTotal":5,"userBalance":8,"activated":true,"league":"bronze","charges":5,"maxCharges":5,"reChargeTimer":0,"reChargeSpeed":570000,"goods":{},"tasks":{}}\n' content len: 362
2024-10-12 06:04:52,693 - 639468092706 - DEBUG - Start CLAIM
2024-10-12 06:04:57,834 - 12264558635 - INFO - Finish GET account state, status: 200, content: b'{"coins":0,"speedPerSecond":0.00005366666666666666,"fromStart":792,"fromUpdate":0,"maxMiningTime":28800,"claimed":0,"boosts":{"energyLimit":2,"paintReward":2,"reChargeSpeed":2},"repaintsTotal":46,"userBalance":53.6252475,"activated":true,"league":"silver","charges":1,"maxCharges":6,"reChargeTimer":56645,"reChargeSpeed":570000,"goods":{},"tasks":{}}\n' content len: 351
2024-10-12 06:04:57,834 - 12264558635 - DEBUG - Start CLAIM
2024-10-12 06:04:59,319 - 18077006341 - INFO - Finish GET account state, status: 200, content: b'{"coins":0.0004748333333333333,"speedPerSecond":0.00004433333333333333,"fromStart":796,"fromUpdate":0,"maxMiningTime":28800,"claimed":0,"boosts":{"energyLimit":2,"paintReward":2,"reChargeSpeed":2},"repaintsTotal":38,"userBalance":34.285988,"activated":true,"league":"silver","charges":2,"maxCharges":12,"reChargeTimer":566819,"reChargeSpeed":570000,"goods":{},"tasks":{}}\n' content len: 372
2024-10-12 06:04:59,319 - 18077006341 - DEBUG - Start CLAIM
2024-10-12 06:04:59,949 - 15874097035 - INFO - Finish GET account state, status: 200, content: b'{"coins":0,"speedPerSecond":0.000040833333333333334,"fromStart":864,"fromUpdate":0,"maxMiningTime":28800,"claimed":0,"boosts":{"energyLimit":2,"paintReward":2,"reChargeSpeed":2},"repaintsTotal":35,"userBalance":34.5749375,"activated":true,"league":"silver","charges":1,"maxCharges":6,"reChargeTimer":56351,"reChargeSpeed":570000,"goods":{},"tasks":{}}\n' content len: 352
2024-10-12 06:04:59,949 - 15874097035 - DEBUG - Start CLAIM
2024-10-12 06:05:01,025 - 12264550366 - INFO - Finish GET account state, status: 200, content: b'{"coins":0,"speedPerSecond":0.00006299999999999999,"fromStart":795,"fromUpdate":0,"maxMiningTime":28800,"claimed":0,"boosts":{"energyLimit":2,"paintReward":2,"reChargeSpeed":2},"repaintsTotal":54,"userBalance":66.82130133333328,"activated":true,"league":"silver","charges":1,"maxCharges":6,"reChargeTimer":50953,"reChargeSpeed":570000,"goods":{},"tasks":{}}\n' content len: 358
2024-10-12 06:05:01,025 - 12264550366 - DEBUG - Start CLAIM
2024-10-12 06:05:01,756 - 639468092706 - INFO - Finish CLAIM, status: 200, content: b'{"coins":0,"speedPerSecond":0.000005833333333333333,"fromStart":0,"fromUpdate":0,"maxMiningTime":28800,"claimed":0.16799999999999998,"boosts":{"energyLimit":1,"paintReward":1,"reChargeSpeed":2},"repaintsTotal":0,"userBalance":0,"activated":true,"league":"bronze","charges":0,"maxCharges":0,"reChargeTimer":0,"reChargeSpeed":0,"goods":null,"tasks":{}}\n' content len: 351
2024-10-12 06:05:01,756 - 639468092706 - DEBUG - Start UPGRADE paintReward
2024-10-12 06:05:07,603 - 12264558635 - INFO - Finish CLAIM, status: 200, content: b'{"coins":0,"speedPerSecond":0.00005366666666666666,"fromStart":0,"fromUpdate":0,"maxMiningTime":28800,"claimed":0.043094333333333325,"boosts":{"energyLimit":2,"paintReward":2,"reChargeSpeed":2},"repaintsTotal":0,"userBalance":0,"activated":true,"league":"silver","charges":0,"maxCharges":0,"reChargeTimer":0,"reChargeSpeed":0,"goods":null,"tasks":{}}\n' content len: 351
2024-10-12 06:05:07,603 - 12264558635 - DEBUG - Start PAINT PIXEL 228:228
2024-10-12 06:05:09,681 - 15874097035 - INFO - Finish CLAIM, status: 200, content: b'{"coins":0,"speedPerSecond":0.000040833333333333334,"fromStart":0,"fromUpdate":0,"maxMiningTime":28800,"claimed":0.035729166666666666,"boosts":{"energyLimit":2,"paintReward":2,"reChargeSpeed":2},"repaintsTotal":0,"userBalance":0,"activated":true,"league":"silver","charges":0,"maxCharges":0,"reChargeTimer":0,"reChargeSpeed":0,"goods":null,"tasks":{}}\n' content len: 352
2024-10-12 06:05:09,705 - 15874097035 - DEBUG - Start PAINT PIXEL 230:228
2024-10-12 06:05:10,712 - 12264550366 - INFO - Finish CLAIM, status: 200, content: b'{"coins":0,"speedPerSecond":0.00006299999999999999,"fromStart":0,"fromUpdate":0,"maxMiningTime":28800,"claimed":0.05077799999999999,"boosts":{"energyLimit":2,"paintReward":2,"reChargeSpeed":2},"repaintsTotal":0,"userBalance":0,"activated":true,"league":"silver","charges":0,"maxCharges":0,"reChargeTimer":0,"reChargeSpeed":0,"goods":null,"tasks":{}}\n' content len: 350
2024-10-12 06:05:10,713 - 12264550366 - DEBUG - Start PAINT PIXEL 230:231
2024-10-12 06:05:10,866 - 639468092706 - INFO - Finish UPGRADE paintReward, status: 200, content: b'{"paintReward":true}\n' content len: 21
2024-10-12 06:05:10,867 - 639468092706 - DEBUG - Start PAINT PIXEL 229:230
2024-10-12 06:05:11,542 - 18077006341 - INFO - Finish CLAIM, status: 200, content: b'{"coins":0,"speedPerSecond":0.00004433333333333333,"fromStart":0,"fromUpdate":0,"maxMiningTime":28800,"claimed":0.03573266666666666,"boosts":{"energyLimit":2,"paintReward":2,"reChargeSpeed":2},"repaintsTotal":0,"userBalance":0,"activated":true,"league":"silver","charges":0,"maxCharges":0,"reChargeTimer":0,"reChargeSpeed":0,"goods":null,"tasks":{}}\n' content len: 350
2024-10-12 06:05:11,545 - 18077006341 - DEBUG - Start PAINT PIXEL 229:228
2024-10-12 06:05:19,432 - 12264558635 - INFO - Finish PAINT PIXEL 228:228 to #000000, status: 200, content: b'{"balance":54.668341833333}\n' content len: 28
2024-10-12 06:05:20,975 - 639468092706 - INFO - Finish PAINT PIXEL 229:230 to #FFFFFF, status: 200, content: b'{"balance":4.168}\n' content len: 18
2024-10-12 06:05:22,068 - 15874097035 - INFO - Finish PAINT PIXEL 230:228 to #FFFFFF, status: 200, content: b'{"balance":35.610666666667}\n' content len: 28
2024-10-12 06:05:23,389 - 18077006341 - INFO - Finish PAINT PIXEL 229:228 to #000000, status: 200, content: b'{"balance":35.321720666667}\n' content len: 28
2024-10-12 06:05:25,740 - 12264550366 - INFO - Finish PAINT PIXEL 230:231 to #FFFFFF, status: 200, content: b'{"balance":67.872079333333}\n' content len: 28
2024-10-12 06:05:25,988 - FuckTory - INFO - CURRENT BAD POINTS 14
2024-10-12 06:05:25,989 - FuckTory - INFO - WORKER 12264550366
2024-10-12 06:05:25,990 - FuckTory - INFO - FREE!
2024-10-12 06:05:25,990 - FuckTory - INFO - WORKER 12264558635
2024-10-12 06:05:25,991 - FuckTory - INFO - FREE!
2024-10-12 06:05:25,992 - FuckTory - INFO - WORKER 15874097035
2024-10-12 06:05:25,992 - FuckTory - INFO - FREE!
2024-10-12 06:05:25,993 - FuckTory - INFO - WORKER 18077006341
2024-10-12 06:05:25,993 - FuckTory - INFO - FREE!
2024-10-12 06:05:25,994 - FuckTory - INFO - WORKER 639468092706
2024-10-12 06:05:25,994 - FuckTory - INFO - FREE!
2024-10-12 06:05:25,995 - FuckTory - INFO - WORKER 8801745658318
2024-10-12 06:05:25,995 - FuckTory - INFO - FREE!
2024-10-12 06:05:25,996 - FuckTory - INFO - WORKER 8801747034955
2024-10-12 06:05:25,996 - FuckTory - INFO - FREE!
2024-10-12 06:05:25,997 - FuckTory - INFO - WORKER 8801748878172
2024-10-12 06:05:25,998 - FuckTory - INFO - FREE!
2024-10-12 06:05:25,998 - FuckTory - INFO - CURRENT NOT LOCKED BAD POINTS 14
2024-10-12 06:05:25,999 - FuckTory - INFO - LEFT PIXELS WITOUT WORKERS: 6
2024-10-12 06:05:26,000 - FuckTory - INFO - AMOUNT OF STARTED WORKERS: 8
2024-10-12 06:05:26,009 - unnamed - INFO - Telegram profile loaded - path: C:\projects\tg_accs\15874097035\tdata
2024-10-12 06:05:26,032 - unnamed - INFO - Telegram profile loaded - path: C:\projects\tg_accs\18077006341\tdata
2024-10-12 06:05:26,038 - unnamed - INFO - Telegram profile loaded - path: C:\projects\tg_accs\8801747034955\tdata
2024-10-12 06:05:26,045 - unnamed - INFO - Telegram profile loaded - path: C:\projects\tg_accs\8801748878172\tdata
2024-10-12 06:05:26,052 - unnamed - INFO - Telegram profile loaded - path: C:\projects\tg_accs\639468092706\tdata
2024-10-12 06:05:26,058 - unnamed - INFO - Telegram profile loaded - path: C:\projects\tg_accs\8801745658318\tdata
2024-10-12 06:05:26,066 - unnamed - INFO - Telegram profile loaded - path: C:\projects\tg_accs\12264550366\tdata
2024-10-12 06:05:26,073 - unnamed - INFO - Telegram profile loaded - path: C:\projects\tg_accs\12264558635\tdata
2024-10-12 06:05:32,865 - unnamed - ERROR - Failed to convert TDATA to Telethon session:
	Path: C:\projects\tg_accs\639468092706\tdata
	Papa Exception -  type: <class 'sqlite3.OperationalError'>, message: database is locked
2024-10-12 06:05:39,060 - unnamed - ERROR - Failed to convert TDATA to Telethon session:
	Path: C:\projects\tg_accs\12264550366\tdata
	Papa Exception -  type: <class 'sqlite3.OperationalError'>, message: database is locked
2024-10-12 06:05:39,064 - unnamed - ERROR - Failed to convert TDATA to Telethon session:
	Path: C:\projects\tg_accs\15874097035\tdata
	Papa Exception -  type: <class 'asyncio.exceptions.CancelledError'>, message: 
2024-10-12 06:05:39,066 - unnamed - ERROR - Failed to convert TDATA to Telethon session:
	Path: C:\projects\tg_accs\18077006341\tdata
	Papa Exception -  type: <class 'asyncio.exceptions.CancelledError'>, message: 
2024-10-12 06:05:39,068 - unnamed - ERROR - Failed to convert TDATA to Telethon session:
	Path: C:\projects\tg_accs\8801748878172\tdata
	Papa Exception -  type: <class 'asyncio.exceptions.CancelledError'>, message: 
2024-10-12 06:05:39,068 - unnamed - ERROR - Failed to convert TDATA to Telethon session:
	Path: C:\projects\tg_accs\8801747034955\tdata
	Papa Exception -  type: <class 'asyncio.exceptions.CancelledError'>, message: 
2024-10-12 06:05:39,068 - unnamed - ERROR - Failed to convert TDATA to Telethon session:
	Path: C:\projects\tg_accs\8801745658318\tdata
	Papa Exception -  type: <class 'asyncio.exceptions.CancelledError'>, message: 
2024-10-12 06:05:39,068 - unnamed - ERROR - Failed to convert TDATA to Telethon session:
	Path: C:\projects\tg_accs\12264558635\tdata
	Papa Exception -  type: <class 'asyncio.exceptions.CancelledError'>, message: 
2024-10-12 06:05:39,341 - FuckTory - INFO - CURRENT BAD POINTS 14
2024-10-12 06:05:39,342 - FuckTory - INFO - WORKER 12264550366
2024-10-12 06:05:39,342 - FuckTory - INFO - FREE!
2024-10-12 06:05:39,343 - FuckTory - INFO - WORKER 12264558635
2024-10-12 06:05:39,343 - FuckTory - INFO - FREE!
2024-10-12 06:05:39,344 - FuckTory - INFO - WORKER 15874097035
2024-10-12 06:05:39,344 - FuckTory - INFO - FREE!
2024-10-12 06:05:39,345 - FuckTory - INFO - WORKER 18077006341
2024-10-12 06:05:39,345 - FuckTory - INFO - FREE!
2024-10-12 06:05:39,346 - FuckTory - INFO - WORKER 639468092706
2024-10-12 06:05:39,347 - FuckTory - INFO - FREE!
2024-10-12 06:05:39,350 - FuckTory - INFO - WORKER 8801745658318
2024-10-12 06:05:39,351 - FuckTory - INFO - FREE!
2024-10-12 06:05:39,351 - FuckTory - INFO - WORKER 8801747034955
2024-10-12 06:05:39,352 - FuckTory - INFO - FREE!
2024-10-12 06:05:39,353 - FuckTory - INFO - WORKER 8801748878172
2024-10-12 06:05:39,353 - FuckTory - INFO - FREE!
2024-10-12 06:05:39,354 - FuckTory - INFO - CURRENT NOT LOCKED BAD POINTS 14
2024-10-12 06:05:39,354 - FuckTory - INFO - LEFT PIXELS WITOUT WORKERS: 6
2024-10-12 06:05:39,355 - FuckTory - INFO - AMOUNT OF STARTED WORKERS: 8
2024-10-12 06:05:39,360 - unnamed - INFO - Telegram profile loaded - path: C:\projects\tg_accs\8801745658318\tdata
2024-10-12 06:05:39,365 - unnamed - INFO - Telegram profile loaded - path: C:\projects\tg_accs\8801748878172\tdata
2024-10-12 06:05:39,372 - unnamed - INFO - Telegram profile loaded - path: C:\projects\tg_accs\12264558635\tdata
2024-10-12 06:05:39,379 - unnamed - INFO - Telegram profile loaded - path: C:\projects\tg_accs\18077006341\tdata
2024-10-12 06:05:39,386 - unnamed - INFO - Telegram profile loaded - path: C:\projects\tg_accs\12264550366\tdata
2024-10-12 06:05:39,391 - unnamed - INFO - Telegram profile loaded - path: C:\projects\tg_accs\639468092706\tdata
2024-10-12 06:05:39,391 - unnamed - INFO - Telegram profile loaded - path: C:\projects\tg_accs\15874097035\tdata
2024-10-12 06:05:39,405 - unnamed - INFO - Telegram profile loaded - path: C:\projects\tg_accs\8801747034955\tdata
2024-10-12 06:05:41,803 - unnamed - INFO - Telegram profile connect success - path: C:\projects\tg_accs\639468092706\tdata, id: 7691084320, username: None, phone: 639468092706
2024-10-12 06:05:42,477 - FuckTory - INFO - https://notpx.app/#tgWebAppData=query_id%3DAAEgomxKAwAAACCibErt_K3H%26user%3D%257B%2522id%2522%253A7691084320%252C%2522first_name%2522%253A%2522Stanford%2522%252C%2522last_name%2522%253A%2522Allison%2522%252C%2522language_code%2522%253A%2522en%2522%252C%2522allows_write_to_pm%2522%253Atrue%257D%26auth_date%3D1728727543%26hash%3De73fc8958861982ec1048f416bb7bd9c0cb31a8b1beec17d78d734e174379f65&tgWebAppVersion=7.10&tgWebAppPlatform=android&tgWebAppThemeParams=%7B%22accent_text_color%22%3A%22%23168acd%22%2C%22bg_color%22%3A%22%23ffffff%22%2C%22bottom_bar_bg_color%22%3A%22%23ffffff%22%2C%22button_color%22%3A%22%2340a7e3%22%2C%22button_text_color%22%3A%22%23ffffff%22%2C%22destructive_text_color%22%3A%22%23d14e4e%22%2C%22header_bg_color%22%3A%22%23ffffff%22%2C%22hint_color%22%3A%22%23999999%22%2C%22link_color%22%3A%22%23168acd%22%2C%22secondary_bg_color%22%3A%22%23f1f1f1%22%2C%22section_bg_color%22%3A%22%23ffffff%22%2C%22section_header_text_color%22%3A%22%23168acd%22%2C%22section_separator_color%22%3A%22%23e7e7e7%22%2C%22subtitle_text_color%22%3A%22%23999999%22%2C%22text_color%22%3A%22%23000000%22%7D
2024-10-12 06:05:42,481 - 639468092706 - DEBUG - Start GET entry URL
2024-10-12 06:05:42,847 - unnamed - ERROR - Failed to convert TDATA to Telethon session:
	Path: C:\projects\tg_accs\8801748878172\tdata
	Papa Exception -  type: <class 'opentele.exception.TDesktopUnauthorized'>, message: TDesktopUnauthorized: TDesktop client is unauthorized [ Called by FromTDesktop() ]
2024-10-12 06:05:42,877 - unnamed - ERROR - Failed to convert TDATA to Telethon session:
	Path: C:\projects\tg_accs\8801747034955\tdata
	Papa Exception -  type: <class 'opentele.exception.TDesktopUnauthorized'>, message: TDesktopUnauthorized: TDesktop client is unauthorized [ Called by FromTDesktop() ]
2024-10-12 06:05:43,659 - unnamed - ERROR - Failed to convert TDATA to Telethon session:
	Path: C:\projects\tg_accs\8801745658318\tdata
	Papa Exception -  type: <class 'opentele.exception.TDesktopUnauthorized'>, message: TDesktopUnauthorized: TDesktop client is unauthorized [ Called by FromTDesktop() ]
2024-10-12 06:05:44,329 - unnamed - INFO - Telegram profile connect success - path: C:\projects\tg_accs\12264550366\tdata, id: 7596997432, username: TamaraKanahele2022, phone: 12264550366
2024-10-12 06:05:44,414 - unnamed - INFO - Telegram profile connect success - path: C:\projects\tg_accs\18077006341\tdata, id: 7515509069, username: JeanneBlair2001, phone: 18077006341
2024-10-12 06:05:44,875 - unnamed - INFO - Telegram profile connect success - path: C:\projects\tg_accs\15874097035\tdata, id: 6714712311, username: guapepep, phone: 15874097035
2024-10-12 06:05:45,087 - FuckTory - INFO - https://notpx.app/#tgWebAppData=query_id%3DAAE4-9BEAwAAADj70ERGrrkC%26user%3D%257B%2522id%2522%253A7596997432%252C%2522first_name%2522%253A%2522Tamara%2522%252C%2522last_name%2522%253A%2522Kanahele%2522%252C%2522username%2522%253A%2522TamaraKanahele2022%2522%252C%2522language_code%2522%253A%2522en%2522%252C%2522allows_write_to_pm%2522%253Atrue%257D%26auth_date%3D1728727545%26hash%3D126a2bb72f228471d305cf5f17bc8d4cd170c5fb875904e6d550d6fa41ed427b&tgWebAppVersion=7.10&tgWebAppPlatform=android&tgWebAppThemeParams=%7B%22accent_text_color%22%3A%22%23168acd%22%2C%22bg_color%22%3A%22%23ffffff%22%2C%22bottom_bar_bg_color%22%3A%22%23ffffff%22%2C%22button_color%22%3A%22%2340a7e3%22%2C%22button_text_color%22%3A%22%23ffffff%22%2C%22destructive_text_color%22%3A%22%23d14e4e%22%2C%22header_bg_color%22%3A%22%23ffffff%22%2C%22hint_color%22%3A%22%23999999%22%2C%22link_color%22%3A%22%23168acd%22%2C%22secondary_bg_color%22%3A%22%23f1f1f1%22%2C%22section_bg_color%22%3A%22%23ffffff%22%2C%22section_header_text_color%22%3A%22%23168acd%22%2C%22section_separator_color%22%3A%22%23e7e7e7%22%2C%22subtitle_text_color%22%3A%22%23999999%22%2C%22text_color%22%3A%22%23000000%22%7D
2024-10-12 06:05:45,091 - 12264550366 - DEBUG - Start GET entry URL
2024-10-12 06:05:45,120 - unnamed - INFO - Telegram profile connect success - path: C:\projects\tg_accs\12264558635\tdata, id: 7703582587, username: DeborahLamboy2009, phone: 12264558635
2024-10-12 06:05:45,195 - FuckTory - INFO - https://notpx.app/#tgWebAppData=query_id%3DAAFNkfU_AwAAAE2R9T8PUxRs%26user%3D%257B%2522id%2522%253A7515509069%252C%2522first_name%2522%253A%2522Jeanne%2522%252C%2522last_name%2522%253A%2522Blair%2522%252C%2522username%2522%253A%2522JeanneBlair2001%2522%252C%2522language_code%2522%253A%2522en%2522%252C%2522allows_write_to_pm%2522%253Atrue%257D%26auth_date%3D1728727545%26hash%3D1446143743c3ea6746c48c883807af3cb670452597066ccf5c849136db40a2ff&tgWebAppVersion=7.10&tgWebAppPlatform=android&tgWebAppThemeParams=%7B%22accent_text_color%22%3A%22%23168acd%22%2C%22bg_color%22%3A%22%23ffffff%22%2C%22bottom_bar_bg_color%22%3A%22%23ffffff%22%2C%22button_color%22%3A%22%2340a7e3%22%2C%22button_text_color%22%3A%22%23ffffff%22%2C%22destructive_text_color%22%3A%22%23d14e4e%22%2C%22header_bg_color%22%3A%22%23ffffff%22%2C%22hint_color%22%3A%22%23999999%22%2C%22link_color%22%3A%22%23168acd%22%2C%22secondary_bg_color%22%3A%22%23f1f1f1%22%2C%22section_bg_color%22%3A%22%23ffffff%22%2C%22section_header_text_color%22%3A%22%23168acd%22%2C%22section_separator_color%22%3A%22%23e7e7e7%22%2C%22subtitle_text_color%22%3A%22%23999999%22%2C%22text_color%22%3A%22%23000000%22%7D
2024-10-12 06:05:45,209 - 18077006341 - DEBUG - Start GET entry URL
2024-10-12 06:05:45,727 - FuckTory - INFO - https://notpx.app/#tgWebAppData=query_id%3DAAH3YDoQAwAAAPdgOhDmfGpv%26user%3D%257B%2522id%2522%253A6714712311%252C%2522first_name%2522%253A%2522Catherine%2522%252C%2522last_name%2522%253A%2522Martin%2522%252C%2522username%2522%253A%2522guapepep%2522%252C%2522language_code%2522%253A%2522en%2522%252C%2522allows_write_to_pm%2522%253Atrue%257D%26auth_date%3D1728727546%26hash%3Dd27576d4ec6e787fb3f517896489f92435806700a12f9200525098372caba259&tgWebAppVersion=7.10&tgWebAppPlatform=android&tgWebAppThemeParams=%7B%22accent_text_color%22%3A%22%23168acd%22%2C%22bg_color%22%3A%22%23ffffff%22%2C%22bottom_bar_bg_color%22%3A%22%23ffffff%22%2C%22button_color%22%3A%22%2340a7e3%22%2C%22button_text_color%22%3A%22%23ffffff%22%2C%22destructive_text_color%22%3A%22%23d14e4e%22%2C%22header_bg_color%22%3A%22%23ffffff%22%2C%22hint_color%22%3A%22%23999999%22%2C%22link_color%22%3A%22%23168acd%22%2C%22secondary_bg_color%22%3A%22%23f1f1f1%22%2C%22section_bg_color%22%3A%22%23ffffff%22%2C%22section_header_text_color%22%3A%22%23168acd%22%2C%22section_separator_color%22%3A%22%23e7e7e7%22%2C%22subtitle_text_color%22%3A%22%23999999%22%2C%22text_color%22%3A%22%23000000%22%7D
2024-10-12 06:05:45,727 - 15874097035 - DEBUG - Start GET entry URL
2024-10-12 06:05:45,973 - FuckTory - INFO - https://notpx.app/#tgWebAppData=query_id%3DAAF7VytLAwAAAHtXK0v1kblc%26user%3D%257B%2522id%2522%253A7703582587%252C%2522first_name%2522%253A%2522Deborah%2522%252C%2522last_name%2522%253A%2522Lamboy%2522%252C%2522username%2522%253A%2522DeborahLamboy2009%2522%252C%2522language_code%2522%253A%2522en%2522%252C%2522allows_write_to_pm%2522%253Atrue%257D%26auth_date%3D1728727546%26hash%3Dcc1eb36afc36520a5c0be7438732ea5fc8a60957aa8310ca9190faa57a6195cb&tgWebAppVersion=7.10&tgWebAppPlatform=android&tgWebAppThemeParams=%7B%22accent_text_color%22%3A%22%23168acd%22%2C%22bg_color%22%3A%22%23ffffff%22%2C%22bottom_bar_bg_color%22%3A%22%23ffffff%22%2C%22button_color%22%3A%22%2340a7e3%22%2C%22button_text_color%22%3A%22%23ffffff%22%2C%22destructive_text_color%22%3A%22%23d14e4e%22%2C%22header_bg_color%22%3A%22%23ffffff%22%2C%22hint_color%22%3A%22%23999999%22%2C%22link_color%22%3A%22%23168acd%22%2C%22secondary_bg_color%22%3A%22%23f1f1f1%22%2C%22section_bg_color%22%3A%22%23ffffff%22%2C%22section_header_text_color%22%3A%22%23168acd%22%2C%22section_separator_color%22%3A%22%23e7e7e7%22%2C%22subtitle_text_color%22%3A%22%23999999%22%2C%22text_color%22%3A%22%23000000%22%7D
2024-10-12 06:05:45,973 - 12264558635 - DEBUG - Start GET entry URL
2024-10-12 06:05:50,684 - 639468092706 - INFO - Finish GET entry URL GET, status: 200, content len: 6121
2024-10-12 06:05:50,686 - 639468092706 - DEBUG - Start GET account status
2024-10-12 06:05:54,162 - 12264550366 - INFO - Finish GET entry URL GET, status: 200, content len: 6121
2024-10-12 06:05:54,169 - 12264550366 - DEBUG - Start GET account status
2024-10-12 06:05:56,366 - 12264558635 - INFO - Finish GET entry URL GET, status: 200, content len: 6121
2024-10-12 06:05:56,366 - 12264558635 - DEBUG - Start GET account status
2024-10-12 06:05:56,426 - 18077006341 - INFO - Finish GET entry URL GET, status: 200, content len: 6121
2024-10-12 06:05:56,433 - 18077006341 - DEBUG - Start GET account status
2024-10-12 06:05:57,266 - 15874097035 - INFO - Finish GET entry URL GET, status: 200, content len: 6121
2024-10-12 06:05:57,269 - 15874097035 - DEBUG - Start GET account status
2024-10-12 06:05:59,195 - 639468092706 - INFO - Finish GET account state, status: 200, content: b'{"coins":0.00010499999999999999,"speedPerSecond":0.000007,"fromStart":58,"fromUpdate":0,"maxMiningTime":28800,"claimed":0,"boosts":{"energyLimit":1,"paintReward":2,"reChargeSpeed":2},"repaintsTotal":6,"userBalance":4.168,"activated":true,"league":"bronze","charges":4,"maxCharges":5,"reChargeTimer":529078,"reChargeSpeed":570000,"goods":{},"tasks":{}}\n' content len: 352
2024-10-12 06:05:59,195 - 639468092706 - DEBUG - Start CLAIM
2024-10-12 06:06:03,475 - 12264550366 - INFO - Finish GET account state, status: 200, content: b'{"coins":0.0009449999999999998,"speedPerSecond":0.00006416666666666666,"fromStart":53,"fromUpdate":0,"maxMiningTime":28800,"claimed":0,"boosts":{"energyLimit":2,"paintReward":2,"reChargeSpeed":2},"repaintsTotal":55,"userBalance":67.87207933333328,"activated":true,"league":"silver","charges":1,"maxCharges":6,"reChargeTimer":556687,"reChargeSpeed":570000,"goods":{},"tasks":{}}\n' content len: 378
2024-10-12 06:06:03,480 - 12264550366 - DEBUG - Start CLAIM
2024-10-12 06:06:07,743 - 18077006341 - INFO - Finish GET account state, status: 200, content: b'{"coins":0.0005319999999999999,"speedPerSecond":0.0000455,"fromStart":57,"fromUpdate":0,"maxMiningTime":28800,"claimed":0,"boosts":{"energyLimit":2,"paintReward":2,"reChargeSpeed":2},"repaintsTotal":39,"userBalance":35.32172066666667,"activated":true,"league":"silver","charges":1,"maxCharges":12,"reChargeTimer":499645,"reChargeSpeed":570000,"goods":{},"tasks":{}}\n' content len: 366
2024-10-12 06:06:07,743 - 18077006341 - DEBUG - Start CLAIM
2024-10-12 06:06:07,842 - 15874097035 - INFO - Finish GET account state, status: 200, content: b'{"coins":0.00040833333333333336,"speedPerSecond":0.000042,"fromStart":59,"fromUpdate":0,"maxMiningTime":28800,"claimed":0,"boosts":{"energyLimit":2,"paintReward":2,"reChargeSpeed":2},"repaintsTotal":36,"userBalance":35.61066666666667,"activated":true,"league":"silver","charges":1,"maxCharges":6,"reChargeTimer":556022,"reChargeSpeed":570000,"goods":{},"tasks":{}}\n' content len: 365
2024-10-12 06:06:07,844 - 15874097035 - DEBUG - Start CLAIM
2024-10-12 06:06:07,917 - 639468092706 - INFO - Finish CLAIM, status: 200, content: b'{"coins":0,"speedPerSecond":0.000007,"fromStart":0,"fromUpdate":0,"maxMiningTime":28800,"claimed":0.000462,"boosts":{"energyLimit":1,"paintReward":2,"reChargeSpeed":2},"repaintsTotal":0,"userBalance":0,"activated":true,"league":"bronze","charges":0,"maxCharges":0,"reChargeTimer":0,"reChargeSpeed":0,"goods":null,"tasks":{}}\n' content len: 325
2024-10-12 06:06:07,918 - 639468092706 - DEBUG - Start PAINT PIXEL 232:231
2024-10-12 06:06:08,488 - 12264558635 - INFO - Finish GET account state, status: 200, content: b'{"coins":0.0004829999999999999,"speedPerSecond":0.00005483333333333333,"fromStart":58,"fromUpdate":0,"maxMiningTime":28800,"claimed":0,"boosts":{"energyLimit":2,"paintReward":2,"reChargeSpeed":2},"repaintsTotal":47,"userBalance":54.668341833333336,"activated":true,"league":"silver","charges":1,"maxCharges":6,"reChargeTimer":556282,"reChargeSpeed":570000,"goods":{},"tasks":{}}\n' content len: 379
2024-10-12 06:06:08,488 - 12264558635 - DEBUG - Start CLAIM
2024-10-12 06:06:13,040 - 12264550366 - INFO - Finish CLAIM, status: 200, content: b'{"coins":0,"speedPerSecond":0.00006416666666666666,"fromStart":0,"fromUpdate":0,"maxMiningTime":28800,"claimed":0.003978333333333333,"boosts":{"energyLimit":2,"paintReward":2,"reChargeSpeed":2},"repaintsTotal":0,"userBalance":0,"activated":true,"league":"silver","charges":0,"maxCharges":0,"reChargeTimer":0,"reChargeSpeed":0,"goods":null,"tasks":{}}\n' content len: 351
2024-10-12 06:06:13,040 - 12264550366 - DEBUG - Start PAINT PIXEL 232:229
2024-10-12 06:06:18,669 - 639468092706 - INFO - Finish PAINT PIXEL 232:231 to #000000, status: 200, content: b'{"balance":5.168462}\n' content len: 21
2024-10-12 06:06:19,286 - 18077006341 - INFO - Finish CLAIM, status: 200, content: b'{"coins":0,"speedPerSecond":0.0000455,"fromStart":0,"fromUpdate":0,"maxMiningTime":28800,"claimed":0.0031395,"boosts":{"energyLimit":2,"paintReward":2,"reChargeSpeed":2},"repaintsTotal":0,"userBalance":0,"activated":true,"league":"silver","charges":0,"maxCharges":0,"reChargeTimer":0,"reChargeSpeed":0,"goods":null,"tasks":{}}\n' content len: 327
2024-10-12 06:06:19,286 - 18077006341 - DEBUG - Start PAINT PIXEL 232:228
2024-10-12 06:06:19,613 - 15874097035 - INFO - Finish CLAIM, status: 200, content: b'{"coins":0,"speedPerSecond":0.000042,"fromStart":0,"fromUpdate":0,"maxMiningTime":28800,"claimed":0.002856,"boosts":{"energyLimit":2,"paintReward":2,"reChargeSpeed":2},"repaintsTotal":0,"userBalance":0,"activated":true,"league":"silver","charges":0,"maxCharges":0,"reChargeTimer":0,"reChargeSpeed":0,"goods":null,"tasks":{}}\n' content len: 325
2024-10-12 06:06:19,613 - 15874097035 - DEBUG - Start PAINT PIXEL 233:230
2024-10-12 06:06:20,216 - 12264558635 - INFO - Finish CLAIM, status: 200, content: b'{"coins":0,"speedPerSecond":0.00005483333333333333,"fromStart":0,"fromUpdate":0,"maxMiningTime":28800,"claimed":0.003838333333333333,"boosts":{"energyLimit":2,"paintReward":2,"reChargeSpeed":2},"repaintsTotal":0,"userBalance":0,"activated":true,"league":"silver","charges":0,"maxCharges":0,"reChargeTimer":0,"reChargeSpeed":0,"goods":null,"tasks":{}}\n' content len: 351
2024-10-12 06:06:20,217 - 12264558635 - DEBUG - Start PAINT PIXEL 231:229
2024-10-12 06:06:23,958 - 12264550366 - INFO - Finish PAINT PIXEL 232:229 to #000000, status: 200, content: b'{"balance":68.876057666667}\n' content len: 28
2024-10-12 06:06:29,805 - 18077006341 - INFO - Finish PAINT PIXEL 232:228 to #000000, status: 200, content: b'{"balance":36.324860166667}\n' content len: 28
2024-10-12 06:06:29,835 - 15874097035 - INFO - Finish PAINT PIXEL 233:230 to #FFFFFF, status: 200, content: b'{"balance":36.613522666667}\n' content len: 28
2024-10-12 06:06:32,020 - 12264558635 - INFO - Finish PAINT PIXEL 231:229 to #FFFFFF, status: 200, content: b'{"balance":55.672180166667}\n' content len: 28
2024-10-12 06:06:32,292 - FuckTory - INFO - CURRENT BAD POINTS 11
2024-10-12 06:06:32,293 - FuckTory - INFO - WORKER 12264550366
2024-10-12 06:06:32,293 - FuckTory - INFO - FREE!
2024-10-12 06:06:32,294 - FuckTory - INFO - WORKER 12264558635
2024-10-12 06:06:32,294 - FuckTory - INFO - FREE!
2024-10-12 06:06:32,295 - FuckTory - INFO - WORKER 15874097035
2024-10-12 06:06:32,295 - FuckTory - INFO - FREE!
2024-10-12 06:06:32,296 - FuckTory - INFO - WORKER 18077006341
2024-10-12 06:06:32,296 - FuckTory - INFO - FREE!
2024-10-12 06:06:32,297 - FuckTory - INFO - WORKER 639468092706
2024-10-12 06:06:32,297 - FuckTory - INFO - FREE!
2024-10-12 06:06:32,298 - FuckTory - INFO - WORKER 8801745658318
2024-10-12 06:06:32,298 - FuckTory - INFO - FREE!
2024-10-12 06:06:32,299 - FuckTory - INFO - WORKER 8801747034955
2024-10-12 06:06:32,299 - FuckTory - INFO - FREE!
2024-10-12 06:06:32,300 - FuckTory - INFO - WORKER 8801748878172
2024-10-12 06:06:32,300 - FuckTory - INFO - FREE!
2024-10-12 06:06:32,300 - FuckTory - INFO - CURRENT NOT LOCKED BAD POINTS 11
2024-10-12 06:06:32,301 - FuckTory - INFO - LEFT PIXELS WITOUT WORKERS: 3
2024-10-12 06:06:32,302 - FuckTory - INFO - AMOUNT OF STARTED WORKERS: 8
2024-10-12 06:06:32,310 - unnamed - INFO - Telegram profile loaded - path: C:\projects\tg_accs\18077006341\tdata
2024-10-12 06:06:32,320 - unnamed - INFO - Telegram profile loaded - path: C:\projects\tg_accs\12264550366\tdata
2024-10-12 06:06:32,327 - unnamed - INFO - Telegram profile loaded - path: C:\projects\tg_accs\15874097035\tdata
2024-10-12 06:06:32,336 - unnamed - INFO - Telegram profile loaded - path: C:\projects\tg_accs\8801748878172\tdata
2024-10-12 06:06:32,339 - unnamed - INFO - Telegram profile loaded - path: C:\projects\tg_accs\8801747034955\tdata
2024-10-12 06:06:32,348 - unnamed - INFO - Telegram profile loaded - path: C:\projects\tg_accs\8801745658318\tdata
2024-10-12 06:06:32,419 - unnamed - INFO - Telegram profile loaded - path: C:\projects\tg_accs\639468092706\tdata
2024-10-12 06:06:32,441 - unnamed - INFO - Telegram profile loaded - path: C:\projects\tg_accs\12264558635\tdata
2024-10-12 06:07:01,584 - unnamed - ERROR - Failed to convert TDATA to Telethon session:
	Path: C:\projects\tg_accs\15874097035\tdata
	Papa Exception -  type: <class 'asyncio.exceptions.CancelledError'>, message: 
2024-10-12 06:07:01,654 - unnamed - ERROR - Failed to convert TDATA to Telethon session:
	Path: C:\projects\tg_accs\18077006341\tdata
	Papa Exception -  type: <class 'asyncio.exceptions.CancelledError'>, message: 
2024-10-12 06:07:01,683 - unnamed - ERROR - Failed to convert TDATA to Telethon session:
	Path: C:\projects\tg_accs\12264550366\tdata
	Papa Exception -  type: <class 'asyncio.exceptions.CancelledError'>, message: 
2024-10-12 06:07:01,683 - unnamed - ERROR - Failed to convert TDATA to Telethon session:
	Path: C:\projects\tg_accs\8801745658318\tdata
	Papa Exception -  type: <class 'asyncio.exceptions.CancelledError'>, message: 
2024-10-12 06:07:01,699 - unnamed - ERROR - Failed to convert TDATA to Telethon session:
	Path: C:\projects\tg_accs\8801747034955\tdata
	Papa Exception -  type: <class 'asyncio.exceptions.CancelledError'>, message: 
2024-10-12 06:07:01,702 - unnamed - ERROR - Failed to convert TDATA to Telethon session:
	Path: C:\projects\tg_accs\8801748878172\tdata
	Papa Exception -  type: <class 'asyncio.exceptions.CancelledError'>, message: 
2024-10-12 06:07:01,704 - unnamed - ERROR - Failed to convert TDATA to Telethon session:
	Path: C:\projects\tg_accs\639468092706\tdata
	Papa Exception -  type: <class 'asyncio.exceptions.CancelledError'>, message: 
2024-10-12 06:07:01,705 - unnamed - ERROR - Failed to convert TDATA to Telethon session:
	Path: C:\projects\tg_accs\12264558635\tdata
	Papa Exception -  type: <class 'asyncio.exceptions.CancelledError'>, message: 
2024-10-12 06:07:02,036 - FuckTory - INFO - CURRENT BAD POINTS 13
2024-10-12 06:07:02,037 - FuckTory - INFO - WORKER 12264550366
2024-10-12 06:07:02,037 - FuckTory - INFO - FREE!
2024-10-12 06:07:02,038 - FuckTory - INFO - WORKER 12264558635
2024-10-12 06:07:02,038 - FuckTory - INFO - FREE!
2024-10-12 06:07:02,039 - FuckTory - INFO - WORKER 15874097035
2024-10-12 06:07:02,039 - FuckTory - INFO - FREE!
2024-10-12 06:07:02,040 - FuckTory - INFO - WORKER 18077006341
2024-10-12 06:07:02,040 - FuckTory - INFO - FREE!
2024-10-12 06:07:02,041 - FuckTory - INFO - WORKER 639468092706
2024-10-12 06:07:02,041 - FuckTory - INFO - FREE!
2024-10-12 06:07:02,041 - FuckTory - INFO - WORKER 8801745658318
2024-10-12 06:07:02,042 - FuckTory - INFO - FREE!
2024-10-12 06:07:02,044 - FuckTory - INFO - WORKER 8801747034955
2024-10-12 06:07:02,045 - FuckTory - INFO - FREE!
2024-10-12 06:07:02,045 - FuckTory - INFO - WORKER 8801748878172
2024-10-12 06:07:02,046 - FuckTory - INFO - FREE!
2024-10-12 06:07:02,046 - FuckTory - INFO - CURRENT NOT LOCKED BAD POINTS 13
2024-10-12 06:07:02,047 - FuckTory - INFO - LEFT PIXELS WITOUT WORKERS: 5
2024-10-12 06:07:02,048 - FuckTory - INFO - AMOUNT OF STARTED WORKERS: 8
2024-10-12 06:07:02,054 - unnamed - INFO - Telegram profile loaded - path: C:\projects\tg_accs\15874097035\tdata
2024-10-12 06:07:02,060 - unnamed - INFO - Telegram profile loaded - path: C:\projects\tg_accs\18077006341\tdata
2024-10-12 06:07:02,066 - unnamed - INFO - Telegram profile loaded - path: C:\projects\tg_accs\639468092706\tdata
2024-10-12 06:07:02,066 - unnamed - INFO - Telegram profile loaded - path: C:\projects\tg_accs\8801745658318\tdata
2024-10-12 06:07:02,079 - unnamed - INFO - Telegram profile loaded - path: C:\projects\tg_accs\12264558635\tdata
2024-10-12 06:07:02,085 - unnamed - INFO - Telegram profile loaded - path: C:\projects\tg_accs\12264550366\tdata
2024-10-12 06:07:02,090 - unnamed - INFO - Telegram profile loaded - path: C:\projects\tg_accs\8801748878172\tdata
2024-10-12 06:07:02,097 - unnamed - INFO - Telegram profile loaded - path: C:\projects\tg_accs\8801747034955\tdata
2024-10-12 06:07:04,405 - unnamed - INFO - Telegram profile connect success - path: C:\projects\tg_accs\639468092706\tdata, id: 7691084320, username: None, phone: 639468092706
2024-10-12 06:07:05,024 - FuckTory - INFO - https://notpx.app/#tgWebAppData=query_id%3DAAEgomxKAwAAACCibEqgqBqG%26user%3D%257B%2522id%2522%253A7691084320%252C%2522first_name%2522%253A%2522Stanford%2522%252C%2522last_name%2522%253A%2522Allison%2522%252C%2522language_code%2522%253A%2522en%2522%252C%2522allows_write_to_pm%2522%253Atrue%257D%26auth_date%3D1728727625%26hash%3D4615235c60300b48bb44cc226e1fab01eabf9f3fc7dc37fa339b96ac339d6c81&tgWebAppVersion=7.10&tgWebAppPlatform=android&tgWebAppThemeParams=%7B%22accent_text_color%22%3A%22%23168acd%22%2C%22bg_color%22%3A%22%23ffffff%22%2C%22bottom_bar_bg_color%22%3A%22%23ffffff%22%2C%22button_color%22%3A%22%2340a7e3%22%2C%22button_text_color%22%3A%22%23ffffff%22%2C%22destructive_text_color%22%3A%22%23d14e4e%22%2C%22header_bg_color%22%3A%22%23ffffff%22%2C%22hint_color%22%3A%22%23999999%22%2C%22link_color%22%3A%22%23168acd%22%2C%22secondary_bg_color%22%3A%22%23f1f1f1%22%2C%22section_bg_color%22%3A%22%23ffffff%22%2C%22section_header_text_color%22%3A%22%23168acd%22%2C%22section_separator_color%22%3A%22%23e7e7e7%22%2C%22subtitle_text_color%22%3A%22%23999999%22%2C%22text_color%22%3A%22%23000000%22%7D
2024-10-12 06:07:05,024 - 639468092706 - DEBUG - Start GET entry URL
2024-10-12 06:07:05,687 - unnamed - ERROR - Failed to convert TDATA to Telethon session:
	Path: C:\projects\tg_accs\8801747034955\tdata
	Papa Exception -  type: <class 'opentele.exception.TDesktopUnauthorized'>, message: TDesktopUnauthorized: TDesktop client is unauthorized [ Called by FromTDesktop() ]
2024-10-12 06:07:06,301 - unnamed - ERROR - Failed to convert TDATA to Telethon session:
	Path: C:\projects\tg_accs\8801748878172\tdata
	Papa Exception -  type: <class 'opentele.exception.TDesktopUnauthorized'>, message: TDesktopUnauthorized: TDesktop client is unauthorized [ Called by FromTDesktop() ]
2024-10-12 06:07:07,192 - unnamed - INFO - Telegram profile connect success - path: C:\projects\tg_accs\12264550366\tdata, id: 7596997432, username: TamaraKanahele2022, phone: 12264550366
2024-10-12 06:07:07,317 - unnamed - INFO - Telegram profile connect success - path: C:\projects\tg_accs\18077006341\tdata, id: 7515509069, username: JeanneBlair2001, phone: 18077006341
2024-10-12 06:07:07,505 - unnamed - INFO - Telegram profile connect success - path: C:\projects\tg_accs\15874097035\tdata, id: 6714712311, username: guapepep, phone: 15874097035
2024-10-12 06:07:07,613 - unnamed - INFO - Telegram profile connect success - path: C:\projects\tg_accs\12264558635\tdata, id: 7703582587, username: DeborahLamboy2009, phone: 12264558635
2024-10-12 06:07:07,975 - FuckTory - INFO - https://notpx.app/#tgWebAppData=query_id%3DAAE4-9BEAwAAADj70ETIPBQI%26user%3D%257B%2522id%2522%253A7596997432%252C%2522first_name%2522%253A%2522Tamara%2522%252C%2522last_name%2522%253A%2522Kanahele%2522%252C%2522username%2522%253A%2522TamaraKanahele2022%2522%252C%2522language_code%2522%253A%2522en%2522%252C%2522allows_write_to_pm%2522%253Atrue%257D%26auth_date%3D1728727628%26hash%3D01dbd44c0ec017a9f697c9b5679240c2d6b39d0c30ac188f4d4cdda374de0bb3&tgWebAppVersion=7.10&tgWebAppPlatform=android&tgWebAppThemeParams=%7B%22accent_text_color%22%3A%22%23168acd%22%2C%22bg_color%22%3A%22%23ffffff%22%2C%22bottom_bar_bg_color%22%3A%22%23ffffff%22%2C%22button_color%22%3A%22%2340a7e3%22%2C%22button_text_color%22%3A%22%23ffffff%22%2C%22destructive_text_color%22%3A%22%23d14e4e%22%2C%22header_bg_color%22%3A%22%23ffffff%22%2C%22hint_color%22%3A%22%23999999%22%2C%22link_color%22%3A%22%23168acd%22%2C%22secondary_bg_color%22%3A%22%23f1f1f1%22%2C%22section_bg_color%22%3A%22%23ffffff%22%2C%22section_header_text_color%22%3A%22%23168acd%22%2C%22section_separator_color%22%3A%22%23e7e7e7%22%2C%22subtitle_text_color%22%3A%22%23999999%22%2C%22text_color%22%3A%22%23000000%22%7D
2024-10-12 06:07:07,998 - 12264550366 - DEBUG - Start GET entry URL
2024-10-12 06:07:08,191 - FuckTory - INFO - https://notpx.app/#tgWebAppData=query_id%3DAAFNkfU_AwAAAE2R9T9bFGti%26user%3D%257B%2522id%2522%253A7515509069%252C%2522first_name%2522%253A%2522Jeanne%2522%252C%2522last_name%2522%253A%2522Blair%2522%252C%2522username%2522%253A%2522JeanneBlair2001%2522%252C%2522language_code%2522%253A%2522en%2522%252C%2522allows_write_to_pm%2522%253Atrue%257D%26auth_date%3D1728727628%26hash%3Dc4c97efcd6ff51056aeaf43f5b44d7ff5e764e0adef4b4dc93834ce7fa3512cb&tgWebAppVersion=7.10&tgWebAppPlatform=android&tgWebAppThemeParams=%7B%22accent_text_color%22%3A%22%23168acd%22%2C%22bg_color%22%3A%22%23ffffff%22%2C%22bottom_bar_bg_color%22%3A%22%23ffffff%22%2C%22button_color%22%3A%22%2340a7e3%22%2C%22button_text_color%22%3A%22%23ffffff%22%2C%22destructive_text_color%22%3A%22%23d14e4e%22%2C%22header_bg_color%22%3A%22%23ffffff%22%2C%22hint_color%22%3A%22%23999999%22%2C%22link_color%22%3A%22%23168acd%22%2C%22secondary_bg_color%22%3A%22%23f1f1f1%22%2C%22section_bg_color%22%3A%22%23ffffff%22%2C%22section_header_text_color%22%3A%22%23168acd%22%2C%22section_separator_color%22%3A%22%23e7e7e7%22%2C%22subtitle_text_color%22%3A%22%23999999%22%2C%22text_color%22%3A%22%23000000%22%7D
2024-10-12 06:07:08,206 - 18077006341 - DEBUG - Start GET entry URL
2024-10-12 06:07:08,349 - FuckTory - INFO - https://notpx.app/#tgWebAppData=query_id%3DAAH3YDoQAwAAAPdgOhCyOw1r%26user%3D%257B%2522id%2522%253A6714712311%252C%2522first_name%2522%253A%2522Catherine%2522%252C%2522last_name%2522%253A%2522Martin%2522%252C%2522username%2522%253A%2522guapepep%2522%252C%2522language_code%2522%253A%2522en%2522%252C%2522allows_write_to_pm%2522%253Atrue%257D%26auth_date%3D1728727628%26hash%3Db3859cb8d97b28f169b88a8ff2fbf103d169f681b7f0e684a0c5bb8f7fdc5584&tgWebAppVersion=7.10&tgWebAppPlatform=android&tgWebAppThemeParams=%7B%22accent_text_color%22%3A%22%23168acd%22%2C%22bg_color%22%3A%22%23ffffff%22%2C%22bottom_bar_bg_color%22%3A%22%23ffffff%22%2C%22button_color%22%3A%22%2340a7e3%22%2C%22button_text_color%22%3A%22%23ffffff%22%2C%22destructive_text_color%22%3A%22%23d14e4e%22%2C%22header_bg_color%22%3A%22%23ffffff%22%2C%22hint_color%22%3A%22%23999999%22%2C%22link_color%22%3A%22%23168acd%22%2C%22secondary_bg_color%22%3A%22%23f1f1f1%22%2C%22section_bg_color%22%3A%22%23ffffff%22%2C%22section_header_text_color%22%3A%22%23168acd%22%2C%22section_separator_color%22%3A%22%23e7e7e7%22%2C%22subtitle_text_color%22%3A%22%23999999%22%2C%22text_color%22%3A%22%23000000%22%7D
2024-10-12 06:07:08,353 - 15874097035 - DEBUG - Start GET entry URL
2024-10-12 06:07:08,454 - FuckTory - INFO - https://notpx.app/#tgWebAppData=query_id%3DAAF7VytLAwAAAHtXK0s4phwA%26user%3D%257B%2522id%2522%253A7703582587%252C%2522first_name%2522%253A%2522Deborah%2522%252C%2522last_name%2522%253A%2522Lamboy%2522%252C%2522username%2522%253A%2522DeborahLamboy2009%2522%252C%2522language_code%2522%253A%2522en%2522%252C%2522allows_write_to_pm%2522%253Atrue%257D%26auth_date%3D1728727628%26hash%3Da7838e2da47da52c1195012b9c1e6c4213e40afba4a30bd170f7611f794be43f&tgWebAppVersion=7.10&tgWebAppPlatform=android&tgWebAppThemeParams=%7B%22accent_text_color%22%3A%22%23168acd%22%2C%22bg_color%22%3A%22%23ffffff%22%2C%22bottom_bar_bg_color%22%3A%22%23ffffff%22%2C%22button_color%22%3A%22%2340a7e3%22%2C%22button_text_color%22%3A%22%23ffffff%22%2C%22destructive_text_color%22%3A%22%23d14e4e%22%2C%22header_bg_color%22%3A%22%23ffffff%22%2C%22hint_color%22%3A%22%23999999%22%2C%22link_color%22%3A%22%23168acd%22%2C%22secondary_bg_color%22%3A%22%23f1f1f1%22%2C%22section_bg_color%22%3A%22%23ffffff%22%2C%22section_header_text_color%22%3A%22%23168acd%22%2C%22section_separator_color%22%3A%22%23e7e7e7%22%2C%22subtitle_text_color%22%3A%22%23999999%22%2C%22text_color%22%3A%22%23000000%22%7D
2024-10-12 06:07:08,458 - 12264558635 - DEBUG - Start GET entry URL
2024-10-12 06:07:10,270 - unnamed - ERROR - Failed to convert TDATA to Telethon session:
	Path: C:\projects\tg_accs\8801745658318\tdata
	Papa Exception -  type: <class 'opentele.exception.TDesktopUnauthorized'>, message: TDesktopUnauthorized: TDesktop client is unauthorized [ Called by FromTDesktop() ]
2024-10-12 06:07:15,126 - 639468092706 - INFO - Finish GET entry URL GET, status: 200, content len: 6121
2024-10-12 06:07:15,126 - 639468092706 - DEBUG - Start GET account status
2024-10-12 06:07:18,335 - 12264558635 - INFO - Finish GET entry URL GET, status: 200, content len: 6121
2024-10-12 06:07:18,335 - 12264558635 - DEBUG - Start GET account status
2024-10-12 06:07:19,381 - 15874097035 - INFO - Finish GET entry URL GET, status: 200, content len: 6121
2024-10-12 06:07:19,381 - 15874097035 - DEBUG - Start GET account status
2024-10-12 06:07:19,474 - 12264550366 - INFO - Finish GET entry URL GET, status: 200, content len: 6121
2024-10-12 06:07:19,476 - 12264550366 - DEBUG - Start GET account status
2024-10-12 06:07:19,665 - 18077006341 - INFO - Finish GET entry URL GET, status: 200, content len: 6121
2024-10-12 06:07:19,665 - 18077006341 - DEBUG - Start GET account status
2024-10-12 06:07:25,618 - 639468092706 - INFO - Finish GET account state, status: 200, content: b'{"coins":0.00007,"speedPerSecond":0.000008166666666666666,"fromStart":76,"fromUpdate":0,"maxMiningTime":28800,"claimed":0,"boosts":{"energyLimit":1,"paintReward":2,"reChargeSpeed":2},"repaintsTotal":7,"userBalance":5.168462,"activated":true,"league":"bronze","charges":3,"maxCharges":5,"reChargeTimer":445120,"reChargeSpeed":570000,"goods":{},"tasks":{}}\n' content len: 355
2024-10-12 06:07:25,618 - 639468092706 - DEBUG - Start CLAIM
2024-10-12 06:07:30,336 - 12264558635 - INFO - Finish GET account state, status: 200, content: b'{"coins":0.0006031666666666666,"speedPerSecond":0.000056,"fromStart":70,"fromUpdate":0,"maxMiningTime":28800,"claimed":0,"boosts":{"energyLimit":2,"paintReward":2,"reChargeSpeed":2},"repaintsTotal":48,"userBalance":55.67218016666667,"activated":true,"league":"silver","charges":0,"maxCharges":6,"reChargeTimer":474616,"reChargeSpeed":570000,"goods":{},"tasks":{}}\n' content len: 364
2024-10-12 06:07:30,336 - 12264558635 - DEBUG - Start CLAIM
2024-10-12 06:07:30,740 - 12264550366 - INFO - Finish GET account state, status: 200, content: b'{"coins":0.0005775,"speedPerSecond":0.00006533333333333333,"fromStart":76,"fromUpdate":0,"maxMiningTime":28800,"claimed":0,"boosts":{"energyLimit":2,"paintReward":2,"reChargeSpeed":2},"repaintsTotal":56,"userBalance":68.87605766666661,"activated":true,"league":"silver","charges":0,"maxCharges":6,"reChargeTimer":470853,"reChargeSpeed":570000,"goods":{},"tasks":{}}\n' content len: 366
2024-10-12 06:07:30,740 - 12264550366 - DEBUG - Start CLAIM
2024-10-12 06:07:30,926 - 18077006341 - INFO - Finish GET account state, status: 200, content: b'{"coins":0.000455,"speedPerSecond":0.000046666666666666665,"fromStart":71,"fromUpdate":0,"maxMiningTime":28800,"claimed":0,"boosts":{"energyLimit":2,"paintReward":2,"reChargeSpeed":2},"repaintsTotal":40,"userBalance":36.324860166666674,"activated":true,"league":"silver","charges":0,"maxCharges":12,"reChargeTimer":416083,"reChargeSpeed":570000,"goods":{},"tasks":{}}\n' content len: 368
2024-10-12 06:07:30,926 - 18077006341 - DEBUG - Start CLAIM
2024-10-12 06:07:33,068 - 15874097035 - INFO - Finish GET account state, status: 200, content: b'{"coins":0.000504,"speedPerSecond":0.00004316666666666666,"fromStart":75,"fromUpdate":0,"maxMiningTime":28800,"claimed":0,"boosts":{"energyLimit":2,"paintReward":2,"reChargeSpeed":2},"repaintsTotal":37,"userBalance":36.61352266666667,"activated":true,"league":"silver","charges":0,"maxCharges":6,"reChargeTimer":471554,"reChargeSpeed":570000,"goods":{},"tasks":{}}\n' content len: 365
2024-10-12 06:07:33,068 - 15874097035 - DEBUG - Start CLAIM
2024-10-12 06:07:36,458 - 639468092706 - INFO - Finish CLAIM, status: 200, content: b'{"coins":0,"speedPerSecond":0.000008166666666666666,"fromStart":0,"fromUpdate":0,"maxMiningTime":28800,"claimed":0.0007023333333333332,"boosts":{"energyLimit":1,"paintReward":2,"reChargeSpeed":2},"repaintsTotal":0,"userBalance":0,"activated":true,"league":"bronze","charges":0,"maxCharges":0,"reChargeTimer":0,"reChargeSpeed":0,"goods":null,"tasks":{}}\n' content len: 353
2024-10-12 06:07:36,458 - 639468092706 - DEBUG - Start UPGRADE energyLimit
2024-10-12 06:07:41,270 - 12264558635 - INFO - Finish CLAIM, status: 200, content: b'{"coins":0,"speedPerSecond":0.000056,"fromStart":0,"fromUpdate":0,"maxMiningTime":28800,"claimed":0.004592,"boosts":{"energyLimit":2,"paintReward":2,"reChargeSpeed":2},"repaintsTotal":0,"userBalance":0,"activated":true,"league":"silver","charges":0,"maxCharges":0,"reChargeTimer":0,"reChargeSpeed":0,"goods":null,"tasks":{}}\n' content len: 325
2024-10-12 06:07:41,270 - 12264558635 - DEBUG - Start PAINT PIXEL 233:229
2024-10-12 06:07:41,519 - 12264550366 - INFO - Finish CLAIM, status: 200, content: b'{"coins":0,"speedPerSecond":0.00006533333333333333,"fromStart":0,"fromUpdate":0,"maxMiningTime":28800,"claimed":0.005684,"boosts":{"energyLimit":2,"paintReward":2,"reChargeSpeed":2},"repaintsTotal":0,"userBalance":0,"activated":true,"league":"silver","charges":0,"maxCharges":0,"reChargeTimer":0,"reChargeSpeed":0,"goods":null,"tasks":{}}\n' content len: 339
2024-10-12 06:07:41,519 - 12264550366 - DEBUG - Start PAINT PIXEL 233:231
2024-10-12 06:07:42,974 - 18077006341 - INFO - Finish CLAIM, status: 200, content: b'{"coins":0,"speedPerSecond":0.000046666666666666665,"fromStart":0,"fromUpdate":0,"maxMiningTime":28800,"claimed":0.0038266666666666666,"boosts":{"energyLimit":2,"paintReward":2,"reChargeSpeed":2},"repaintsTotal":0,"userBalance":0,"activated":true,"league":"silver","charges":0,"maxCharges":0,"reChargeTimer":0,"reChargeSpeed":0,"goods":null,"tasks":{}}\n' content len: 353
2024-10-12 06:07:42,974 - 18077006341 - DEBUG - Start PAINT PIXEL 229:231
2024-10-12 06:07:43,658 - unnamed - ERROR - Bad HTTP status:
	Url: https://notpx.app/api/v1/repaint/start
	Proxy: socks5://07196708-zone-custom-region-CA-city-toronto-sessid-z0XjjaRn-sessTime-120:6pGOVG0G@f.proxys5.net:6200	Status: 400
2024-10-12 06:07:43,666 - unnamed - ERROR - Failed HTTP request:
	Url: https://notpx.app/api/v1/repaint/start
	Proxy: socks5://07196708-zone-custom-region-CA-city-toronto-sessid-z0XjjaRn-sessTime-120:6pGOVG0G@f.proxys5.net:6200	Papa Exception -  type: <class 'exceptions.BadStatus'>, message: Bad HTTP status:
	Url: https://notpx.app/api/v1/repaint/start
	Proxy: socks5://07196708-zone-custom-region-CA-city-toronto-sessid-z0XjjaRn-sessTime-120:6pGOVG0G@f.proxys5.net:6200	Status: 400
2024-10-12 06:07:43,759 - unnamed - ERROR - Bad HTTP status:
	Url: https://notpx.app/api/v1/repaint/start
	Proxy: socks5://07196708-zone-custom-region-CA-city-toronto-sessid-o47kzll7-sessTime-120:6pGOVG0G@f.proxys5.net:6200	Status: 400
2024-10-12 06:07:43,759 - unnamed - ERROR - Failed HTTP request:
	Url: https://notpx.app/api/v1/repaint/start
	Proxy: socks5://07196708-zone-custom-region-CA-city-toronto-sessid-o47kzll7-sessTime-120:6pGOVG0G@f.proxys5.net:6200	Papa Exception -  type: <class 'exceptions.BadStatus'>, message: Bad HTTP status:
	Url: https://notpx.app/api/v1/repaint/start
	Proxy: socks5://07196708-zone-custom-region-CA-city-toronto-sessid-o47kzll7-sessTime-120:6pGOVG0G@f.proxys5.net:6200	Status: 400
2024-10-12 06:07:43,790 - 639468092706 - INFO - Finish UPGRADE energyLimit, status: 200, content: b'{"energyLimit":true}\n' content len: 21
2024-10-12 06:07:43,791 - 639468092706 - DEBUG - Start PAINT PIXEL 230:229
2024-10-12 06:07:45,269 - 15874097035 - INFO - Finish CLAIM, status: 200, content: b'{"coins":0,"speedPerSecond":0.00004316666666666666,"fromStart":0,"fromUpdate":0,"maxMiningTime":28800,"claimed":0.0037123333333333327,"boosts":{"energyLimit":2,"paintReward":2,"reChargeSpeed":2},"repaintsTotal":0,"userBalance":0,"activated":true,"league":"silver","charges":0,"maxCharges":0,"reChargeTimer":0,"reChargeSpeed":0,"goods":null,"tasks":{}}\n' content len: 352
2024-10-12 06:07:45,269 - 15874097035 - DEBUG - Start PAINT PIXEL 228:231
2024-10-12 06:07:47,257 - unnamed - ERROR - Bad HTTP status:
	Url: https://notpx.app/api/v1/repaint/start
	Proxy: socks5://07196708-zone-custom-region-CA-city-toronto-sessid-ZWNbB988-sessTime-120:6pGOVG0G@f.proxys5.net:6200	Status: 400
2024-10-12 06:07:47,257 - unnamed - ERROR - Failed HTTP request:
	Url: https://notpx.app/api/v1/repaint/start
	Proxy: socks5://07196708-zone-custom-region-CA-city-toronto-sessid-ZWNbB988-sessTime-120:6pGOVG0G@f.proxys5.net:6200	Papa Exception -  type: <class 'exceptions.BadStatus'>, message: Bad HTTP status:
	Url: https://notpx.app/api/v1/repaint/start
	Proxy: socks5://07196708-zone-custom-region-CA-city-toronto-sessid-ZWNbB988-sessTime-120:6pGOVG0G@f.proxys5.net:6200	Status: 400
2024-10-12 06:07:48,270 - unnamed - ERROR - Bad HTTP status:
	Url: https://notpx.app/api/v1/repaint/start
	Proxy: socks5://07196708-zone-custom-region-CA-city-toronto-sessid-OC4jAJ4O-sessTime-120:6pGOVG0G@f.proxys5.net:6200	Status: 400
2024-10-12 06:07:48,270 - unnamed - ERROR - Failed HTTP request:
	Url: https://notpx.app/api/v1/repaint/start
	Proxy: socks5://07196708-zone-custom-region-CA-city-toronto-sessid-OC4jAJ4O-sessTime-120:6pGOVG0G@f.proxys5.net:6200	Papa Exception -  type: <class 'exceptions.BadStatus'>, message: Bad HTTP status:
	Url: https://notpx.app/api/v1/repaint/start
	Proxy: socks5://07196708-zone-custom-region-CA-city-toronto-sessid-OC4jAJ4O-sessTime-120:6pGOVG0G@f.proxys5.net:6200	Status: 400
2024-10-12 06:07:53,631 - 639468092706 - INFO - Finish PAINT PIXEL 230:229 to #FFFFFF, status: 200, content: b'{"balance":1.1691643333333}\n' content len: 28
2024-10-12 06:07:53,875 - FuckTory - INFO - CURRENT BAD POINTS 12
2024-10-12 06:07:53,876 - FuckTory - INFO - WORKER 12264550366
2024-10-12 06:07:53,877 - FuckTory - INFO - FREE!
2024-10-12 06:07:53,877 - FuckTory - INFO - WORKER 12264558635
2024-10-12 06:07:53,878 - FuckTory - INFO - FREE!
2024-10-12 06:07:53,878 - FuckTory - INFO - WORKER 15874097035
2024-10-12 06:07:53,878 - FuckTory - INFO - FREE!
2024-10-12 06:07:53,878 - FuckTory - INFO - WORKER 18077006341
2024-10-12 06:07:53,880 - FuckTory - INFO - FREE!
2024-10-12 06:07:53,880 - FuckTory - INFO - WORKER 639468092706
2024-10-12 06:07:53,881 - FuckTory - INFO - FREE!
2024-10-12 06:07:53,881 - FuckTory - INFO - WORKER 8801745658318
2024-10-12 06:07:53,881 - FuckTory - INFO - FREE!
2024-10-12 06:07:53,882 - FuckTory - INFO - WORKER 8801747034955
2024-10-12 06:07:53,882 - FuckTory - INFO - FREE!
2024-10-12 06:07:53,883 - FuckTory - INFO - WORKER 8801748878172
2024-10-12 06:07:53,883 - FuckTory - INFO - FREE!
2024-10-12 06:07:53,884 - FuckTory - INFO - CURRENT NOT LOCKED BAD POINTS 12
2024-10-12 06:07:53,884 - FuckTory - INFO - LEFT PIXELS WITOUT WORKERS: 4
2024-10-12 06:07:53,885 - FuckTory - INFO - AMOUNT OF STARTED WORKERS: 8
2024-10-12 06:07:53,894 - unnamed - INFO - Telegram profile loaded - path: C:\projects\tg_accs\15874097035\tdata
2024-10-12 06:07:53,903 - unnamed - INFO - Telegram profile loaded - path: C:\projects\tg_accs\12264558635\tdata
2024-10-12 06:07:53,908 - unnamed - INFO - Telegram profile loaded - path: C:\projects\tg_accs\18077006341\tdata
2024-10-12 06:07:53,915 - unnamed - INFO - Telegram profile loaded - path: C:\projects\tg_accs\8801748878172\tdata
2024-10-12 06:07:53,920 - unnamed - INFO - Telegram profile loaded - path: C:\projects\tg_accs\8801747034955\tdata
2024-10-12 06:07:53,926 - unnamed - INFO - Telegram profile loaded - path: C:\projects\tg_accs\12264550366\tdata
2024-10-12 06:07:53,932 - unnamed - INFO - Telegram profile loaded - path: C:\projects\tg_accs\8801745658318\tdata
2024-10-12 06:07:53,938 - unnamed - INFO - Telegram profile loaded - path: C:\projects\tg_accs\639468092706\tdata
2024-10-12 06:08:00,652 - unnamed - ERROR - Failed to convert TDATA to Telethon session:
	Path: C:\projects\tg_accs\639468092706\tdata
	Papa Exception -  type: <class 'sqlite3.OperationalError'>, message: database is locked
2024-10-12 06:08:07,239 - unnamed - ERROR - Failed to convert TDATA to Telethon session:
	Path: C:\projects\tg_accs\12264550366\tdata
	Papa Exception -  type: <class 'sqlite3.OperationalError'>, message: database is locked
2024-10-12 06:08:34,967 - unnamed - ERROR - Failed to convert TDATA to Telethon session:
	Path: C:\projects\tg_accs\15874097035\tdata
	Papa Exception -  type: <class 'asyncio.exceptions.CancelledError'>, message: 
2024-10-12 06:08:34,968 - unnamed - ERROR - Failed to convert TDATA to Telethon session:
	Path: C:\projects\tg_accs\18077006341\tdata
	Papa Exception -  type: <class 'asyncio.exceptions.CancelledError'>, message: 
2024-10-12 06:08:34,969 - unnamed - ERROR - Failed to convert TDATA to Telethon session:
	Path: C:\projects\tg_accs\12264558635\tdata
	Papa Exception -  type: <class 'asyncio.exceptions.CancelledError'>, message: 
2024-10-12 06:08:34,970 - unnamed - ERROR - Failed to convert TDATA to Telethon session:
	Path: C:\projects\tg_accs\8801747034955\tdata
	Papa Exception -  type: <class 'asyncio.exceptions.CancelledError'>, message: 
2024-10-12 06:08:34,972 - unnamed - ERROR - Failed to convert TDATA to Telethon session:
	Path: C:\projects\tg_accs\8801748878172\tdata
	Papa Exception -  type: <class 'asyncio.exceptions.CancelledError'>, message: 
2024-10-12 06:08:34,984 - unnamed - ERROR - Failed to convert TDATA to Telethon session:
	Path: C:\projects\tg_accs\8801745658318\tdata
	Papa Exception -  type: <class 'asyncio.exceptions.CancelledError'>, message: 
2024-10-12 06:08:35,317 - FuckTory - INFO - CURRENT BAD POINTS 14
2024-10-12 06:08:35,333 - FuckTory - INFO - WORKER 12264550366
2024-10-12 06:08:35,333 - FuckTory - INFO - FREE!
2024-10-12 06:08:35,333 - FuckTory - INFO - WORKER 12264558635
2024-10-12 06:08:35,346 - FuckTory - INFO - FREE!
2024-10-12 06:08:35,397 - FuckTory - INFO - WORKER 15874097035
2024-10-12 06:08:35,418 - FuckTory - INFO - FREE!
2024-10-12 06:08:35,418 - FuckTory - INFO - WORKER 18077006341
2024-10-12 06:08:35,418 - FuckTory - INFO - FREE!
2024-10-12 06:08:35,418 - FuckTory - INFO - WORKER 639468092706
2024-10-12 06:08:35,418 - FuckTory - INFO - FREE!
2024-10-12 06:08:35,429 - FuckTory - INFO - WORKER 8801745658318
2024-10-12 06:08:35,430 - FuckTory - INFO - FREE!
2024-10-12 06:08:35,432 - FuckTory - INFO - WORKER 8801747034955
2024-10-12 06:08:35,433 - FuckTory - INFO - FREE!
2024-10-12 06:08:35,434 - FuckTory - INFO - WORKER 8801748878172
2024-10-12 06:08:35,435 - FuckTory - INFO - FREE!
2024-10-12 06:08:35,436 - FuckTory - INFO - CURRENT NOT LOCKED BAD POINTS 14
2024-10-12 06:08:35,437 - FuckTory - INFO - LEFT PIXELS WITOUT WORKERS: 6
2024-10-12 06:08:35,440 - FuckTory - INFO - AMOUNT OF STARTED WORKERS: 8
2024-10-12 06:08:35,457 - unnamed - INFO - Telegram profile loaded - path: C:\projects\tg_accs\12264550366\tdata
2024-10-12 06:08:35,466 - unnamed - INFO - Telegram profile loaded - path: C:\projects\tg_accs\18077006341\tdata
2024-10-12 06:08:35,484 - unnamed - INFO - Telegram profile loaded - path: C:\projects\tg_accs\12264558635\tdata
2024-10-12 06:08:35,498 - unnamed - INFO - Telegram profile loaded - path: C:\projects\tg_accs\639468092706\tdata
2024-10-12 06:08:35,505 - unnamed - INFO - Telegram profile loaded - path: C:\projects\tg_accs\8801745658318\tdata
2024-10-12 06:08:35,519 - unnamed - INFO - Telegram profile loaded - path: C:\projects\tg_accs\8801748878172\tdata
2024-10-12 06:08:35,525 - unnamed - INFO - Telegram profile loaded - path: C:\projects\tg_accs\8801747034955\tdata
2024-10-12 06:08:35,531 - unnamed - INFO - Telegram profile loaded - path: C:\projects\tg_accs\15874097035\tdata
2024-10-12 06:08:37,780 - unnamed - INFO - Telegram profile connect success - path: C:\projects\tg_accs\639468092706\tdata, id: 7691084320, username: None, phone: 639468092706
2024-10-12 06:08:38,334 - FuckTory - INFO - https://notpx.app/#tgWebAppData=query_id%3DAAEgomxKAwAAACCibEoFDRca%26user%3D%257B%2522id%2522%253A7691084320%252C%2522first_name%2522%253A%2522Stanford%2522%252C%2522last_name%2522%253A%2522Allison%2522%252C%2522language_code%2522%253A%2522en%2522%252C%2522allows_write_to_pm%2522%253Atrue%257D%26auth_date%3D1728727718%26hash%3D4622129cd534fb6b35af96855c4ecc2a7920a419ea6e1ed926f455af400723a7&tgWebAppVersion=7.10&tgWebAppPlatform=android&tgWebAppThemeParams=%7B%22accent_text_color%22%3A%22%23168acd%22%2C%22bg_color%22%3A%22%23ffffff%22%2C%22bottom_bar_bg_color%22%3A%22%23ffffff%22%2C%22button_color%22%3A%22%2340a7e3%22%2C%22button_text_color%22%3A%22%23ffffff%22%2C%22destructive_text_color%22%3A%22%23d14e4e%22%2C%22header_bg_color%22%3A%22%23ffffff%22%2C%22hint_color%22%3A%22%23999999%22%2C%22link_color%22%3A%22%23168acd%22%2C%22secondary_bg_color%22%3A%22%23f1f1f1%22%2C%22section_bg_color%22%3A%22%23ffffff%22%2C%22section_header_text_color%22%3A%22%23168acd%22%2C%22section_separator_color%22%3A%22%23e7e7e7%22%2C%22subtitle_text_color%22%3A%22%23999999%22%2C%22text_color%22%3A%22%23000000%22%7D
2024-10-12 06:08:38,334 - 639468092706 - DEBUG - Start GET entry URL
2024-10-12 06:08:38,845 - unnamed - ERROR - Failed to convert TDATA to Telethon session:
	Path: C:\projects\tg_accs\8801748878172\tdata
	Papa Exception -  type: <class 'opentele.exception.TDesktopUnauthorized'>, message: TDesktopUnauthorized: TDesktop client is unauthorized [ Called by FromTDesktop() ]
2024-10-12 06:08:38,976 - unnamed - ERROR - Failed to convert TDATA to Telethon session:
	Path: C:\projects\tg_accs\8801747034955\tdata
	Papa Exception -  type: <class 'opentele.exception.TDesktopUnauthorized'>, message: TDesktopUnauthorized: TDesktop client is unauthorized [ Called by FromTDesktop() ]
2024-10-12 06:08:40,129 - unnamed - ERROR - Failed to convert TDATA to Telethon session:
	Path: C:\projects\tg_accs\8801745658318\tdata
	Papa Exception -  type: <class 'opentele.exception.TDesktopUnauthorized'>, message: TDesktopUnauthorized: TDesktop client is unauthorized [ Called by FromTDesktop() ]
2024-10-12 06:08:40,444 - unnamed - INFO - Telegram profile connect success - path: C:\projects\tg_accs\12264550366\tdata, id: 7596997432, username: TamaraKanahele2022, phone: 12264550366
2024-10-12 06:08:40,551 - unnamed - INFO - Telegram profile connect success - path: C:\projects\tg_accs\18077006341\tdata, id: 7515509069, username: JeanneBlair2001, phone: 18077006341
2024-10-12 06:08:40,969 - unnamed - INFO - Telegram profile connect success - path: C:\projects\tg_accs\12264558635\tdata, id: 7703582587, username: DeborahLamboy2009, phone: 12264558635
2024-10-12 06:08:40,986 - unnamed - INFO - Telegram profile connect success - path: C:\projects\tg_accs\15874097035\tdata, id: 6714712311, username: guapepep, phone: 15874097035
2024-10-12 06:08:41,219 - FuckTory - INFO - https://notpx.app/#tgWebAppData=query_id%3DAAE4-9BEAwAAADj70ERDCe82%26user%3D%257B%2522id%2522%253A7596997432%252C%2522first_name%2522%253A%2522Tamara%2522%252C%2522last_name%2522%253A%2522Kanahele%2522%252C%2522username%2522%253A%2522TamaraKanahele2022%2522%252C%2522language_code%2522%253A%2522en%2522%252C%2522allows_write_to_pm%2522%253Atrue%257D%26auth_date%3D1728727721%26hash%3D4be93455038c6876872e433787eb61d8783b5d950d4f8bbdcbe7d487b09916b5&tgWebAppVersion=7.10&tgWebAppPlatform=android&tgWebAppThemeParams=%7B%22accent_text_color%22%3A%22%23168acd%22%2C%22bg_color%22%3A%22%23ffffff%22%2C%22bottom_bar_bg_color%22%3A%22%23ffffff%22%2C%22button_color%22%3A%22%2340a7e3%22%2C%22button_text_color%22%3A%22%23ffffff%22%2C%22destructive_text_color%22%3A%22%23d14e4e%22%2C%22header_bg_color%22%3A%22%23ffffff%22%2C%22hint_color%22%3A%22%23999999%22%2C%22link_color%22%3A%22%23168acd%22%2C%22secondary_bg_color%22%3A%22%23f1f1f1%22%2C%22section_bg_color%22%3A%22%23ffffff%22%2C%22section_header_text_color%22%3A%22%23168acd%22%2C%22section_separator_color%22%3A%22%23e7e7e7%22%2C%22subtitle_text_color%22%3A%22%23999999%22%2C%22text_color%22%3A%22%23000000%22%7D
2024-10-12 06:08:41,223 - 12264550366 - DEBUG - Start GET entry URL
2024-10-12 06:08:41,333 - FuckTory - INFO - https://notpx.app/#tgWebAppData=query_id%3DAAFNkfU_AwAAAE2R9T-QiQaM%26user%3D%257B%2522id%2522%253A7515509069%252C%2522first_name%2522%253A%2522Jeanne%2522%252C%2522last_name%2522%253A%2522Blair%2522%252C%2522username%2522%253A%2522JeanneBlair2001%2522%252C%2522language_code%2522%253A%2522en%2522%252C%2522allows_write_to_pm%2522%253Atrue%257D%26auth_date%3D1728727721%26hash%3Deb5b524d9102094926d5830b650e9dfcfb8e5ce46b1e94b2526abfc06ba411d0&tgWebAppVersion=7.10&tgWebAppPlatform=android&tgWebAppThemeParams=%7B%22accent_text_color%22%3A%22%23168acd%22%2C%22bg_color%22%3A%22%23ffffff%22%2C%22bottom_bar_bg_color%22%3A%22%23ffffff%22%2C%22button_color%22%3A%22%2340a7e3%22%2C%22button_text_color%22%3A%22%23ffffff%22%2C%22destructive_text_color%22%3A%22%23d14e4e%22%2C%22header_bg_color%22%3A%22%23ffffff%22%2C%22hint_color%22%3A%22%23999999%22%2C%22link_color%22%3A%22%23168acd%22%2C%22secondary_bg_color%22%3A%22%23f1f1f1%22%2C%22section_bg_color%22%3A%22%23ffffff%22%2C%22section_header_text_color%22%3A%22%23168acd%22%2C%22section_separator_color%22%3A%22%23e7e7e7%22%2C%22subtitle_text_color%22%3A%22%23999999%22%2C%22text_color%22%3A%22%23000000%22%7D
2024-10-12 06:08:41,337 - 18077006341 - DEBUG - Start GET entry URL
2024-10-12 06:08:41,818 - FuckTory - INFO - https://notpx.app/#tgWebAppData=query_id%3DAAH3YDoQAwAAAPdgOhBhbYe6%26user%3D%257B%2522id%2522%253A6714712311%252C%2522first_name%2522%253A%2522Catherine%2522%252C%2522last_name%2522%253A%2522Martin%2522%252C%2522username%2522%253A%2522guapepep%2522%252C%2522language_code%2522%253A%2522en%2522%252C%2522allows_write_to_pm%2522%253Atrue%257D%26auth_date%3D1728727722%26hash%3D08d53e90b444481fa33b7c93ca1b003170f8ee7180f588bdc37d3b9a9fbb4053&tgWebAppVersion=7.10&tgWebAppPlatform=android&tgWebAppThemeParams=%7B%22accent_text_color%22%3A%22%23168acd%22%2C%22bg_color%22%3A%22%23ffffff%22%2C%22bottom_bar_bg_color%22%3A%22%23ffffff%22%2C%22button_color%22%3A%22%2340a7e3%22%2C%22button_text_color%22%3A%22%23ffffff%22%2C%22destructive_text_color%22%3A%22%23d14e4e%22%2C%22header_bg_color%22%3A%22%23ffffff%22%2C%22hint_color%22%3A%22%23999999%22%2C%22link_color%22%3A%22%23168acd%22%2C%22secondary_bg_color%22%3A%22%23f1f1f1%22%2C%22section_bg_color%22%3A%22%23ffffff%22%2C%22section_header_text_color%22%3A%22%23168acd%22%2C%22section_separator_color%22%3A%22%23e7e7e7%22%2C%22subtitle_text_color%22%3A%22%23999999%22%2C%22text_color%22%3A%22%23000000%22%7D
2024-10-12 06:08:41,834 - 15874097035 - DEBUG - Start GET entry URL
2024-10-12 06:08:41,885 - FuckTory - INFO - https://notpx.app/#tgWebAppData=query_id%3DAAF7VytLAwAAAHtXK0t8rmBI%26user%3D%257B%2522id%2522%253A7703582587%252C%2522first_name%2522%253A%2522Deborah%2522%252C%2522last_name%2522%253A%2522Lamboy%2522%252C%2522username%2522%253A%2522DeborahLamboy2009%2522%252C%2522language_code%2522%253A%2522en%2522%252C%2522allows_write_to_pm%2522%253Atrue%257D%26auth_date%3D1728727722%26hash%3Daa23b38abb757799988d2d30227bd255dfd78da1d7b204a47ff25da3b91f0e41&tgWebAppVersion=7.10&tgWebAppPlatform=android&tgWebAppThemeParams=%7B%22accent_text_color%22%3A%22%23168acd%22%2C%22bg_color%22%3A%22%23ffffff%22%2C%22bottom_bar_bg_color%22%3A%22%23ffffff%22%2C%22button_color%22%3A%22%2340a7e3%22%2C%22button_text_color%22%3A%22%23ffffff%22%2C%22destructive_text_color%22%3A%22%23d14e4e%22%2C%22header_bg_color%22%3A%22%23ffffff%22%2C%22hint_color%22%3A%22%23999999%22%2C%22link_color%22%3A%22%23168acd%22%2C%22secondary_bg_color%22%3A%22%23f1f1f1%22%2C%22section_bg_color%22%3A%22%23ffffff%22%2C%22section_header_text_color%22%3A%22%23168acd%22%2C%22section_separator_color%22%3A%22%23e7e7e7%22%2C%22subtitle_text_color%22%3A%22%23999999%22%2C%22text_color%22%3A%22%23000000%22%7D
2024-10-12 06:08:41,889 - 12264558635 - DEBUG - Start GET entry URL
2024-10-12 06:08:48,238 - 639468092706 - INFO - Finish GET entry URL GET, status: 200, content len: 6121
2024-10-12 06:08:48,238 - 639468092706 - DEBUG - Start GET account status
2024-10-12 06:08:50,523 - 18077006341 - INFO - Finish GET entry URL GET, status: 200, content len: 6121
2024-10-12 06:08:50,523 - 18077006341 - DEBUG - Start GET account status
2024-10-12 06:08:51,271 - 12264558635 - INFO - Finish GET entry URL GET, status: 200, content len: 6121
2024-10-12 06:08:51,271 - 12264558635 - DEBUG - Start GET account status
2024-10-12 06:08:51,818 - 12264550366 - INFO - Finish GET entry URL GET, status: 200, content len: 6121
2024-10-12 06:08:51,851 - 12264550366 - DEBUG - Start GET account status
2024-10-12 06:08:53,759 - 15874097035 - INFO - Finish GET entry URL GET, status: 200, content len: 6121
2024-10-12 06:08:53,759 - 15874097035 - DEBUG - Start GET account status
2024-10-12 06:08:58,995 - 639468092706 - INFO - Finish GET account state, status: 200, content: b'{"coins":0.000147,"speedPerSecond":0.000009333333333333333,"fromStart":82,"fromUpdate":0,"maxMiningTime":28800,"claimed":0,"boosts":{"energyLimit":2,"paintReward":2,"reChargeSpeed":2},"repaintsTotal":8,"userBalance":1.16916433333333,"activated":true,"league":"bronze","charges":3,"maxCharges":12,"reChargeTimer":352048,"reChargeSpeed":570000,"goods":{},"tasks":{}}\n' content len: 365
2024-10-12 06:08:58,995 - 639468092706 - DEBUG - Start CLAIM
2024-10-12 06:09:00,991 - 12264550366 - INFO - Finish GET account state, status: 200, content: b'{"coins":0,"speedPerSecond":0.00006533333333333333,"fromStart":81,"fromUpdate":0,"maxMiningTime":28800,"claimed":0,"boosts":{"energyLimit":2,"paintReward":2,"reChargeSpeed":2},"repaintsTotal":56,"userBalance":68.88174166666661,"activated":true,"league":"silver","charges":0,"maxCharges":6,"reChargeTimer":378776,"reChargeSpeed":570000,"goods":{},"tasks":{}}\n' content len: 358
2024-10-12 06:09:00,991 - 12264550366 - DEBUG - Start CLAIM
2024-10-12 06:09:01,381 - 18077006341 - INFO - Finish GET account state, status: 200, content: b'{"coins":0,"speedPerSecond":0.000046666666666666665,"fromStart":81,"fromUpdate":0,"maxMiningTime":28800,"claimed":0,"boosts":{"energyLimit":2,"paintReward":2,"reChargeSpeed":2},"repaintsTotal":40,"userBalance":36.32868683333334,"activated":true,"league":"silver","charges":0,"maxCharges":12,"reChargeTimer":324159,"reChargeSpeed":570000,"goods":{},"tasks":{}}\n' content len: 360
2024-10-12 06:09:01,413 - 18077006341 - DEBUG - Start CLAIM
2024-10-12 06:09:02,895 - 12264558635 - INFO - Finish GET account state, status: 200, content: b'{"coins":0,"speedPerSecond":0.000056,"fromStart":81,"fromUpdate":0,"maxMiningTime":28800,"claimed":0,"boosts":{"energyLimit":2,"paintReward":2,"reChargeSpeed":2},"repaintsTotal":48,"userBalance":55.67677216666667,"activated":true,"league":"silver","charges":0,"maxCharges":6,"reChargeTimer":381950,"reChargeSpeed":570000,"goods":{},"tasks":{}}\n' content len: 344
2024-10-12 06:09:02,895 - 12264558635 - DEBUG - Start CLAIM
2024-10-12 06:09:04,507 - 15874097035 - INFO - Finish GET account state, status: 200, content: b'{"coins":0,"speedPerSecond":0.00004316666666666666,"fromStart":81,"fromUpdate":0,"maxMiningTime":28800,"claimed":0,"boosts":{"energyLimit":2,"paintReward":2,"reChargeSpeed":2},"repaintsTotal":37,"userBalance":36.617235,"activated":true,"league":"silver","charges":0,"maxCharges":6,"reChargeTimer":379928,"reChargeSpeed":570000,"goods":{},"tasks":{}}\n' content len: 350
2024-10-12 06:09:04,507 - 15874097035 - DEBUG - Start CLAIM
2024-10-12 06:09:04,803 - unnamed - ERROR - Bad HTTP status:
	Url: https://notpx.app/api/v1/mining/claim
	Proxy: None	Status: 504
2024-10-12 06:09:04,815 - unnamed - ERROR - Failed HTTP request:
	Url: https://notpx.app/api/v1/mining/claim
	Proxy: None	Papa Exception -  type: <class 'exceptions.BadStatus'>, message: Bad HTTP status:
	Url: https://notpx.app/api/v1/mining/claim
	Proxy: None	Status: 504
2024-10-12 06:09:13,432 - 12264550366 - INFO - Finish CLAIM, status: 200, content: b'{"coins":0,"speedPerSecond":0.00006533333333333333,"fromStart":0,"fromUpdate":0,"maxMiningTime":28800,"claimed":0.00588,"boosts":{"energyLimit":2,"paintReward":2,"reChargeSpeed":2},"repaintsTotal":0,"userBalance":0,"activated":true,"league":"silver","charges":0,"maxCharges":0,"reChargeTimer":0,"reChargeSpeed":0,"goods":null,"tasks":{}}\n' content len: 338
2024-10-12 06:09:13,436 - 12264550366 - DEBUG - Start PAINT PIXEL 228:231
2024-10-12 06:09:14,642 - 18077006341 - INFO - Finish CLAIM, status: 200, content: b'{"coins":0,"speedPerSecond":0.000046666666666666665,"fromStart":0,"fromUpdate":0,"maxMiningTime":28800,"claimed":0.004246666666666667,"boosts":{"energyLimit":2,"paintReward":2,"reChargeSpeed":2},"repaintsTotal":0,"userBalance":0,"activated":true,"league":"silver","charges":0,"maxCharges":0,"reChargeTimer":0,"reChargeSpeed":0,"goods":null,"tasks":{}}\n' content len: 352
2024-10-12 06:09:14,642 - 18077006341 - DEBUG - Start PAINT PIXEL 229:231
2024-10-12 06:09:15,305 - 12264558635 - INFO - Finish CLAIM, status: 200, content: b'{"coins":0,"speedPerSecond":0.000056,"fromStart":0,"fromUpdate":0,"maxMiningTime":28800,"claimed":0.005152,"boosts":{"energyLimit":2,"paintReward":2,"reChargeSpeed":2},"repaintsTotal":0,"userBalance":0,"activated":true,"league":"silver","charges":0,"maxCharges":0,"reChargeTimer":0,"reChargeSpeed":0,"goods":null,"tasks":{}}\n' content len: 325
2024-10-12 06:09:15,305 - 12264558635 - DEBUG - Start PAINT PIXEL 230:230
2024-10-12 06:09:15,596 - unnamed - ERROR - Bad HTTP status:
	Url: https://notpx.app/api/v1/repaint/start
	Proxy: socks5://07196708-zone-custom-region-CA-city-toronto-sessid-o47kzll7-sessTime-120:6pGOVG0G@f.proxys5.net:6200	Status: 400
2024-10-12 06:09:15,598 - unnamed - ERROR - Failed HTTP request:
	Url: https://notpx.app/api/v1/repaint/start
	Proxy: socks5://07196708-zone-custom-region-CA-city-toronto-sessid-o47kzll7-sessTime-120:6pGOVG0G@f.proxys5.net:6200	Papa Exception -  type: <class 'exceptions.BadStatus'>, message: Bad HTTP status:
	Url: https://notpx.app/api/v1/repaint/start
	Proxy: socks5://07196708-zone-custom-region-CA-city-toronto-sessid-o47kzll7-sessTime-120:6pGOVG0G@f.proxys5.net:6200	Status: 400
2024-10-12 06:09:15,988 - 15874097035 - INFO - Finish CLAIM, status: 200, content: b'{"coins":0,"speedPerSecond":0.00004316666666666666,"fromStart":0,"fromUpdate":0,"maxMiningTime":28800,"claimed":0.003928166666666666,"boosts":{"energyLimit":2,"paintReward":2,"reChargeSpeed":2},"repaintsTotal":0,"userBalance":0,"activated":true,"league":"silver","charges":0,"maxCharges":0,"reChargeTimer":0,"reChargeSpeed":0,"goods":null,"tasks":{}}\n' content len: 351
2024-10-12 06:09:15,988 - 15874097035 - DEBUG - Start PAINT PIXEL 234:228
2024-10-12 06:09:16,412 - unnamed - ERROR - Bad HTTP status:
	Url: https://notpx.app/api/v1/repaint/start
	Proxy: socks5://07196708-zone-custom-region-CA-city-toronto-sessid-ZWNbB988-sessTime-120:6pGOVG0G@f.proxys5.net:6200	Status: 400
2024-10-12 06:09:16,412 - unnamed - ERROR - Failed HTTP request:
	Url: https://notpx.app/api/v1/repaint/start
	Proxy: socks5://07196708-zone-custom-region-CA-city-toronto-sessid-ZWNbB988-sessTime-120:6pGOVG0G@f.proxys5.net:6200	Papa Exception -  type: <class 'exceptions.BadStatus'>, message: Bad HTTP status:
	Url: https://notpx.app/api/v1/repaint/start
	Proxy: socks5://07196708-zone-custom-region-CA-city-toronto-sessid-ZWNbB988-sessTime-120:6pGOVG0G@f.proxys5.net:6200	Status: 400
2024-10-12 06:09:17,916 - unnamed - ERROR - Bad HTTP status:
	Url: https://notpx.app/api/v1/repaint/start
	Proxy: socks5://07196708-zone-custom-region-CA-city-toronto-sessid-z0XjjaRn-sessTime-120:6pGOVG0G@f.proxys5.net:6200	Status: 400
2024-10-12 06:09:17,920 - unnamed - ERROR - Failed HTTP request:
	Url: https://notpx.app/api/v1/repaint/start
	Proxy: socks5://07196708-zone-custom-region-CA-city-toronto-sessid-z0XjjaRn-sessTime-120:6pGOVG0G@f.proxys5.net:6200	Papa Exception -  type: <class 'exceptions.BadStatus'>, message: Bad HTTP status:
	Url: https://notpx.app/api/v1/repaint/start
	Proxy: socks5://07196708-zone-custom-region-CA-city-toronto-sessid-z0XjjaRn-sessTime-120:6pGOVG0G@f.proxys5.net:6200	Status: 400
2024-10-12 06:09:19,259 - unnamed - ERROR - Bad HTTP status:
	Url: https://notpx.app/api/v1/repaint/start
	Proxy: socks5://07196708-zone-custom-region-CA-city-toronto-sessid-OC4jAJ4O-sessTime-120:6pGOVG0G@f.proxys5.net:6200	Status: 400
2024-10-12 06:09:19,266 - unnamed - ERROR - Failed HTTP request:
	Url: https://notpx.app/api/v1/repaint/start
	Proxy: socks5://07196708-zone-custom-region-CA-city-toronto-sessid-OC4jAJ4O-sessTime-120:6pGOVG0G@f.proxys5.net:6200	Papa Exception -  type: <class 'exceptions.BadStatus'>, message: Bad HTTP status:
	Url: https://notpx.app/api/v1/repaint/start
	Proxy: socks5://07196708-zone-custom-region-CA-city-toronto-sessid-OC4jAJ4O-sessTime-120:6pGOVG0G@f.proxys5.net:6200	Status: 400
2024-10-12 06:09:19,481 - FuckTory - INFO - CURRENT BAD POINTS 14
2024-10-12 06:09:19,483 - FuckTory - INFO - WORKER 12264550366
2024-10-12 06:09:19,483 - FuckTory - INFO - FREE!
2024-10-12 06:09:19,484 - FuckTory - INFO - WORKER 12264558635
2024-10-12 06:09:19,486 - FuckTory - INFO - FREE!
2024-10-12 06:09:19,487 - FuckTory - INFO - WORKER 15874097035
2024-10-12 06:09:19,488 - FuckTory - INFO - FREE!
2024-10-12 06:09:19,488 - FuckTory - INFO - WORKER 18077006341
2024-10-12 06:09:19,490 - FuckTory - INFO - FREE!
2024-10-12 06:09:19,492 - FuckTory - INFO - WORKER 639468092706
2024-10-12 06:09:19,493 - FuckTory - INFO - FREE!
2024-10-12 06:09:19,494 - FuckTory - INFO - WORKER 8801745658318
2024-10-12 06:09:19,495 - FuckTory - INFO - FREE!
2024-10-12 06:09:19,498 - FuckTory - INFO - WORKER 8801747034955
2024-10-12 06:09:19,498 - FuckTory - INFO - FREE!
2024-10-12 06:09:19,499 - FuckTory - INFO - WORKER 8801748878172
2024-10-12 06:09:19,499 - FuckTory - INFO - FREE!
2024-10-12 06:09:19,499 - FuckTory - INFO - CURRENT NOT LOCKED BAD POINTS 14
2024-10-12 06:09:19,502 - FuckTory - INFO - LEFT PIXELS WITOUT WORKERS: 6
2024-10-12 06:09:19,502 - FuckTory - INFO - AMOUNT OF STARTED WORKERS: 8
2024-10-12 06:09:19,515 - unnamed - INFO - Telegram profile loaded - path: C:\projects\tg_accs\8801748878172\tdata
2024-10-12 06:09:19,525 - unnamed - INFO - Telegram profile loaded - path: C:\projects\tg_accs\12264550366\tdata
2024-10-12 06:09:19,538 - unnamed - INFO - Telegram profile loaded - path: C:\projects\tg_accs\12264558635\tdata
2024-10-12 06:09:19,556 - unnamed - INFO - Telegram profile loaded - path: C:\projects\tg_accs\18077006341\tdata
2024-10-12 06:09:19,562 - unnamed - INFO - Telegram profile loaded - path: C:\projects\tg_accs\639468092706\tdata
2024-10-12 06:09:19,571 - unnamed - INFO - Telegram profile loaded - path: C:\projects\tg_accs\8801747034955\tdata
2024-10-12 06:09:19,585 - unnamed - INFO - Telegram profile loaded - path: C:\projects\tg_accs\15874097035\tdata
2024-10-12 06:09:19,599 - unnamed - INFO - Telegram profile loaded - path: C:\projects\tg_accs\8801745658318\tdata
2024-10-12 06:09:26,316 - unnamed - ERROR - Failed to convert TDATA to Telethon session:
	Path: C:\projects\tg_accs\639468092706\tdata
	Papa Exception -  type: <class 'sqlite3.OperationalError'>, message: database is locked
2024-10-12 06:09:32,789 - unnamed - ERROR - Failed to convert TDATA to Telethon session:
	Path: C:\projects\tg_accs\18077006341\tdata
	Papa Exception -  type: <class 'sqlite3.OperationalError'>, message: database is locked
2024-10-12 06:09:32,842 - unnamed - ERROR - Failed to convert TDATA to Telethon session:
	Path: C:\projects\tg_accs\8801748878172\tdata
	Papa Exception -  type: <class 'asyncio.exceptions.CancelledError'>, message: 
2024-10-12 06:09:32,845 - unnamed - ERROR - Failed to convert TDATA to Telethon session:
	Path: C:\projects\tg_accs\12264550366\tdata
	Papa Exception -  type: <class 'asyncio.exceptions.CancelledError'>, message: 
2024-10-12 06:09:32,851 - unnamed - ERROR - Failed to convert TDATA to Telethon session:
	Path: C:\projects\tg_accs\12264558635\tdata
	Papa Exception -  type: <class 'asyncio.exceptions.CancelledError'>, message: 
2024-10-12 06:09:32,852 - unnamed - ERROR - Failed to convert TDATA to Telethon session:
	Path: C:\projects\tg_accs\8801747034955\tdata
	Papa Exception -  type: <class 'asyncio.exceptions.CancelledError'>, message: 
2024-10-12 06:09:32,853 - unnamed - ERROR - Failed to convert TDATA to Telethon session:
	Path: C:\projects\tg_accs\15874097035\tdata
	Papa Exception -  type: <class 'asyncio.exceptions.CancelledError'>, message: 
2024-10-12 06:09:32,854 - unnamed - ERROR - Failed to convert TDATA to Telethon session:
	Path: C:\projects\tg_accs\8801745658318\tdata
	Papa Exception -  type: <class 'asyncio.exceptions.CancelledError'>, message: 
2024-10-12 06:09:33,075 - FuckTory - INFO - CURRENT BAD POINTS 14
2024-10-12 06:09:33,076 - FuckTory - INFO - WORKER 12264550366
2024-10-12 06:09:33,076 - FuckTory - INFO - FREE!
2024-10-12 06:09:33,077 - FuckTory - INFO - WORKER 12264558635
2024-10-12 06:09:33,077 - FuckTory - INFO - FREE!
2024-10-12 06:09:33,077 - FuckTory - INFO - WORKER 15874097035
2024-10-12 06:09:33,078 - FuckTory - INFO - FREE!
2024-10-12 06:09:33,078 - FuckTory - INFO - WORKER 18077006341
2024-10-12 06:09:33,079 - FuckTory - INFO - FREE!
2024-10-12 06:09:33,079 - FuckTory - INFO - WORKER 639468092706
2024-10-12 06:09:33,080 - FuckTory - INFO - FREE!
2024-10-12 06:09:33,080 - FuckTory - INFO - WORKER 8801745658318
2024-10-12 06:09:33,081 - FuckTory - INFO - FREE!
2024-10-12 06:09:33,081 - FuckTory - INFO - WORKER 8801747034955
2024-10-12 06:09:33,082 - FuckTory - INFO - FREE!
2024-10-12 06:09:33,082 - FuckTory - INFO - WORKER 8801748878172
2024-10-12 06:09:33,083 - FuckTory - INFO - FREE!
2024-10-12 06:09:33,083 - FuckTory - INFO - CURRENT NOT LOCKED BAD POINTS 14
2024-10-12 06:09:33,084 - FuckTory - INFO - LEFT PIXELS WITOUT WORKERS: 6
2024-10-12 06:09:33,084 - FuckTory - INFO - AMOUNT OF STARTED WORKERS: 8
2024-10-12 06:09:33,090 - unnamed - INFO - Telegram profile loaded - path: C:\projects\tg_accs\12264558635\tdata
2024-10-12 06:09:33,107 - unnamed - INFO - Telegram profile loaded - path: C:\projects\tg_accs\8801747034955\tdata
2024-10-12 06:09:33,114 - unnamed - INFO - Telegram profile loaded - path: C:\projects\tg_accs\12264550366\tdata
2024-10-12 06:09:33,118 - unnamed - INFO - Telegram profile loaded - path: C:\projects\tg_accs\18077006341\tdata
2024-10-12 06:09:33,118 - unnamed - INFO - Telegram profile loaded - path: C:\projects\tg_accs\639468092706\tdata
2024-10-12 06:09:33,191 - unnamed - INFO - Telegram profile loaded - path: C:\projects\tg_accs\8801748878172\tdata
2024-10-12 06:09:33,209 - unnamed - INFO - Telegram profile loaded - path: C:\projects\tg_accs\15874097035\tdata
2024-10-12 06:09:33,218 - unnamed - INFO - Telegram profile loaded - path: C:\projects\tg_accs\8801745658318\tdata
2024-10-12 06:09:39,870 - unnamed - ERROR - Failed to convert TDATA to Telethon session:
	Path: C:\projects\tg_accs\639468092706\tdata
	Papa Exception -  type: <class 'sqlite3.OperationalError'>, message: database is locked
2024-10-12 06:10:07,710 - unnamed - ERROR - Failed to convert TDATA to Telethon session:
	Path: C:\projects\tg_accs\12264558635\tdata
	Papa Exception -  type: <class 'asyncio.exceptions.CancelledError'>, message: 
2024-10-12 06:10:07,721 - unnamed - ERROR - Failed to convert TDATA to Telethon session:
	Path: C:\projects\tg_accs\12264550366\tdata
	Papa Exception -  type: <class 'asyncio.exceptions.CancelledError'>, message: 
2024-10-12 06:10:07,721 - unnamed - ERROR - Failed to convert TDATA to Telethon session:
	Path: C:\projects\tg_accs\8801747034955\tdata
	Papa Exception -  type: <class 'asyncio.exceptions.CancelledError'>, message: 
2024-10-12 06:10:07,721 - unnamed - ERROR - Failed to convert TDATA to Telethon session:
	Path: C:\projects\tg_accs\18077006341\tdata
	Papa Exception -  type: <class 'asyncio.exceptions.CancelledError'>, message: 
2024-10-12 06:10:07,725 - unnamed - ERROR - Failed to convert TDATA to Telethon session:
	Path: C:\projects\tg_accs\8801748878172\tdata
	Papa Exception -  type: <class 'asyncio.exceptions.CancelledError'>, message: 
2024-10-12 06:10:07,725 - unnamed - ERROR - Failed to convert TDATA to Telethon session:
	Path: C:\projects\tg_accs\8801745658318\tdata
	Papa Exception -  type: <class 'asyncio.exceptions.CancelledError'>, message: 
2024-10-12 06:10:07,725 - unnamed - ERROR - Failed to convert TDATA to Telethon session:
	Path: C:\projects\tg_accs\15874097035\tdata
	Papa Exception -  type: <class 'asyncio.exceptions.CancelledError'>, message: 
2024-10-12 06:10:07,971 - FuckTory - INFO - CURRENT BAD POINTS 14
2024-10-12 06:10:07,972 - FuckTory - INFO - WORKER 12264550366
2024-10-12 06:10:07,973 - FuckTory - INFO - FREE!
2024-10-12 06:10:07,973 - FuckTory - INFO - WORKER 12264558635
2024-10-12 06:10:07,974 - FuckTory - INFO - FREE!
2024-10-12 06:10:07,974 - FuckTory - INFO - WORKER 15874097035
2024-10-12 06:10:07,974 - FuckTory - INFO - FREE!
2024-10-12 06:10:07,975 - FuckTory - INFO - WORKER 18077006341
2024-10-12 06:10:07,976 - FuckTory - INFO - FREE!
2024-10-12 06:10:07,976 - FuckTory - INFO - WORKER 639468092706
2024-10-12 06:10:07,976 - FuckTory - INFO - FREE!
2024-10-12 06:10:07,977 - FuckTory - INFO - WORKER 8801745658318
2024-10-12 06:10:07,977 - FuckTory - INFO - FREE!
2024-10-12 06:10:07,978 - FuckTory - INFO - WORKER 8801747034955
2024-10-12 06:10:07,978 - FuckTory - INFO - FREE!
2024-10-12 06:10:07,979 - FuckTory - INFO - WORKER 8801748878172
2024-10-12 06:10:07,979 - FuckTory - INFO - FREE!
2024-10-12 06:10:07,980 - FuckTory - INFO - CURRENT NOT LOCKED BAD POINTS 14
2024-10-12 06:10:07,980 - FuckTory - INFO - LEFT PIXELS WITOUT WORKERS: 6
2024-10-12 06:10:07,981 - FuckTory - INFO - AMOUNT OF STARTED WORKERS: 8
2024-10-12 06:10:07,988 - unnamed - INFO - Telegram profile loaded - path: C:\projects\tg_accs\639468092706\tdata
2024-10-12 06:10:07,995 - unnamed - INFO - Telegram profile loaded - path: C:\projects\tg_accs\8801745658318\tdata
2024-10-12 06:10:08,002 - unnamed - INFO - Telegram profile loaded - path: C:\projects\tg_accs\8801748878172\tdata
2024-10-12 06:10:08,008 - unnamed - INFO - Telegram profile loaded - path: C:\projects\tg_accs\12264550366\tdata
2024-10-12 06:10:08,008 - unnamed - INFO - Telegram profile loaded - path: C:\projects\tg_accs\18077006341\tdata
2024-10-12 06:10:08,019 - unnamed - INFO - Telegram profile loaded - path: C:\projects\tg_accs\15874097035\tdata
2024-10-12 06:10:08,025 - unnamed - INFO - Telegram profile loaded - path: C:\projects\tg_accs\12264558635\tdata
2024-10-12 06:10:08,030 - unnamed - INFO - Telegram profile loaded - path: C:\projects\tg_accs\8801747034955\tdata
2024-10-12 06:10:10,223 - unnamed - INFO - Telegram profile connect success - path: C:\projects\tg_accs\639468092706\tdata, id: 7691084320, username: None, phone: 639468092706
2024-10-12 06:10:16,185 - unnamed - ERROR - Failed to convert TDATA to Telethon session:
	Path: C:\projects\tg_accs\12264550366\tdata
	Papa Exception -  type: <class 'sqlite3.OperationalError'>, message: database is locked
2024-10-12 06:10:16,266 - FuckTory - INFO - https://notpx.app/#tgWebAppData=query_id%3DAAEgomxKAwAAACCibErDBOBm%26user%3D%257B%2522id%2522%253A7691084320%252C%2522first_name%2522%253A%2522Stanford%2522%252C%2522last_name%2522%253A%2522Allison%2522%252C%2522language_code%2522%253A%2522en%2522%252C%2522allows_write_to_pm%2522%253Atrue%257D%26auth_date%3D1728727811%26hash%3De8a3b7f9595e29a026aef52816478b3a0dc4008695c6e396c232af395ecd7355&tgWebAppVersion=7.10&tgWebAppPlatform=android&tgWebAppThemeParams=%7B%22accent_text_color%22%3A%22%23168acd%22%2C%22bg_color%22%3A%22%23ffffff%22%2C%22bottom_bar_bg_color%22%3A%22%23ffffff%22%2C%22button_color%22%3A%22%2340a7e3%22%2C%22button_text_color%22%3A%22%23ffffff%22%2C%22destructive_text_color%22%3A%22%23d14e4e%22%2C%22header_bg_color%22%3A%22%23ffffff%22%2C%22hint_color%22%3A%22%23999999%22%2C%22link_color%22%3A%22%23168acd%22%2C%22secondary_bg_color%22%3A%22%23f1f1f1%22%2C%22section_bg_color%22%3A%22%23ffffff%22%2C%22section_header_text_color%22%3A%22%23168acd%22%2C%22section_separator_color%22%3A%22%23e7e7e7%22%2C%22subtitle_text_color%22%3A%22%23999999%22%2C%22text_color%22%3A%22%23000000%22%7D
2024-10-12 06:10:16,272 - 639468092706 - DEBUG - Start GET entry URL
2024-10-12 06:10:16,817 - unnamed - ERROR - Failed to convert TDATA to Telethon session:
	Path: C:\projects\tg_accs\8801747034955\tdata
	Papa Exception -  type: <class 'opentele.exception.TDesktopUnauthorized'>, message: TDesktopUnauthorized: TDesktop client is unauthorized [ Called by FromTDesktop() ]
2024-10-12 06:10:16,852 - unnamed - ERROR - Failed to convert TDATA to Telethon session:
	Path: C:\projects\tg_accs\8801748878172\tdata
	Papa Exception -  type: <class 'opentele.exception.TDesktopUnauthorized'>, message: TDesktopUnauthorized: TDesktop client is unauthorized [ Called by FromTDesktop() ]
2024-10-12 06:10:18,007 - unnamed - ERROR - Failed to convert TDATA to Telethon session:
	Path: C:\projects\tg_accs\8801745658318\tdata
	Papa Exception -  type: <class 'asyncio.exceptions.CancelledError'>, message: 
2024-10-12 06:10:18,007 - unnamed - ERROR - Failed to convert TDATA to Telethon session:
	Path: C:\projects\tg_accs\18077006341\tdata
	Papa Exception -  type: <class 'asyncio.exceptions.CancelledError'>, message: 
2024-10-12 06:10:18,007 - unnamed - ERROR - Failed to convert TDATA to Telethon session:
	Path: C:\projects\tg_accs\15874097035\tdata
	Papa Exception -  type: <class 'asyncio.exceptions.CancelledError'>, message: 
2024-10-12 06:10:18,056 - unnamed - ERROR - Failed to convert TDATA to Telethon session:
	Path: C:\projects\tg_accs\12264558635\tdata
	Papa Exception -  type: <class 'asyncio.exceptions.CancelledError'>, message: 
2024-10-12 06:10:26,010 - 639468092706 - INFO - Finish GET entry URL GET, status: 200, content len: 6121
2024-10-12 06:10:26,010 - 639468092706 - DEBUG - Start GET account status
2024-10-12 06:10:35,350 - 639468092706 - INFO - Finish GET account state, status: 200, content: b'{"coins":0,"speedPerSecond":0.000009333333333333333,"fromStart":54,"fromUpdate":0,"maxMiningTime":28800,"claimed":0,"boosts":{"energyLimit":2,"paintReward":2,"reChargeSpeed":2},"repaintsTotal":8,"userBalance":1.1709469999999966,"activated":true,"league":"silver","charges":3,"maxCharges":12,"reChargeTimer":253264,"reChargeSpeed":570000,"goods":{},"tasks":{}}\n' content len: 360
2024-10-12 06:10:35,350 - 639468092706 - DEBUG - Start CLAIM
2024-10-12 06:10:45,932 - 639468092706 - INFO - Finish CLAIM, status: 200, content: b'{"coins":0,"speedPerSecond":0.000009333333333333333,"fromStart":0,"fromUpdate":0,"maxMiningTime":28800,"claimed":0.0005786666666666667,"boosts":{"energyLimit":2,"paintReward":2,"reChargeSpeed":2},"repaintsTotal":0,"userBalance":0,"activated":true,"league":"silver","charges":0,"maxCharges":0,"reChargeTimer":0,"reChargeSpeed":0,"goods":null,"tasks":{}}\n' content len: 353
2024-10-12 06:10:45,932 - 639468092706 - DEBUG - Start PAINT PIXEL 228:231
2024-10-12 06:10:55,396 - 639468092706 - INFO - Finish PAINT PIXEL 228:231 to #000000, status: 200, content: b'{"balance":2.1715256666667}\n' content len: 28
2024-10-12 06:10:55,659 - FuckTory - INFO - CURRENT BAD POINTS 13
2024-10-12 06:10:55,659 - FuckTory - INFO - WORKER 12264550366
2024-10-12 06:10:55,660 - FuckTory - INFO - FREE!
2024-10-12 06:10:55,660 - FuckTory - INFO - WORKER 12264558635
2024-10-12 06:10:55,661 - FuckTory - INFO - FREE!
2024-10-12 06:10:55,661 - FuckTory - INFO - WORKER 15874097035
2024-10-12 06:10:55,662 - FuckTory - INFO - FREE!
2024-10-12 06:10:55,662 - FuckTory - INFO - WORKER 18077006341
2024-10-12 06:10:55,663 - FuckTory - INFO - FREE!
2024-10-12 06:10:55,663 - FuckTory - INFO - WORKER 639468092706
2024-10-12 06:10:55,663 - FuckTory - INFO - FREE!
2024-10-12 06:10:55,664 - FuckTory - INFO - WORKER 8801745658318
2024-10-12 06:10:55,664 - FuckTory - INFO - FREE!
2024-10-12 06:10:55,665 - FuckTory - INFO - WORKER 8801747034955
2024-10-12 06:10:55,665 - FuckTory - INFO - FREE!
2024-10-12 06:10:55,666 - FuckTory - INFO - WORKER 8801748878172
2024-10-12 06:10:55,666 - FuckTory - INFO - FREE!
2024-10-12 06:10:55,667 - FuckTory - INFO - CURRENT NOT LOCKED BAD POINTS 13
2024-10-12 06:10:55,668 - FuckTory - INFO - LEFT PIXELS WITOUT WORKERS: 5
2024-10-12 06:10:55,668 - FuckTory - INFO - AMOUNT OF STARTED WORKERS: 8
2024-10-12 06:10:55,676 - unnamed - INFO - Telegram profile loaded - path: C:\projects\tg_accs\639468092706\tdata
2024-10-12 06:10:55,682 - unnamed - INFO - Telegram profile loaded - path: C:\projects\tg_accs\12264550366\tdata
2024-10-12 06:10:55,685 - unnamed - INFO - Telegram profile loaded - path: C:\projects\tg_accs\8801745658318\tdata
2024-10-12 06:10:55,691 - unnamed - INFO - Telegram profile loaded - path: C:\projects\tg_accs\12264558635\tdata
2024-10-12 06:10:55,701 - unnamed - INFO - Telegram profile loaded - path: C:\projects\tg_accs\15874097035\tdata
2024-10-12 06:10:55,706 - unnamed - INFO - Telegram profile loaded - path: C:\projects\tg_accs\8801748878172\tdata
2024-10-12 06:10:55,714 - unnamed - INFO - Telegram profile loaded - path: C:\projects\tg_accs\18077006341\tdata
2024-10-12 06:10:55,721 - unnamed - INFO - Telegram profile loaded - path: C:\projects\tg_accs\8801747034955\tdata
2024-10-12 06:11:02,287 - unnamed - ERROR - Failed to convert TDATA to Telethon session:
	Path: C:\projects\tg_accs\639468092706\tdata
	Papa Exception -  type: <class 'sqlite3.OperationalError'>, message: database is locked
2024-10-12 06:11:09,351 - unnamed - ERROR - Failed to convert TDATA to Telethon session:
	Path: C:\projects\tg_accs\18077006341\tdata
	Papa Exception -  type: <class 'sqlite3.OperationalError'>, message: database is locked
2024-10-12 06:11:09,390 - unnamed - ERROR - Failed to convert TDATA to Telethon session:
	Path: C:\projects\tg_accs\8801745658318\tdata
	Papa Exception -  type: <class 'asyncio.exceptions.CancelledError'>, message: 
2024-10-12 06:11:09,497 - unnamed - ERROR - Failed to convert TDATA to Telethon session:
	Path: C:\projects\tg_accs\12264558635\tdata
	Papa Exception -  type: <class 'asyncio.exceptions.CancelledError'>, message: 
2024-10-12 06:11:09,545 - unnamed - ERROR - Failed to convert TDATA to Telethon session:
	Path: C:\projects\tg_accs\12264550366\tdata
	Papa Exception -  type: <class 'asyncio.exceptions.CancelledError'>, message: 
2024-10-12 06:11:09,547 - unnamed - ERROR - Failed to convert TDATA to Telethon session:
	Path: C:\projects\tg_accs\8801748878172\tdata
	Papa Exception -  type: <class 'asyncio.exceptions.CancelledError'>, message: 
2024-10-12 06:11:09,548 - unnamed - ERROR - Failed to convert TDATA to Telethon session:
	Path: C:\projects\tg_accs\15874097035\tdata
	Papa Exception -  type: <class 'asyncio.exceptions.CancelledError'>, message: 
2024-10-12 06:11:09,568 - unnamed - ERROR - Failed to convert TDATA to Telethon session:
	Path: C:\projects\tg_accs\8801747034955\tdata
	Papa Exception -  type: <class 'asyncio.exceptions.CancelledError'>, message: 
2024-10-12 06:11:32,565 - FuckTory - INFO - CURRENT BAD POINTS 14
2024-10-12 06:11:32,565 - FuckTory - INFO - WORKER 12264550366
2024-10-12 06:11:32,565 - FuckTory - INFO - FREE!
2024-10-12 06:11:32,565 - FuckTory - INFO - WORKER 12264558635
2024-10-12 06:11:32,565 - FuckTory - INFO - FREE!
2024-10-12 06:11:32,567 - FuckTory - INFO - WORKER 15874097035
2024-10-12 06:11:32,567 - FuckTory - INFO - FREE!
2024-10-12 06:11:32,567 - FuckTory - INFO - WORKER 18077006341
2024-10-12 06:11:32,567 - FuckTory - INFO - FREE!
2024-10-12 06:11:32,567 - FuckTory - INFO - WORKER 639468092706
2024-10-12 06:11:32,567 - FuckTory - INFO - FREE!
2024-10-12 06:11:32,567 - FuckTory - INFO - WORKER 8801745658318
2024-10-12 06:11:32,567 - FuckTory - INFO - FREE!
2024-10-12 06:11:32,567 - FuckTory - INFO - WORKER 8801747034955
2024-10-12 06:11:32,567 - FuckTory - INFO - FREE!
2024-10-12 06:11:32,572 - FuckTory - INFO - WORKER 8801748878172
2024-10-12 06:11:32,572 - FuckTory - INFO - FREE!
2024-10-12 06:11:32,573 - FuckTory - INFO - CURRENT NOT LOCKED BAD POINTS 14
2024-10-12 06:11:32,573 - FuckTory - INFO - LEFT PIXELS WITOUT WORKERS: 6
2024-10-12 06:11:32,574 - FuckTory - INFO - AMOUNT OF STARTED WORKERS: 8
2024-10-12 06:11:32,584 - unnamed - INFO - Telegram profile loaded - path: C:\projects\tg_accs\12264558635\tdata
2024-10-12 06:11:32,591 - unnamed - INFO - Telegram profile loaded - path: C:\projects\tg_accs\12264550366\tdata
2024-10-12 06:11:32,605 - unnamed - INFO - Telegram profile loaded - path: C:\projects\tg_accs\8801748878172\tdata
2024-10-12 06:11:32,614 - unnamed - INFO - Telegram profile loaded - path: C:\projects\tg_accs\15874097035\tdata
2024-10-12 06:11:32,624 - unnamed - INFO - Telegram profile loaded - path: C:\projects\tg_accs\18077006341\tdata
2024-10-12 06:11:32,630 - unnamed - INFO - Telegram profile loaded - path: C:\projects\tg_accs\8801747034955\tdata
2024-10-12 06:11:32,640 - unnamed - INFO - Telegram profile loaded - path: C:\projects\tg_accs\8801745658318\tdata
2024-10-12 06:11:32,646 - unnamed - INFO - Telegram profile loaded - path: C:\projects\tg_accs\639468092706\tdata
2024-10-12 06:11:39,417 - unnamed - ERROR - Failed to convert TDATA to Telethon session:
	Path: C:\projects\tg_accs\639468092706\tdata
	Papa Exception -  type: <class 'sqlite3.OperationalError'>, message: database is locked
2024-10-12 06:11:46,456 - unnamed - ERROR - Failed to convert TDATA to Telethon session:
	Path: C:\projects\tg_accs\12264550366\tdata
	Papa Exception -  type: <class 'sqlite3.OperationalError'>, message: database is locked
2024-10-12 06:11:46,456 - unnamed - ERROR - Failed to convert TDATA to Telethon session:
	Path: C:\projects\tg_accs\12264558635\tdata
	Papa Exception -  type: <class 'asyncio.exceptions.CancelledError'>, message: 
2024-10-12 06:11:46,486 - unnamed - ERROR - Failed to convert TDATA to Telethon session:
	Path: C:\projects\tg_accs\8801748878172\tdata
	Papa Exception -  type: <class 'asyncio.exceptions.CancelledError'>, message: 
2024-10-12 06:11:46,497 - unnamed - ERROR - Failed to convert TDATA to Telethon session:
	Path: C:\projects\tg_accs\15874097035\tdata
	Papa Exception -  type: <class 'asyncio.exceptions.CancelledError'>, message: 
2024-10-12 06:11:46,532 - unnamed - ERROR - Failed to convert TDATA to Telethon session:
	Path: C:\projects\tg_accs\18077006341\tdata
	Papa Exception -  type: <class 'asyncio.exceptions.CancelledError'>, message: 
2024-10-12 06:11:46,533 - unnamed - ERROR - Failed to convert TDATA to Telethon session:
	Path: C:\projects\tg_accs\8801745658318\tdata
	Papa Exception -  type: <class 'asyncio.exceptions.CancelledError'>, message: 
2024-10-12 06:11:46,534 - unnamed - ERROR - Failed to convert TDATA to Telethon session:
	Path: C:\projects\tg_accs\8801747034955\tdata
	Papa Exception -  type: <class 'asyncio.exceptions.CancelledError'>, message: 
2024-10-12 06:11:46,766 - FuckTory - INFO - CURRENT BAD POINTS 14
2024-10-12 06:11:46,768 - FuckTory - INFO - WORKER 12264550366
2024-10-12 06:11:46,768 - FuckTory - INFO - FREE!
2024-10-12 06:11:46,769 - FuckTory - INFO - WORKER 12264558635
2024-10-12 06:11:46,769 - FuckTory - INFO - FREE!
2024-10-12 06:11:46,770 - FuckTory - INFO - WORKER 15874097035
2024-10-12 06:11:46,770 - FuckTory - INFO - FREE!
2024-10-12 06:11:46,771 - FuckTory - INFO - WORKER 18077006341
2024-10-12 06:11:46,771 - FuckTory - INFO - FREE!
2024-10-12 06:11:46,772 - FuckTory - INFO - WORKER 639468092706
2024-10-12 06:11:46,772 - FuckTory - INFO - FREE!
2024-10-12 06:11:46,773 - FuckTory - INFO - WORKER 8801745658318
2024-10-12 06:11:46,773 - FuckTory - INFO - FREE!
2024-10-12 06:11:46,774 - FuckTory - INFO - WORKER 8801747034955
2024-10-12 06:11:46,774 - FuckTory - INFO - FREE!
2024-10-12 06:11:46,775 - FuckTory - INFO - WORKER 8801748878172
2024-10-12 06:11:46,775 - FuckTory - INFO - FREE!
2024-10-12 06:11:46,776 - FuckTory - INFO - CURRENT NOT LOCKED BAD POINTS 14
2024-10-12 06:11:46,776 - FuckTory - INFO - LEFT PIXELS WITOUT WORKERS: 6
2024-10-12 06:11:46,777 - FuckTory - INFO - AMOUNT OF STARTED WORKERS: 8
2024-10-12 06:11:46,782 - unnamed - INFO - Telegram profile loaded - path: C:\projects\tg_accs\8801745658318\tdata
2024-10-12 06:11:46,787 - unnamed - INFO - Telegram profile loaded - path: C:\projects\tg_accs\15874097035\tdata
2024-10-12 06:11:46,792 - unnamed - INFO - Telegram profile loaded - path: C:\projects\tg_accs\12264558635\tdata
2024-10-12 06:11:46,797 - unnamed - INFO - Telegram profile loaded - path: C:\projects\tg_accs\8801748878172\tdata
2024-10-12 06:11:46,802 - unnamed - INFO - Telegram profile loaded - path: C:\projects\tg_accs\639468092706\tdata
2024-10-12 06:11:46,807 - unnamed - INFO - Telegram profile loaded - path: C:\projects\tg_accs\8801747034955\tdata
2024-10-12 06:11:46,807 - unnamed - INFO - Telegram profile loaded - path: C:\projects\tg_accs\18077006341\tdata
2024-10-12 06:11:46,820 - unnamed - INFO - Telegram profile loaded - path: C:\projects\tg_accs\12264550366\tdata
2024-10-12 06:11:53,491 - unnamed - ERROR - Failed to convert TDATA to Telethon session:
	Path: C:\projects\tg_accs\639468092706\tdata
	Papa Exception -  type: <class 'sqlite3.OperationalError'>, message: database is locked
2024-10-12 06:12:00,379 - unnamed - ERROR - Failed to convert TDATA to Telethon session:
	Path: C:\projects\tg_accs\12264550366\tdata
	Papa Exception -  type: <class 'sqlite3.OperationalError'>, message: database is locked
2024-10-12 06:12:00,379 - unnamed - ERROR - Failed to convert TDATA to Telethon session:
	Path: C:\projects\tg_accs\8801745658318\tdata
	Papa Exception -  type: <class 'asyncio.exceptions.CancelledError'>, message: 
2024-10-12 06:12:00,392 - unnamed - ERROR - Failed to convert TDATA to Telethon session:
	Path: C:\projects\tg_accs\15874097035\tdata
	Papa Exception -  type: <class 'asyncio.exceptions.CancelledError'>, message: 
2024-10-12 06:12:00,395 - unnamed - ERROR - Failed to convert TDATA to Telethon session:
	Path: C:\projects\tg_accs\8801748878172\tdata
	Papa Exception -  type: <class 'asyncio.exceptions.CancelledError'>, message: 
2024-10-12 06:12:00,398 - unnamed - ERROR - Failed to convert TDATA to Telethon session:
	Path: C:\projects\tg_accs\12264558635\tdata
	Papa Exception -  type: <class 'asyncio.exceptions.CancelledError'>, message: 
2024-10-12 06:12:00,401 - unnamed - ERROR - Failed to convert TDATA to Telethon session:
	Path: C:\projects\tg_accs\18077006341\tdata
	Papa Exception -  type: <class 'asyncio.exceptions.CancelledError'>, message: 
2024-10-12 06:12:00,402 - unnamed - ERROR - Failed to convert TDATA to Telethon session:
	Path: C:\projects\tg_accs\8801747034955\tdata
	Papa Exception -  type: <class 'asyncio.exceptions.CancelledError'>, message: 
2024-10-12 06:12:00,628 - FuckTory - INFO - CURRENT BAD POINTS 14
2024-10-12 06:12:00,629 - FuckTory - INFO - WORKER 12264550366
2024-10-12 06:12:00,629 - FuckTory - INFO - FREE!
2024-10-12 06:12:00,630 - FuckTory - INFO - WORKER 12264558635
2024-10-12 06:12:00,630 - FuckTory - INFO - FREE!
2024-10-12 06:12:00,630 - FuckTory - INFO - WORKER 15874097035
2024-10-12 06:12:00,631 - FuckTory - INFO - FREE!
2024-10-12 06:12:00,631 - FuckTory - INFO - WORKER 18077006341
2024-10-12 06:12:00,632 - FuckTory - INFO - FREE!
2024-10-12 06:12:00,633 - FuckTory - INFO - WORKER 639468092706
2024-10-12 06:12:00,633 - FuckTory - INFO - FREE!
2024-10-12 06:12:00,633 - FuckTory - INFO - WORKER 8801745658318
2024-10-12 06:12:00,634 - FuckTory - INFO - FREE!
2024-10-12 06:12:00,634 - FuckTory - INFO - WORKER 8801747034955
2024-10-12 06:12:00,635 - FuckTory - INFO - FREE!
2024-10-12 06:12:00,635 - FuckTory - INFO - WORKER 8801748878172
2024-10-12 06:12:00,635 - FuckTory - INFO - FREE!
2024-10-12 06:12:00,636 - FuckTory - INFO - CURRENT NOT LOCKED BAD POINTS 14
2024-10-12 06:12:00,636 - FuckTory - INFO - LEFT PIXELS WITOUT WORKERS: 6
2024-10-12 06:12:00,637 - FuckTory - INFO - AMOUNT OF STARTED WORKERS: 8
2024-10-12 06:12:00,641 - unnamed - INFO - Telegram profile loaded - path: C:\projects\tg_accs\8801745658318\tdata
2024-10-12 06:12:00,647 - unnamed - INFO - Telegram profile loaded - path: C:\projects\tg_accs\639468092706\tdata
2024-10-12 06:12:00,653 - unnamed - INFO - Telegram profile loaded - path: C:\projects\tg_accs\8801748878172\tdata
2024-10-12 06:12:00,662 - unnamed - INFO - Telegram profile loaded - path: C:\projects\tg_accs\18077006341\tdata
2024-10-12 06:12:00,667 - unnamed - INFO - Telegram profile loaded - path: C:\projects\tg_accs\8801747034955\tdata
2024-10-12 06:12:00,672 - unnamed - INFO - Telegram profile loaded - path: C:\projects\tg_accs\12264558635\tdata
2024-10-12 06:12:00,677 - unnamed - INFO - Telegram profile loaded - path: C:\projects\tg_accs\12264550366\tdata
2024-10-12 06:12:00,680 - unnamed - INFO - Telegram profile loaded - path: C:\projects\tg_accs\15874097035\tdata
2024-10-12 06:12:07,353 - unnamed - ERROR - Failed to convert TDATA to Telethon session:
	Path: C:\projects\tg_accs\639468092706\tdata
	Papa Exception -  type: <class 'sqlite3.OperationalError'>, message: database is locked
2024-10-12 06:12:07,431 - unnamed - ERROR - Failed to convert TDATA to Telethon session:
	Path: C:\projects\tg_accs\8801745658318\tdata
	Papa Exception -  type: <class 'asyncio.exceptions.CancelledError'>, message: 
2024-10-12 06:12:07,432 - unnamed - ERROR - Failed to convert TDATA to Telethon session:
	Path: C:\projects\tg_accs\8801748878172\tdata
	Papa Exception -  type: <class 'asyncio.exceptions.CancelledError'>, message: 
2024-10-12 06:12:07,433 - unnamed - ERROR - Failed to convert TDATA to Telethon session:
	Path: C:\projects\tg_accs\18077006341\tdata
	Papa Exception -  type: <class 'asyncio.exceptions.CancelledError'>, message: 
2024-10-12 06:12:07,434 - unnamed - ERROR - Failed to convert TDATA to Telethon session:
	Path: C:\projects\tg_accs\8801747034955\tdata
	Papa Exception -  type: <class 'asyncio.exceptions.CancelledError'>, message: 
2024-10-12 06:12:07,435 - unnamed - ERROR - Failed to convert TDATA to Telethon session:
	Path: C:\projects\tg_accs\12264558635\tdata
	Papa Exception -  type: <class 'asyncio.exceptions.CancelledError'>, message: 
2024-10-12 06:12:07,436 - unnamed - ERROR - Failed to convert TDATA to Telethon session:
	Path: C:\projects\tg_accs\12264550366\tdata
	Papa Exception -  type: <class 'asyncio.exceptions.CancelledError'>, message: 
2024-10-12 06:12:07,437 - unnamed - ERROR - Failed to convert TDATA to Telethon session:
	Path: C:\projects\tg_accs\15874097035\tdata
	Papa Exception -  type: <class 'asyncio.exceptions.CancelledError'>, message: 
2024-10-12 06:24:38,973 - FuckTory - INFO - Initialized Fucktory size of (8, 4)
2024-10-12 06:24:38,989 - FuckTory - INFO - Starting periodic function 0
2024-10-12 06:24:41,995 - FuckTory - INFO - len of runs: 1
2024-10-12 06:32:19,208 - FuckTory - INFO - Initialized Fucktory size of (8, 4)
2024-10-12 06:32:19,225 - FuckTory - INFO - Starting periodic function 0
2024-10-12 06:35:01,160 - FuckTory - INFO - Initialized Fucktory size of (8, 4)
2024-10-12 06:35:01,160 - FuckTory - INFO - Starting periodic function 0
2024-10-12 06:36:37,382 - FuckTory - INFO - Initialized Fucktory size of (8, 4)
2024-10-12 06:36:55,210 - FuckTory - INFO - Initialized Fucktory size of (8, 4)
2024-10-12 06:36:55,210 - FuckTory - INFO - Starting periodic function 0
2024-10-12 06:37:15,786 - FuckTory - INFO - Initialized Fucktory size of (8, 4)
2024-10-12 06:37:15,802 - FuckTory - INFO - Starting periodic function 0
2024-10-12 06:37:18,805 - FuckTory - INFO - len of runs: 1
2024-10-12 06:37:18,805 - FuckTory - INFO - len of done runs: 0
2024-10-12 06:37:18,805 - FuckTory - INFO - Starting periodic function 1
2024-10-12 06:37:21,814 - FuckTory - INFO - len of runs: 2
2024-10-12 06:37:21,817 - FuckTory - INFO - len of done runs: 0
2024-10-12 06:37:21,817 - FuckTory - INFO - Starting periodic function 2
2024-10-12 06:37:24,839 - FuckTory - INFO - len of runs: 3
2024-10-12 06:37:24,839 - FuckTory - INFO - len of done runs: 0
2024-10-12 06:37:24,839 - FuckTory - INFO - Starting periodic function 3
2024-10-12 06:37:27,842 - FuckTory - INFO - len of runs: 4
2024-10-12 06:37:27,842 - FuckTory - INFO - len of done runs: 0
2024-10-12 06:37:27,842 - FuckTory - INFO - Starting periodic function 4
2024-10-12 06:37:30,850 - FuckTory - INFO - len of runs: 5
2024-10-12 06:37:30,854 - FuckTory - INFO - len of done runs: 0
2024-10-12 06:37:30,854 - FuckTory - INFO - Starting periodic function 5
2024-10-12 06:37:33,856 - FuckTory - INFO - len of runs: 6
2024-10-12 06:37:33,856 - FuckTory - INFO - len of done runs: 0
2024-10-12 06:37:33,856 - FuckTory - INFO - Starting periodic function 6
2024-10-12 06:37:36,860 - FuckTory - INFO - len of runs: 7
2024-10-12 06:37:36,860 - FuckTory - INFO - len of done runs: 0
2024-10-12 06:37:36,860 - FuckTory - INFO - Starting periodic function 7
2024-10-12 06:37:39,865 - FuckTory - INFO - len of runs: 8
2024-10-12 06:37:39,865 - FuckTory - INFO - len of done runs: 0
2024-10-12 06:37:39,865 - FuckTory - INFO - Starting periodic function 8
2024-10-12 06:37:42,869 - FuckTory - INFO - len of runs: 9
2024-10-12 06:37:42,869 - FuckTory - INFO - len of done runs: 0
2024-10-12 06:37:42,869 - FuckTory - INFO - Starting periodic function 9
2024-10-12 06:40:02,537 - FuckTory - INFO - Initialized Fucktory size of (8, 4)
2024-10-12 06:40:02,553 - FuckTory - INFO - Starting periodic function 0
2024-10-12 06:40:03,133 - FuckTory - INFO - CURRENT BAD POINTS 25
2024-10-12 06:40:03,133 - FuckTory - INFO - WORKER 12264550366
2024-10-12 06:40:03,133 - FuckTory - INFO - FREE!
2024-10-12 06:40:03,133 - FuckTory - INFO - WORKER 12264558635
2024-10-12 06:40:03,133 - FuckTory - INFO - FREE!
2024-10-12 06:40:03,133 - FuckTory - INFO - WORKER 15874097035
2024-10-12 06:40:03,140 - FuckTory - INFO - FREE!
2024-10-12 06:40:03,140 - FuckTory - INFO - WORKER 18077006341
2024-10-12 06:40:03,141 - FuckTory - INFO - FREE!
2024-10-12 06:40:03,141 - FuckTory - INFO - WORKER 639468092706
2024-10-12 06:40:03,141 - FuckTory - INFO - FREE!
2024-10-12 06:40:03,142 - FuckTory - INFO - WORKER 8801745658318
2024-10-12 06:40:03,143 - FuckTory - INFO - FREE!
2024-10-12 06:40:03,143 - FuckTory - INFO - WORKER 8801747034955
2024-10-12 06:40:03,144 - FuckTory - INFO - FREE!
2024-10-12 06:40:03,144 - FuckTory - INFO - WORKER 8801748878172
2024-10-12 06:40:03,145 - FuckTory - INFO - FREE!
2024-10-12 06:40:03,145 - FuckTory - INFO - CURRENT NOT LOCKED BAD POINTS 25
2024-10-12 06:40:03,146 - FuckTory - INFO - LEFT PIXELS WITOUT WORKERS: 17
2024-10-12 06:40:03,146 - FuckTory - INFO - AMOUNT OF STARTED WORKERS: 8
2024-10-12 06:40:03,158 - unnamed - INFO - Telegram profile loaded - path: C:\projects\tg_accs\12264558635\tdata
2024-10-12 06:40:03,169 - unnamed - INFO - Telegram profile loaded - path: C:\projects\tg_accs\18077006341\tdata
2024-10-12 06:40:03,181 - unnamed - INFO - Telegram profile loaded - path: C:\projects\tg_accs\8801747034955\tdata
2024-10-12 06:40:03,199 - unnamed - INFO - Telegram profile loaded - path: C:\projects\tg_accs\15874097035\tdata
2024-10-12 06:40:03,206 - unnamed - INFO - Telegram profile loaded - path: C:\projects\tg_accs\8801748878172\tdata
2024-10-12 06:40:03,218 - unnamed - INFO - Telegram profile loaded - path: C:\projects\tg_accs\12264550366\tdata
2024-10-12 06:40:03,224 - unnamed - INFO - Telegram profile loaded - path: C:\projects\tg_accs\8801745658318\tdata
2024-10-12 06:40:03,224 - unnamed - INFO - Telegram profile loaded - path: C:\projects\tg_accs\639468092706\tdata
2024-10-12 06:40:05,482 - unnamed - INFO - Telegram profile connect success - path: C:\projects\tg_accs\639468092706\tdata, id: 7691084320, username: None, phone: 639468092706
2024-10-12 06:40:05,552 - FuckTory - INFO - len of runs: 1
2024-10-12 06:40:05,553 - FuckTory - INFO - len of done runs: 0
2024-10-12 06:40:05,554 - FuckTory - INFO - Starting periodic function 1
2024-10-12 06:40:05,754 - FuckTory - INFO - CURRENT BAD POINTS 25
2024-10-12 06:40:05,754 - FuckTory - INFO - WORKER 12264550366
2024-10-12 06:40:05,754 - FuckTory - INFO - LOCKED!!
2024-10-12 06:40:05,754 - FuckTory - INFO - WORKER 12264558635
2024-10-12 06:40:05,754 - FuckTory - INFO - LOCKED!!
2024-10-12 06:40:05,754 - FuckTory - INFO - WORKER 15874097035
2024-10-12 06:40:05,754 - FuckTory - INFO - LOCKED!!
2024-10-12 06:40:05,754 - FuckTory - INFO - WORKER 18077006341
2024-10-12 06:40:05,754 - FuckTory - INFO - LOCKED!!
2024-10-12 06:40:05,768 - FuckTory - INFO - WORKER 639468092706
2024-10-12 06:40:05,769 - FuckTory - INFO - LOCKED!!
2024-10-12 06:40:05,769 - FuckTory - INFO - WORKER 8801745658318
2024-10-12 06:40:05,770 - FuckTory - INFO - LOCKED!!
2024-10-12 06:40:05,770 - FuckTory - INFO - WORKER 8801747034955
2024-10-12 06:40:05,770 - FuckTory - INFO - LOCKED!!
2024-10-12 06:40:05,771 - FuckTory - INFO - WORKER 8801748878172
2024-10-12 06:40:05,771 - FuckTory - INFO - LOCKED!!
2024-10-12 06:40:05,772 - FuckTory - INFO - CURRENT NOT LOCKED BAD POINTS 17
2024-10-12 06:40:05,772 - FuckTory - INFO - LEFT PIXELS WITOUT WORKERS: 17
2024-10-12 06:40:05,773 - FuckTory - INFO - AMOUNT OF STARTED WORKERS: 0
2024-10-12 06:40:06,162 - FuckTory - INFO - https://notpx.app/#tgWebAppData=query_id%3DAAEgomxKAwAAACCibEoLzLam%26user%3D%257B%2522id%2522%253A7691084320%252C%2522first_name%2522%253A%2522Stanford%2522%252C%2522last_name%2522%253A%2522Allison%2522%252C%2522language_code%2522%253A%2522en%2522%252C%2522allows_write_to_pm%2522%253Atrue%257D%26auth_date%3D1728729606%26hash%3D6475f3684fbeb0e51475902790fd3b55a18400cdd86c2655dacfacb3d6b95b49&tgWebAppVersion=7.10&tgWebAppPlatform=android&tgWebAppThemeParams=%7B%22accent_text_color%22%3A%22%23168acd%22%2C%22bg_color%22%3A%22%23ffffff%22%2C%22bottom_bar_bg_color%22%3A%22%23ffffff%22%2C%22button_color%22%3A%22%2340a7e3%22%2C%22button_text_color%22%3A%22%23ffffff%22%2C%22destructive_text_color%22%3A%22%23d14e4e%22%2C%22header_bg_color%22%3A%22%23ffffff%22%2C%22hint_color%22%3A%22%23999999%22%2C%22link_color%22%3A%22%23168acd%22%2C%22secondary_bg_color%22%3A%22%23f1f1f1%22%2C%22section_bg_color%22%3A%22%23ffffff%22%2C%22section_header_text_color%22%3A%22%23168acd%22%2C%22section_separator_color%22%3A%22%23e7e7e7%22%2C%22subtitle_text_color%22%3A%22%23999999%22%2C%22text_color%22%3A%22%23000000%22%7D
2024-10-12 06:40:06,162 - 639468092706 - DEBUG - Start GET entry URL
2024-10-12 06:40:08,410 - unnamed - ERROR - Failed to convert TDATA to Telethon session:
	Path: C:\projects\tg_accs\8801747034955\tdata
	Papa Exception -  type: <class 'opentele.exception.TDesktopUnauthorized'>, message: TDesktopUnauthorized: TDesktop client is unauthorized [ Called by FromTDesktop() ]
2024-10-12 06:40:08,426 - unnamed - ERROR - Failed to convert TDATA to Telethon session:
	Path: C:\projects\tg_accs\8801745658318\tdata
	Papa Exception -  type: <class 'opentele.exception.TDesktopUnauthorized'>, message: TDesktopUnauthorized: TDesktop client is unauthorized [ Called by FromTDesktop() ]
2024-10-12 06:40:08,439 - unnamed - ERROR - Failed to convert TDATA to Telethon session:
	Path: C:\projects\tg_accs\8801748878172\tdata
	Papa Exception -  type: <class 'opentele.exception.TDesktopUnauthorized'>, message: TDesktopUnauthorized: TDesktop client is unauthorized [ Called by FromTDesktop() ]
2024-10-12 06:40:08,557 - FuckTory - INFO - len of runs: 2
2024-10-12 06:40:08,558 - FuckTory - INFO - len of done runs: 1
2024-10-12 06:40:08,558 - FuckTory - INFO - Starting periodic function 2
2024-10-12 06:40:08,750 - FuckTory - INFO - CURRENT BAD POINTS 25
2024-10-12 06:40:08,751 - FuckTory - INFO - WORKER 12264550366
2024-10-12 06:40:08,751 - FuckTory - INFO - LOCKED!!
2024-10-12 06:40:08,752 - FuckTory - INFO - WORKER 12264558635
2024-10-12 06:40:08,752 - FuckTory - INFO - LOCKED!!
2024-10-12 06:40:08,754 - FuckTory - INFO - WORKER 15874097035
2024-10-12 06:40:08,754 - FuckTory - INFO - LOCKED!!
2024-10-12 06:40:08,755 - FuckTory - INFO - WORKER 18077006341
2024-10-12 06:40:08,755 - FuckTory - INFO - LOCKED!!
2024-10-12 06:40:08,756 - FuckTory - INFO - WORKER 639468092706
2024-10-12 06:40:08,756 - FuckTory - INFO - LOCKED!!
2024-10-12 06:40:08,757 - FuckTory - INFO - WORKER 8801745658318
2024-10-12 06:40:08,757 - FuckTory - INFO - FREE!
2024-10-12 06:40:08,758 - FuckTory - INFO - WORKER 8801747034955
2024-10-12 06:40:08,758 - FuckTory - INFO - FREE!
2024-10-12 06:40:08,759 - FuckTory - INFO - WORKER 8801748878172
2024-10-12 06:40:08,759 - FuckTory - INFO - FREE!
2024-10-12 06:40:08,760 - FuckTory - INFO - CURRENT NOT LOCKED BAD POINTS 20
2024-10-12 06:40:08,760 - FuckTory - INFO - LEFT PIXELS WITOUT WORKERS: 17
2024-10-12 06:40:08,761 - FuckTory - INFO - AMOUNT OF STARTED WORKERS: 3
2024-10-12 06:40:08,767 - unnamed - INFO - Telegram profile loaded - path: C:\projects\tg_accs\8801748878172\tdata
2024-10-12 06:40:08,772 - unnamed - INFO - Telegram profile loaded - path: C:\projects\tg_accs\8801745658318\tdata
2024-10-12 06:40:08,784 - unnamed - INFO - Telegram profile loaded - path: C:\projects\tg_accs\8801747034955\tdata
2024-10-12 06:40:09,541 - unnamed - INFO - Telegram profile connect success - path: C:\projects\tg_accs\12264558635\tdata, id: 7703582587, username: DeborahLamboy2009, phone: 12264558635
2024-10-12 06:40:09,786 - unnamed - INFO - Telegram profile connect success - path: C:\projects\tg_accs\12264550366\tdata, id: 7596997432, username: TamaraKanahele2022, phone: 12264550366
2024-10-12 06:40:10,391 - FuckTory - INFO - https://notpx.app/#tgWebAppData=query_id%3DAAF7VytLAwAAAHtXK0vBL4b0%26user%3D%257B%2522id%2522%253A7703582587%252C%2522first_name%2522%253A%2522Deborah%2522%252C%2522last_name%2522%253A%2522Lamboy%2522%252C%2522username%2522%253A%2522DeborahLamboy2009%2522%252C%2522language_code%2522%253A%2522en%2522%252C%2522allows_write_to_pm%2522%253Atrue%257D%26auth_date%3D1728729610%26hash%3D4e2909b20c561c92f4200f5ed29b1d2cdff5a665ad7f29ad625ee562bc787a27&tgWebAppVersion=7.10&tgWebAppPlatform=android&tgWebAppThemeParams=%7B%22accent_text_color%22%3A%22%23168acd%22%2C%22bg_color%22%3A%22%23ffffff%22%2C%22bottom_bar_bg_color%22%3A%22%23ffffff%22%2C%22button_color%22%3A%22%2340a7e3%22%2C%22button_text_color%22%3A%22%23ffffff%22%2C%22destructive_text_color%22%3A%22%23d14e4e%22%2C%22header_bg_color%22%3A%22%23ffffff%22%2C%22hint_color%22%3A%22%23999999%22%2C%22link_color%22%3A%22%23168acd%22%2C%22secondary_bg_color%22%3A%22%23f1f1f1%22%2C%22section_bg_color%22%3A%22%23ffffff%22%2C%22section_header_text_color%22%3A%22%23168acd%22%2C%22section_separator_color%22%3A%22%23e7e7e7%22%2C%22subtitle_text_color%22%3A%22%23999999%22%2C%22text_color%22%3A%22%23000000%22%7D
2024-10-12 06:40:10,408 - 12264558635 - DEBUG - Start GET entry URL
2024-10-12 06:40:10,424 - unnamed - INFO - Telegram profile connect success - path: C:\projects\tg_accs\15874097035\tdata, id: 6714712311, username: guapepep, phone: 15874097035
2024-10-12 06:40:10,451 - unnamed - INFO - Telegram profile connect success - path: C:\projects\tg_accs\18077006341\tdata, id: 7515509069, username: JeanneBlair2001, phone: 18077006341
2024-10-12 06:40:10,577 - FuckTory - INFO - https://notpx.app/#tgWebAppData=query_id%3DAAE4-9BEAwAAADj70EQypz9U%26user%3D%257B%2522id%2522%253A7596997432%252C%2522first_name%2522%253A%2522Tamara%2522%252C%2522last_name%2522%253A%2522Kanahele%2522%252C%2522username%2522%253A%2522TamaraKanahele2022%2522%252C%2522language_code%2522%253A%2522en%2522%252C%2522allows_write_to_pm%2522%253Atrue%257D%26auth_date%3D1728729611%26hash%3D363bcdce7ad32d1ea9fcda903e8e6852af4a76103192354533ef6945ca706fae&tgWebAppVersion=7.10&tgWebAppPlatform=android&tgWebAppThemeParams=%7B%22accent_text_color%22%3A%22%23168acd%22%2C%22bg_color%22%3A%22%23ffffff%22%2C%22bottom_bar_bg_color%22%3A%22%23ffffff%22%2C%22button_color%22%3A%22%2340a7e3%22%2C%22button_text_color%22%3A%22%23ffffff%22%2C%22destructive_text_color%22%3A%22%23d14e4e%22%2C%22header_bg_color%22%3A%22%23ffffff%22%2C%22hint_color%22%3A%22%23999999%22%2C%22link_color%22%3A%22%23168acd%22%2C%22secondary_bg_color%22%3A%22%23f1f1f1%22%2C%22section_bg_color%22%3A%22%23ffffff%22%2C%22section_header_text_color%22%3A%22%23168acd%22%2C%22section_separator_color%22%3A%22%23e7e7e7%22%2C%22subtitle_text_color%22%3A%22%23999999%22%2C%22text_color%22%3A%22%23000000%22%7D
2024-10-12 06:40:10,581 - 12264550366 - DEBUG - Start GET entry URL
2024-10-12 06:40:11,269 - FuckTory - INFO - https://notpx.app/#tgWebAppData=query_id%3DAAH3YDoQAwAAAPdgOhAWBmt3%26user%3D%257B%2522id%2522%253A6714712311%252C%2522first_name%2522%253A%2522Catherine%2522%252C%2522last_name%2522%253A%2522Martin%2522%252C%2522username%2522%253A%2522guapepep%2522%252C%2522language_code%2522%253A%2522en%2522%252C%2522allows_write_to_pm%2522%253Atrue%257D%26auth_date%3D1728729611%26hash%3D0338f99e82500aedd0e0dacc81011acd15af5e8c858ac609425fce6127d2bb05&tgWebAppVersion=7.10&tgWebAppPlatform=android&tgWebAppThemeParams=%7B%22accent_text_color%22%3A%22%23168acd%22%2C%22bg_color%22%3A%22%23ffffff%22%2C%22bottom_bar_bg_color%22%3A%22%23ffffff%22%2C%22button_color%22%3A%22%2340a7e3%22%2C%22button_text_color%22%3A%22%23ffffff%22%2C%22destructive_text_color%22%3A%22%23d14e4e%22%2C%22header_bg_color%22%3A%22%23ffffff%22%2C%22hint_color%22%3A%22%23999999%22%2C%22link_color%22%3A%22%23168acd%22%2C%22secondary_bg_color%22%3A%22%23f1f1f1%22%2C%22section_bg_color%22%3A%22%23ffffff%22%2C%22section_header_text_color%22%3A%22%23168acd%22%2C%22section_separator_color%22%3A%22%23e7e7e7%22%2C%22subtitle_text_color%22%3A%22%23999999%22%2C%22text_color%22%3A%22%23000000%22%7D
2024-10-12 06:40:11,278 - 15874097035 - DEBUG - Start GET entry URL
2024-10-12 06:40:11,290 - FuckTory - INFO - https://notpx.app/#tgWebAppData=query_id%3DAAFNkfU_AwAAAE2R9T9P6MHP%26user%3D%257B%2522id%2522%253A7515509069%252C%2522first_name%2522%253A%2522Jeanne%2522%252C%2522last_name%2522%253A%2522Blair%2522%252C%2522username%2522%253A%2522JeanneBlair2001%2522%252C%2522language_code%2522%253A%2522en%2522%252C%2522allows_write_to_pm%2522%253Atrue%257D%26auth_date%3D1728729611%26hash%3D2533ab02c8d957febf34ccec25c2716f5cf0d7df1e86e8aba38d0e158d58c981&tgWebAppVersion=7.10&tgWebAppPlatform=android&tgWebAppThemeParams=%7B%22accent_text_color%22%3A%22%23168acd%22%2C%22bg_color%22%3A%22%23ffffff%22%2C%22bottom_bar_bg_color%22%3A%22%23ffffff%22%2C%22button_color%22%3A%22%2340a7e3%22%2C%22button_text_color%22%3A%22%23ffffff%22%2C%22destructive_text_color%22%3A%22%23d14e4e%22%2C%22header_bg_color%22%3A%22%23ffffff%22%2C%22hint_color%22%3A%22%23999999%22%2C%22link_color%22%3A%22%23168acd%22%2C%22secondary_bg_color%22%3A%22%23f1f1f1%22%2C%22section_bg_color%22%3A%22%23ffffff%22%2C%22section_header_text_color%22%3A%22%23168acd%22%2C%22section_separator_color%22%3A%22%23e7e7e7%22%2C%22subtitle_text_color%22%3A%22%23999999%22%2C%22text_color%22%3A%22%23000000%22%7D
2024-10-12 06:40:11,295 - 18077006341 - DEBUG - Start GET entry URL
2024-10-12 06:40:11,563 - FuckTory - INFO - len of runs: 3
2024-10-12 06:40:11,564 - FuckTory - INFO - len of done runs: 1
2024-10-12 06:40:11,565 - FuckTory - INFO - Starting periodic function 3
2024-10-12 06:40:11,802 - FuckTory - INFO - CURRENT BAD POINTS 25
2024-10-12 06:40:11,803 - FuckTory - INFO - WORKER 12264550366
2024-10-12 06:40:11,803 - FuckTory - INFO - LOCKED!!
2024-10-12 06:40:11,804 - FuckTory - INFO - WORKER 12264558635
2024-10-12 06:40:11,805 - FuckTory - INFO - LOCKED!!
2024-10-12 06:40:11,806 - FuckTory - INFO - WORKER 15874097035
2024-10-12 06:40:11,806 - FuckTory - INFO - LOCKED!!
2024-10-12 06:40:11,806 - FuckTory - INFO - WORKER 18077006341
2024-10-12 06:40:11,806 - FuckTory - INFO - LOCKED!!
2024-10-12 06:40:11,806 - FuckTory - INFO - WORKER 639468092706
2024-10-12 06:40:11,806 - FuckTory - INFO - LOCKED!!
2024-10-12 06:40:11,806 - FuckTory - INFO - WORKER 8801745658318
2024-10-12 06:40:11,806 - FuckTory - INFO - LOCKED!!
2024-10-12 06:40:11,806 - FuckTory - INFO - WORKER 8801747034955
2024-10-12 06:40:11,806 - FuckTory - INFO - LOCKED!!
2024-10-12 06:40:11,806 - FuckTory - INFO - WORKER 8801748878172
2024-10-12 06:40:11,806 - FuckTory - INFO - LOCKED!!
2024-10-12 06:40:11,806 - FuckTory - INFO - CURRENT NOT LOCKED BAD POINTS 17
2024-10-12 06:40:11,806 - FuckTory - INFO - LEFT PIXELS WITOUT WORKERS: 17
2024-10-12 06:40:11,814 - FuckTory - INFO - AMOUNT OF STARTED WORKERS: 0
2024-10-12 06:40:12,364 - unnamed - ERROR - Failed to convert TDATA to Telethon session:
	Path: C:\projects\tg_accs\8801745658318\tdata
	Papa Exception -  type: <class 'opentele.exception.TDesktopUnauthorized'>, message: TDesktopUnauthorized: TDesktop client is unauthorized [ Called by FromTDesktop() ]
2024-10-12 06:40:12,444 - unnamed - ERROR - Failed to convert TDATA to Telethon session:
	Path: C:\projects\tg_accs\8801747034955\tdata
	Papa Exception -  type: <class 'opentele.exception.TDesktopUnauthorized'>, message: TDesktopUnauthorized: TDesktop client is unauthorized [ Called by FromTDesktop() ]
2024-10-12 06:40:12,478 - unnamed - ERROR - Failed to convert TDATA to Telethon session:
	Path: C:\projects\tg_accs\8801748878172\tdata
	Papa Exception -  type: <class 'opentele.exception.TDesktopUnauthorized'>, message: TDesktopUnauthorized: TDesktop client is unauthorized [ Called by FromTDesktop() ]
2024-10-12 06:40:12,907 - unnamed - ERROR - Bad HTTP status:
	Url: https://notpx.app/#tgWebAppData=query_id%3DAAF7VytLAwAAAHtXK0vBL4b0%26user%3D%257B%2522id%2522%253A7703582587%252C%2522first_name%2522%253A%2522Deborah%2522%252C%2522last_name%2522%253A%2522Lamboy%2522%252C%2522username%2522%253A%2522DeborahLamboy2009%2522%252C%2522language_code%2522%253A%2522en%2522%252C%2522allows_write_to_pm%2522%253Atrue%257D%26auth_date%3D1728729610%26hash%3D4e2909b20c561c92f4200f5ed29b1d2cdff5a665ad7f29ad625ee562bc787a27&tgWebAppVersion=7.10&tgWebAppPlatform=android&tgWebAppThemeParams=%7B%22accent_text_color%22%3A%22%23168acd%22%2C%22bg_color%22%3A%22%23ffffff%22%2C%22bottom_bar_bg_color%22%3A%22%23ffffff%22%2C%22button_color%22%3A%22%2340a7e3%22%2C%22button_text_color%22%3A%22%23ffffff%22%2C%22destructive_text_color%22%3A%22%23d14e4e%22%2C%22header_bg_color%22%3A%22%23ffffff%22%2C%22hint_color%22%3A%22%23999999%22%2C%22link_color%22%3A%22%23168acd%22%2C%22secondary_bg_color%22%3A%22%23f1f1f1%22%2C%22section_bg_color%22%3A%22%23ffffff%22%2C%22section_header_text_color%22%3A%22%23168acd%22%2C%22section_separator_color%22%3A%22%23e7e7e7%22%2C%22subtitle_text_color%22%3A%22%23999999%22%2C%22text_color%22%3A%22%23000000%22%7D
	Proxy: socks5://07196708-zone-custom-region-CA-city-toronto-sessid-z0XjjaRn-sessTime-120:6pGOVG0G@f.proxys5.net:6200	Status: 504
2024-10-12 06:40:12,921 - unnamed - ERROR - Failed HTTP request:
	Url: https://notpx.app/#tgWebAppData=query_id%3DAAF7VytLAwAAAHtXK0vBL4b0%26user%3D%257B%2522id%2522%253A7703582587%252C%2522first_name%2522%253A%2522Deborah%2522%252C%2522last_name%2522%253A%2522Lamboy%2522%252C%2522username%2522%253A%2522DeborahLamboy2009%2522%252C%2522language_code%2522%253A%2522en%2522%252C%2522allows_write_to_pm%2522%253Atrue%257D%26auth_date%3D1728729610%26hash%3D4e2909b20c561c92f4200f5ed29b1d2cdff5a665ad7f29ad625ee562bc787a27&tgWebAppVersion=7.10&tgWebAppPlatform=android&tgWebAppThemeParams=%7B%22accent_text_color%22%3A%22%23168acd%22%2C%22bg_color%22%3A%22%23ffffff%22%2C%22bottom_bar_bg_color%22%3A%22%23ffffff%22%2C%22button_color%22%3A%22%2340a7e3%22%2C%22button_text_color%22%3A%22%23ffffff%22%2C%22destructive_text_color%22%3A%22%23d14e4e%22%2C%22header_bg_color%22%3A%22%23ffffff%22%2C%22hint_color%22%3A%22%23999999%22%2C%22link_color%22%3A%22%23168acd%22%2C%22secondary_bg_color%22%3A%22%23f1f1f1%22%2C%22section_bg_color%22%3A%22%23ffffff%22%2C%22section_header_text_color%22%3A%22%23168acd%22%2C%22section_separator_color%22%3A%22%23e7e7e7%22%2C%22subtitle_text_color%22%3A%22%23999999%22%2C%22text_color%22%3A%22%23000000%22%7D
	Proxy: socks5://07196708-zone-custom-region-CA-city-toronto-sessid-z0XjjaRn-sessTime-120:6pGOVG0G@f.proxys5.net:6200	Papa Exception -  type: <class 'exceptions.BadStatus'>, message: Bad HTTP status:
	Url: https://notpx.app/#tgWebAppData=query_id%3DAAF7VytLAwAAAHtXK0vBL4b0%26user%3D%257B%2522id%2522%253A7703582587%252C%2522first_name%2522%253A%2522Deborah%2522%252C%2522last_name%2522%253A%2522Lamboy%2522%252C%2522username%2522%253A%2522DeborahLamboy2009%2522%252C%2522language_code%2522%253A%2522en%2522%252C%2522allows_write_to_pm%2522%253Atrue%257D%26auth_date%3D1728729610%26hash%3D4e2909b20c561c92f4200f5ed29b1d2cdff5a665ad7f29ad625ee562bc787a27&tgWebAppVersion=7.10&tgWebAppPlatform=android&tgWebAppThemeParams=%7B%22accent_text_color%22%3A%22%23168acd%22%2C%22bg_color%22%3A%22%23ffffff%22%2C%22bottom_bar_bg_color%22%3A%22%23ffffff%22%2C%22button_color%22%3A%22%2340a7e3%22%2C%22button_text_color%22%3A%22%23ffffff%22%2C%22destructive_text_color%22%3A%22%23d14e4e%22%2C%22header_bg_color%22%3A%22%23ffffff%22%2C%22hint_color%22%3A%22%23999999%22%2C%22link_color%22%3A%22%23168acd%22%2C%22secondary_bg_color%22%3A%22%23f1f1f1%22%2C%22section_bg_color%22%3A%22%23ffffff%22%2C%22section_header_text_color%22%3A%22%23168acd%22%2C%22section_separator_color%22%3A%22%23e7e7e7%22%2C%22subtitle_text_color%22%3A%22%23999999%22%2C%22text_color%22%3A%22%23000000%22%7D
	Proxy: socks5://07196708-zone-custom-region-CA-city-toronto-sessid-z0XjjaRn-sessTime-120:6pGOVG0G@f.proxys5.net:6200	Status: 504
2024-10-12 06:40:14,559 - FuckTory - INFO - len of runs: 4
2024-10-12 06:40:14,561 - FuckTory - INFO - len of done runs: 3
2024-10-12 06:40:14,562 - FuckTory - INFO - Starting periodic function 4
2024-10-12 06:40:14,755 - FuckTory - INFO - CURRENT BAD POINTS 25
2024-10-12 06:40:14,756 - FuckTory - INFO - WORKER 12264550366
2024-10-12 06:40:14,757 - FuckTory - INFO - LOCKED!!
2024-10-12 06:40:14,757 - FuckTory - INFO - WORKER 12264558635
2024-10-12 06:40:14,758 - FuckTory - INFO - FREE!
2024-10-12 06:40:14,758 - FuckTory - INFO - WORKER 15874097035
2024-10-12 06:40:14,759 - FuckTory - INFO - LOCKED!!
2024-10-12 06:40:14,760 - FuckTory - INFO - WORKER 18077006341
2024-10-12 06:40:14,760 - FuckTory - INFO - LOCKED!!
2024-10-12 06:40:14,761 - FuckTory - INFO - WORKER 639468092706
2024-10-12 06:40:14,761 - FuckTory - INFO - LOCKED!!
2024-10-12 06:40:14,762 - FuckTory - INFO - WORKER 8801745658318
2024-10-12 06:40:14,762 - FuckTory - INFO - FREE!
2024-10-12 06:40:14,763 - FuckTory - INFO - WORKER 8801747034955
2024-10-12 06:40:14,763 - FuckTory - INFO - FREE!
2024-10-12 06:40:14,764 - FuckTory - INFO - WORKER 8801748878172
2024-10-12 06:40:14,764 - FuckTory - INFO - FREE!
2024-10-12 06:40:14,765 - FuckTory - INFO - CURRENT NOT LOCKED BAD POINTS 21
2024-10-12 06:40:14,765 - FuckTory - INFO - LEFT PIXELS WITOUT WORKERS: 17
2024-10-12 06:40:14,766 - FuckTory - INFO - AMOUNT OF STARTED WORKERS: 4
2024-10-12 06:40:14,772 - unnamed - INFO - Telegram profile loaded - path: C:\projects\tg_accs\8801745658318\tdata
2024-10-12 06:40:14,777 - unnamed - INFO - Telegram profile loaded - path: C:\projects\tg_accs\12264558635\tdata
2024-10-12 06:40:14,790 - unnamed - INFO - Telegram profile loaded - path: C:\projects\tg_accs\8801748878172\tdata
2024-10-12 06:40:14,805 - unnamed - INFO - Telegram profile loaded - path: C:\projects\tg_accs\8801747034955\tdata
2024-10-12 06:40:15,815 - 639468092706 - INFO - Finish GET entry URL GET, status: 200, content len: 6121
2024-10-12 06:40:15,817 - 639468092706 - DEBUG - Start GET account status
2024-10-12 06:40:17,564 - FuckTory - INFO - len of runs: 5
2024-10-12 06:40:17,565 - FuckTory - INFO - len of done runs: 3
2024-10-12 06:40:17,566 - FuckTory - INFO - Starting periodic function 5
2024-10-12 06:40:17,743 - FuckTory - INFO - CURRENT BAD POINTS 25
2024-10-12 06:40:17,744 - FuckTory - INFO - WORKER 12264550366
2024-10-12 06:40:17,745 - FuckTory - INFO - LOCKED!!
2024-10-12 06:40:17,746 - FuckTory - INFO - WORKER 12264558635
2024-10-12 06:40:17,746 - FuckTory - INFO - LOCKED!!
2024-10-12 06:40:17,747 - FuckTory - INFO - WORKER 15874097035
2024-10-12 06:40:17,747 - FuckTory - INFO - LOCKED!!
2024-10-12 06:40:17,748 - FuckTory - INFO - WORKER 18077006341
2024-10-12 06:40:17,748 - FuckTory - INFO - LOCKED!!
2024-10-12 06:40:17,748 - FuckTory - INFO - WORKER 639468092706
2024-10-12 06:40:17,749 - FuckTory - INFO - LOCKED!!
2024-10-12 06:40:17,750 - FuckTory - INFO - WORKER 8801745658318
2024-10-12 06:40:17,750 - FuckTory - INFO - LOCKED!!
2024-10-12 06:40:17,750 - FuckTory - INFO - WORKER 8801747034955
2024-10-12 06:40:17,751 - FuckTory - INFO - LOCKED!!
2024-10-12 06:40:17,751 - FuckTory - INFO - WORKER 8801748878172
2024-10-12 06:40:17,751 - FuckTory - INFO - LOCKED!!
2024-10-12 06:40:17,752 - FuckTory - INFO - CURRENT NOT LOCKED BAD POINTS 17
2024-10-12 06:40:17,752 - FuckTory - INFO - LEFT PIXELS WITOUT WORKERS: 17
2024-10-12 06:40:17,753 - FuckTory - INFO - AMOUNT OF STARTED WORKERS: 0
2024-10-12 06:40:23,302 - unnamed - ERROR - Failed to convert TDATA to Telethon session:
	Path: C:\projects\tg_accs\12264558635\tdata
	Papa Exception -  type: <class 'sqlite3.OperationalError'>, message: database is locked
2024-10-12 06:40:23,376 - FuckTory - INFO - len of runs: 6
2024-10-12 06:40:23,397 - FuckTory - INFO - len of done runs: 4
2024-10-12 06:40:23,408 - FuckTory - INFO - Starting periodic function 6
2024-10-12 06:40:23,422 - 15874097035 - INFO - Finish GET entry URL GET, status: 200, content len: 6121
2024-10-12 06:40:23,424 - 15874097035 - DEBUG - Start GET account status
2024-10-12 06:40:23,446 - 12264550366 - INFO - Finish GET entry URL GET, status: 200, content len: 6121
2024-10-12 06:40:23,452 - 12264550366 - DEBUG - Start GET account status
2024-10-12 06:40:23,454 - 18077006341 - INFO - Finish GET entry URL GET, status: 200, content len: 6121
2024-10-12 06:40:23,455 - 18077006341 - DEBUG - Start GET account status
2024-10-12 06:40:23,691 - FuckTory - INFO - CURRENT BAD POINTS 25
2024-10-12 06:40:23,709 - unnamed - ERROR - Failed to convert TDATA to Telethon session:
	Path: C:\projects\tg_accs\8801748878172\tdata
	Papa Exception -  type: <class 'opentele.exception.TDesktopUnauthorized'>, message: TDesktopUnauthorized: TDesktop client is unauthorized [ Called by FromTDesktop() ]
2024-10-12 06:40:23,723 - FuckTory - INFO - WORKER 12264550366
2024-10-12 06:40:23,724 - FuckTory - INFO - LOCKED!!
2024-10-12 06:40:23,724 - FuckTory - INFO - WORKER 12264558635
2024-10-12 06:40:23,725 - FuckTory - INFO - FREE!
2024-10-12 06:40:23,725 - FuckTory - INFO - WORKER 15874097035
2024-10-12 06:40:23,725 - FuckTory - INFO - LOCKED!!
2024-10-12 06:40:23,726 - FuckTory - INFO - WORKER 18077006341
2024-10-12 06:40:23,726 - FuckTory - INFO - LOCKED!!
2024-10-12 06:40:23,727 - FuckTory - INFO - WORKER 639468092706
2024-10-12 06:40:23,727 - FuckTory - INFO - LOCKED!!
2024-10-12 06:40:23,728 - FuckTory - INFO - WORKER 8801745658318
2024-10-12 06:40:23,728 - FuckTory - INFO - LOCKED!!
2024-10-12 06:40:23,729 - FuckTory - INFO - WORKER 8801747034955
2024-10-12 06:40:23,729 - FuckTory - INFO - LOCKED!!
2024-10-12 06:40:23,730 - FuckTory - INFO - WORKER 8801748878172
2024-10-12 06:40:23,730 - FuckTory - INFO - FREE!
2024-10-12 06:40:23,731 - FuckTory - INFO - CURRENT NOT LOCKED BAD POINTS 19
2024-10-12 06:40:23,731 - FuckTory - INFO - LEFT PIXELS WITOUT WORKERS: 17
2024-10-12 06:40:23,732 - FuckTory - INFO - AMOUNT OF STARTED WORKERS: 2
2024-10-12 06:40:23,741 - unnamed - INFO - Telegram profile loaded - path: C:\projects\tg_accs\8801748878172\tdata
2024-10-12 06:40:23,749 - unnamed - INFO - Telegram profile loaded - path: C:\projects\tg_accs\12264558635\tdata
2024-10-12 06:40:24,270 - unnamed - ERROR - Failed to convert TDATA to Telethon session:
	Path: C:\projects\tg_accs\8801745658318\tdata
	Papa Exception -  type: <class 'opentele.exception.TDesktopUnauthorized'>, message: TDesktopUnauthorized: TDesktop client is unauthorized [ Called by FromTDesktop() ]
2024-10-12 06:40:24,367 - unnamed - ERROR - Failed to convert TDATA to Telethon session:
	Path: C:\projects\tg_accs\8801747034955\tdata
	Papa Exception -  type: <class 'opentele.exception.TDesktopUnauthorized'>, message: TDesktopUnauthorized: TDesktop client is unauthorized [ Called by FromTDesktop() ]
2024-10-12 06:40:25,568 - 639468092706 - INFO - Finish GET account state, status: 200, content: b'{"coins":0.00011199999999999998,"speedPerSecond":0.0000105,"fromStart":1780,"fromUpdate":0,"maxMiningTime":28800,"claimed":0,"boosts":{"energyLimit":2,"paintReward":2,"reChargeSpeed":2},"repaintsTotal":9,"userBalance":2.171525666666663,"activated":true,"league":"silver","charges":5,"maxCharges":12,"reChargeTimer":175021,"reChargeSpeed":570000,"goods":{},"tasks":{}}\n' content len: 368
2024-10-12 06:40:25,568 - 639468092706 - DEBUG - Start CLAIM
2024-10-12 06:40:31,807 - unnamed - ERROR - Failed to convert TDATA to Telethon session:
	Path: C:\projects\tg_accs\12264558635\tdata
	Papa Exception -  type: <class 'sqlite3.OperationalError'>, message: database is locked
2024-10-12 06:40:31,867 - unnamed - ERROR - Failed to convert TDATA to Telethon session:
	Path: C:\projects\tg_accs\8801748878172\tdata
	Papa Exception -  type: <class 'asyncio.exceptions.CancelledError'>, message: 
2024-10-12 06:41:46,207 - FuckTory - INFO - Initialized Fucktory size of (8, 4)
2024-10-12 06:41:46,223 - FuckTory - INFO - Starting periodic function 0
2024-10-12 06:41:46,487 - FuckTory - INFO - CURRENT BAD POINTS 27
2024-10-12 06:41:46,487 - FuckTory - INFO - WORKER 12264550366
2024-10-12 06:41:46,487 - FuckTory - INFO - FREE!
2024-10-12 06:41:46,487 - FuckTory - INFO - WORKER 12264558635
2024-10-12 06:41:46,487 - FuckTory - INFO - FREE!
2024-10-12 06:41:46,490 - FuckTory - INFO - WORKER 15874097035
2024-10-12 06:41:46,491 - FuckTory - INFO - FREE!
2024-10-12 06:41:46,491 - FuckTory - INFO - WORKER 18077006341
2024-10-12 06:41:46,491 - FuckTory - INFO - FREE!
2024-10-12 06:41:46,492 - FuckTory - INFO - WORKER 639468092706
2024-10-12 06:41:46,492 - FuckTory - INFO - FREE!
2024-10-12 06:41:46,493 - FuckTory - INFO - WORKER 8801745658318
2024-10-12 06:41:46,494 - FuckTory - INFO - FREE!
2024-10-12 06:41:46,494 - FuckTory - INFO - WORKER 8801747034955
2024-10-12 06:41:46,495 - FuckTory - INFO - FREE!
2024-10-12 06:41:46,495 - FuckTory - INFO - WORKER 8801748878172
2024-10-12 06:41:46,495 - FuckTory - INFO - FREE!
2024-10-12 06:41:46,496 - FuckTory - INFO - CURRENT NOT LOCKED BAD POINTS 27
2024-10-12 06:41:46,496 - FuckTory - INFO - LEFT PIXELS WITOUT WORKERS: 19
2024-10-12 06:41:46,497 - FuckTory - INFO - AMOUNT OF STARTED WORKERS: 8
2024-10-12 06:41:46,508 - unnamed - INFO - Telegram profile loaded - path: C:\projects\tg_accs\12264550366\tdata
2024-10-12 06:41:46,523 - unnamed - INFO - Telegram profile loaded - path: C:\projects\tg_accs\12264558635\tdata
2024-10-12 06:41:46,532 - unnamed - INFO - Telegram profile loaded - path: C:\projects\tg_accs\15874097035\tdata
2024-10-12 06:41:46,562 - unnamed - INFO - Telegram profile loaded - path: C:\projects\tg_accs\8801745658318\tdata
2024-10-12 06:41:46,582 - unnamed - INFO - Telegram profile loaded - path: C:\projects\tg_accs\639468092706\tdata
2024-10-12 06:41:46,603 - unnamed - INFO - Telegram profile loaded - path: C:\projects\tg_accs\18077006341\tdata
2024-10-12 06:41:46,612 - unnamed - INFO - Telegram profile loaded - path: C:\projects\tg_accs\8801747034955\tdata
2024-10-12 06:41:46,618 - unnamed - INFO - Telegram profile loaded - path: C:\projects\tg_accs\8801748878172\tdata
2024-10-12 06:41:48,770 - unnamed - INFO - Telegram profile connect success - path: C:\projects\tg_accs\639468092706\tdata, id: 7691084320, username: None, phone: 639468092706
2024-10-12 06:41:49,226 - FuckTory - INFO - len of runs: 1
2024-10-12 06:41:49,226 - FuckTory - INFO - len of done runs: 0
2024-10-12 06:41:49,226 - FuckTory - INFO - Starting periodic function 1
2024-10-12 06:41:49,460 - FuckTory - INFO - CURRENT BAD POINTS 27
2024-10-12 06:41:49,461 - FuckTory - INFO - WORKER 12264550366
2024-10-12 06:41:49,461 - FuckTory - INFO - LOCKED!!
2024-10-12 06:41:49,462 - FuckTory - INFO - WORKER 12264558635
2024-10-12 06:41:49,463 - FuckTory - INFO - LOCKED!!
2024-10-12 06:41:49,464 - FuckTory - INFO - WORKER 15874097035
2024-10-12 06:41:49,464 - FuckTory - INFO - LOCKED!!
2024-10-12 06:41:49,465 - FuckTory - INFO - WORKER 18077006341
2024-10-12 06:41:49,465 - FuckTory - INFO - LOCKED!!
2024-10-12 06:41:49,466 - FuckTory - INFO - WORKER 639468092706
2024-10-12 06:41:49,466 - FuckTory - INFO - LOCKED!!
2024-10-12 06:41:49,467 - FuckTory - INFO - WORKER 8801745658318
2024-10-12 06:41:49,467 - FuckTory - INFO - LOCKED!!
2024-10-12 06:41:49,468 - FuckTory - INFO - WORKER 8801747034955
2024-10-12 06:41:49,468 - FuckTory - INFO - LOCKED!!
2024-10-12 06:41:49,469 - FuckTory - INFO - WORKER 8801748878172
2024-10-12 06:41:49,469 - FuckTory - INFO - LOCKED!!
2024-10-12 06:41:49,470 - FuckTory - INFO - CURRENT NOT LOCKED BAD POINTS 19
2024-10-12 06:41:49,471 - FuckTory - INFO - LEFT PIXELS WITOUT WORKERS: 19
2024-10-12 06:41:49,472 - FuckTory - INFO - AMOUNT OF STARTED WORKERS: 0
2024-10-12 06:41:49,495 - FuckTory - INFO - https://notpx.app/#tgWebAppData=query_id%3DAAEgomxKAwAAACCibEqA4s9B%26user%3D%257B%2522id%2522%253A7691084320%252C%2522first_name%2522%253A%2522Stanford%2522%252C%2522last_name%2522%253A%2522Allison%2522%252C%2522language_code%2522%253A%2522en%2522%252C%2522allows_write_to_pm%2522%253Atrue%257D%26auth_date%3D1728729709%26hash%3Da4e9d400fc44dbf7bcc3c1b4152f5b6ed9e0cc8ec84556f57772b581606a7b17&tgWebAppVersion=7.10&tgWebAppPlatform=android&tgWebAppThemeParams=%7B%22accent_text_color%22%3A%22%23168acd%22%2C%22bg_color%22%3A%22%23ffffff%22%2C%22bottom_bar_bg_color%22%3A%22%23ffffff%22%2C%22button_color%22%3A%22%2340a7e3%22%2C%22button_text_color%22%3A%22%23ffffff%22%2C%22destructive_text_color%22%3A%22%23d14e4e%22%2C%22header_bg_color%22%3A%22%23ffffff%22%2C%22hint_color%22%3A%22%23999999%22%2C%22link_color%22%3A%22%23168acd%22%2C%22secondary_bg_color%22%3A%22%23f1f1f1%22%2C%22section_bg_color%22%3A%22%23ffffff%22%2C%22section_header_text_color%22%3A%22%23168acd%22%2C%22section_separator_color%22%3A%22%23e7e7e7%22%2C%22subtitle_text_color%22%3A%22%23999999%22%2C%22text_color%22%3A%22%23000000%22%7D
2024-10-12 06:41:49,498 - 639468092706 - DEBUG - Start GET entry URL
2024-10-12 06:41:50,896 - unnamed - ERROR - Failed to convert TDATA to Telethon session:
	Path: C:\projects\tg_accs\8801748878172\tdata
	Papa Exception -  type: <class 'opentele.exception.TDesktopUnauthorized'>, message: TDesktopUnauthorized: TDesktop client is unauthorized [ Called by FromTDesktop() ]
2024-10-12 06:41:50,922 - unnamed - ERROR - Failed to convert TDATA to Telethon session:
	Path: C:\projects\tg_accs\8801747034955\tdata
	Papa Exception -  type: <class 'opentele.exception.TDesktopUnauthorized'>, message: TDesktopUnauthorized: TDesktop client is unauthorized [ Called by FromTDesktop() ]
2024-10-12 06:41:50,935 - unnamed - ERROR - Failed to convert TDATA to Telethon session:
	Path: C:\projects\tg_accs\8801745658318\tdata
	Papa Exception -  type: <class 'opentele.exception.TDesktopUnauthorized'>, message: TDesktopUnauthorized: TDesktop client is unauthorized [ Called by FromTDesktop() ]
2024-10-12 06:41:52,255 - FuckTory - INFO - len of runs: 2
2024-10-12 06:41:52,255 - FuckTory - INFO - len of done runs: 1
2024-10-12 06:41:52,255 - FuckTory - INFO - Starting periodic function 2
2024-10-12 06:41:52,425 - FuckTory - INFO - CURRENT BAD POINTS 27
2024-10-12 06:41:52,432 - FuckTory - INFO - WORKER 12264550366
2024-10-12 06:41:52,434 - FuckTory - INFO - LOCKED!!
2024-10-12 06:41:52,434 - FuckTory - INFO - WORKER 12264558635
2024-10-12 06:41:52,435 - FuckTory - INFO - LOCKED!!
2024-10-12 06:41:52,435 - FuckTory - INFO - WORKER 15874097035
2024-10-12 06:41:52,436 - FuckTory - INFO - LOCKED!!
2024-10-12 06:41:52,436 - FuckTory - INFO - WORKER 18077006341
2024-10-12 06:41:52,437 - FuckTory - INFO - LOCKED!!
2024-10-12 06:41:52,437 - FuckTory - INFO - WORKER 639468092706
2024-10-12 06:41:52,438 - FuckTory - INFO - LOCKED!!
2024-10-12 06:41:52,438 - FuckTory - INFO - WORKER 8801745658318
2024-10-12 06:41:52,439 - FuckTory - INFO - FREE!
2024-10-12 06:41:52,439 - FuckTory - INFO - WORKER 8801747034955
2024-10-12 06:41:52,440 - FuckTory - INFO - FREE!
2024-10-12 06:41:52,441 - FuckTory - INFO - WORKER 8801748878172
2024-10-12 06:41:52,441 - FuckTory - INFO - FREE!
2024-10-12 06:41:52,442 - FuckTory - INFO - CURRENT NOT LOCKED BAD POINTS 22
2024-10-12 06:41:52,442 - FuckTory - INFO - LEFT PIXELS WITOUT WORKERS: 19
2024-10-12 06:41:52,442 - FuckTory - INFO - AMOUNT OF STARTED WORKERS: 3
2024-10-12 06:41:52,443 - unnamed - INFO - Telegram profile connect success - path: C:\projects\tg_accs\12264550366\tdata, id: 7596997432, username: TamaraKanahele2022, phone: 12264550366
2024-10-12 06:41:52,449 - unnamed - INFO - Telegram profile loaded - path: C:\projects\tg_accs\8801745658318\tdata
2024-10-12 06:41:52,455 - unnamed - INFO - Telegram profile loaded - path: C:\projects\tg_accs\8801747034955\tdata
2024-10-12 06:41:52,466 - unnamed - INFO - Telegram profile loaded - path: C:\projects\tg_accs\8801748878172\tdata
2024-10-12 06:41:52,611 - unnamed - INFO - Telegram profile connect success - path: C:\projects\tg_accs\15874097035\tdata, id: 6714712311, username: guapepep, phone: 15874097035
2024-10-12 06:41:52,818 - unnamed - INFO - Telegram profile connect success - path: C:\projects\tg_accs\18077006341\tdata, id: 7515509069, username: JeanneBlair2001, phone: 18077006341
2024-10-12 06:41:52,886 - unnamed - INFO - Telegram profile connect success - path: C:\projects\tg_accs\12264558635\tdata, id: 7703582587, username: DeborahLamboy2009, phone: 12264558635
2024-10-12 06:41:53,238 - FuckTory - INFO - https://notpx.app/#tgWebAppData=query_id%3DAAE4-9BEAwAAADj70ES_GrNf%26user%3D%257B%2522id%2522%253A7596997432%252C%2522first_name%2522%253A%2522Tamara%2522%252C%2522last_name%2522%253A%2522Kanahele%2522%252C%2522username%2522%253A%2522TamaraKanahele2022%2522%252C%2522language_code%2522%253A%2522en%2522%252C%2522allows_write_to_pm%2522%253Atrue%257D%26auth_date%3D1728729713%26hash%3D00ce34449ede6472918029c13d43915f8a6f7a407dcc8601a7c764422b169894&tgWebAppVersion=7.10&tgWebAppPlatform=android&tgWebAppThemeParams=%7B%22accent_text_color%22%3A%22%23168acd%22%2C%22bg_color%22%3A%22%23ffffff%22%2C%22bottom_bar_bg_color%22%3A%22%23ffffff%22%2C%22button_color%22%3A%22%2340a7e3%22%2C%22button_text_color%22%3A%22%23ffffff%22%2C%22destructive_text_color%22%3A%22%23d14e4e%22%2C%22header_bg_color%22%3A%22%23ffffff%22%2C%22hint_color%22%3A%22%23999999%22%2C%22link_color%22%3A%22%23168acd%22%2C%22secondary_bg_color%22%3A%22%23f1f1f1%22%2C%22section_bg_color%22%3A%22%23ffffff%22%2C%22section_header_text_color%22%3A%22%23168acd%22%2C%22section_separator_color%22%3A%22%23e7e7e7%22%2C%22subtitle_text_color%22%3A%22%23999999%22%2C%22text_color%22%3A%22%23000000%22%7D
2024-10-12 06:41:53,238 - 12264550366 - DEBUG - Start GET entry URL
2024-10-12 06:41:53,536 - FuckTory - INFO - https://notpx.app/#tgWebAppData=query_id%3DAAH3YDoQAwAAAPdgOhCcEAel%26user%3D%257B%2522id%2522%253A6714712311%252C%2522first_name%2522%253A%2522Catherine%2522%252C%2522last_name%2522%253A%2522Martin%2522%252C%2522username%2522%253A%2522guapepep%2522%252C%2522language_code%2522%253A%2522en%2522%252C%2522allows_write_to_pm%2522%253Atrue%257D%26auth_date%3D1728729714%26hash%3D76783c5f265865f20f521a7462b70416c080c1c4231c008569ce5efe40eb9cf8&tgWebAppVersion=7.10&tgWebAppPlatform=android&tgWebAppThemeParams=%7B%22accent_text_color%22%3A%22%23168acd%22%2C%22bg_color%22%3A%22%23ffffff%22%2C%22bottom_bar_bg_color%22%3A%22%23ffffff%22%2C%22button_color%22%3A%22%2340a7e3%22%2C%22button_text_color%22%3A%22%23ffffff%22%2C%22destructive_text_color%22%3A%22%23d14e4e%22%2C%22header_bg_color%22%3A%22%23ffffff%22%2C%22hint_color%22%3A%22%23999999%22%2C%22link_color%22%3A%22%23168acd%22%2C%22secondary_bg_color%22%3A%22%23f1f1f1%22%2C%22section_bg_color%22%3A%22%23ffffff%22%2C%22section_header_text_color%22%3A%22%23168acd%22%2C%22section_separator_color%22%3A%22%23e7e7e7%22%2C%22subtitle_text_color%22%3A%22%23999999%22%2C%22text_color%22%3A%22%23000000%22%7D
2024-10-12 06:41:53,587 - 15874097035 - DEBUG - Start GET entry URL
2024-10-12 06:41:53,685 - FuckTory - INFO - https://notpx.app/#tgWebAppData=query_id%3DAAFNkfU_AwAAAE2R9T_WHqM0%26user%3D%257B%2522id%2522%253A7515509069%252C%2522first_name%2522%253A%2522Jeanne%2522%252C%2522last_name%2522%253A%2522Blair%2522%252C%2522username%2522%253A%2522JeanneBlair2001%2522%252C%2522language_code%2522%253A%2522en%2522%252C%2522allows_write_to_pm%2522%253Atrue%257D%26auth_date%3D1728729714%26hash%3D75cd07b43f2d9fd55e49b886778e547598b45252003d9c32ae92bdcb7cabf614&tgWebAppVersion=7.10&tgWebAppPlatform=android&tgWebAppThemeParams=%7B%22accent_text_color%22%3A%22%23168acd%22%2C%22bg_color%22%3A%22%23ffffff%22%2C%22bottom_bar_bg_color%22%3A%22%23ffffff%22%2C%22button_color%22%3A%22%2340a7e3%22%2C%22button_text_color%22%3A%22%23ffffff%22%2C%22destructive_text_color%22%3A%22%23d14e4e%22%2C%22header_bg_color%22%3A%22%23ffffff%22%2C%22hint_color%22%3A%22%23999999%22%2C%22link_color%22%3A%22%23168acd%22%2C%22secondary_bg_color%22%3A%22%23f1f1f1%22%2C%22section_bg_color%22%3A%22%23ffffff%22%2C%22section_header_text_color%22%3A%22%23168acd%22%2C%22section_separator_color%22%3A%22%23e7e7e7%22%2C%22subtitle_text_color%22%3A%22%23999999%22%2C%22text_color%22%3A%22%23000000%22%7D
2024-10-12 06:41:53,690 - 18077006341 - DEBUG - Start GET entry URL
2024-10-12 06:41:53,735 - FuckTory - INFO - https://notpx.app/#tgWebAppData=query_id%3DAAF7VytLAwAAAHtXK0s039sU%26user%3D%257B%2522id%2522%253A7703582587%252C%2522first_name%2522%253A%2522Deborah%2522%252C%2522last_name%2522%253A%2522Lamboy%2522%252C%2522username%2522%253A%2522DeborahLamboy2009%2522%252C%2522language_code%2522%253A%2522en%2522%252C%2522allows_write_to_pm%2522%253Atrue%257D%26auth_date%3D1728729714%26hash%3Dc9c0ce6a46486fc1a8f278db57b0445ca9870e468fd5be5b46b773ec6a9fe382&tgWebAppVersion=7.10&tgWebAppPlatform=android&tgWebAppThemeParams=%7B%22accent_text_color%22%3A%22%23168acd%22%2C%22bg_color%22%3A%22%23ffffff%22%2C%22bottom_bar_bg_color%22%3A%22%23ffffff%22%2C%22button_color%22%3A%22%2340a7e3%22%2C%22button_text_color%22%3A%22%23ffffff%22%2C%22destructive_text_color%22%3A%22%23d14e4e%22%2C%22header_bg_color%22%3A%22%23ffffff%22%2C%22hint_color%22%3A%22%23999999%22%2C%22link_color%22%3A%22%23168acd%22%2C%22secondary_bg_color%22%3A%22%23f1f1f1%22%2C%22section_bg_color%22%3A%22%23ffffff%22%2C%22section_header_text_color%22%3A%22%23168acd%22%2C%22section_separator_color%22%3A%22%23e7e7e7%22%2C%22subtitle_text_color%22%3A%22%23999999%22%2C%22text_color%22%3A%22%23000000%22%7D
2024-10-12 06:41:53,740 - 12264558635 - DEBUG - Start GET entry URL
2024-10-12 06:41:55,270 - FuckTory - INFO - len of runs: 3
2024-10-12 06:41:55,270 - FuckTory - INFO - len of done runs: 1
2024-10-12 06:41:55,270 - FuckTory - INFO - Starting periodic function 3
2024-10-12 06:41:55,464 - FuckTory - INFO - CURRENT BAD POINTS 27
2024-10-12 06:41:55,464 - FuckTory - INFO - WORKER 12264550366
2024-10-12 06:41:55,465 - FuckTory - INFO - LOCKED!!
2024-10-12 06:41:55,466 - FuckTory - INFO - WORKER 12264558635
2024-10-12 06:41:55,466 - FuckTory - INFO - LOCKED!!
2024-10-12 06:41:55,467 - FuckTory - INFO - WORKER 15874097035
2024-10-12 06:41:55,467 - FuckTory - INFO - LOCKED!!
2024-10-12 06:41:55,468 - FuckTory - INFO - WORKER 18077006341
2024-10-12 06:41:55,468 - FuckTory - INFO - LOCKED!!
2024-10-12 06:41:55,469 - FuckTory - INFO - WORKER 639468092706
2024-10-12 06:41:55,469 - FuckTory - INFO - LOCKED!!
2024-10-12 06:41:55,469 - FuckTory - INFO - WORKER 8801745658318
2024-10-12 06:41:55,470 - FuckTory - INFO - LOCKED!!
2024-10-12 06:41:55,470 - FuckTory - INFO - WORKER 8801747034955
2024-10-12 06:41:55,472 - FuckTory - INFO - LOCKED!!
2024-10-12 06:41:55,472 - FuckTory - INFO - WORKER 8801748878172
2024-10-12 06:41:55,472 - FuckTory - INFO - LOCKED!!
2024-10-12 06:41:55,473 - FuckTory - INFO - CURRENT NOT LOCKED BAD POINTS 19
2024-10-12 06:41:55,474 - FuckTory - INFO - LEFT PIXELS WITOUT WORKERS: 19
2024-10-12 06:41:55,474 - FuckTory - INFO - AMOUNT OF STARTED WORKERS: 0
2024-10-12 06:41:56,023 - unnamed - ERROR - Failed to convert TDATA to Telethon session:
	Path: C:\projects\tg_accs\8801745658318\tdata
	Papa Exception -  type: <class 'opentele.exception.TDesktopUnauthorized'>, message: TDesktopUnauthorized: TDesktop client is unauthorized [ Called by FromTDesktop() ]
2024-10-12 06:41:56,023 - unnamed - ERROR - Failed to convert TDATA to Telethon session:
	Path: C:\projects\tg_accs\8801747034955\tdata
	Papa Exception -  type: <class 'opentele.exception.TDesktopUnauthorized'>, message: TDesktopUnauthorized: TDesktop client is unauthorized [ Called by FromTDesktop() ]
2024-10-12 06:41:56,109 - unnamed - ERROR - Bad HTTP status:
	Url: https://notpx.app/#tgWebAppData=query_id%3DAAH3YDoQAwAAAPdgOhCcEAel%26user%3D%257B%2522id%2522%253A6714712311%252C%2522first_name%2522%253A%2522Catherine%2522%252C%2522last_name%2522%253A%2522Martin%2522%252C%2522username%2522%253A%2522guapepep%2522%252C%2522language_code%2522%253A%2522en%2522%252C%2522allows_write_to_pm%2522%253Atrue%257D%26auth_date%3D1728729714%26hash%3D76783c5f265865f20f521a7462b70416c080c1c4231c008569ce5efe40eb9cf8&tgWebAppVersion=7.10&tgWebAppPlatform=android&tgWebAppThemeParams=%7B%22accent_text_color%22%3A%22%23168acd%22%2C%22bg_color%22%3A%22%23ffffff%22%2C%22bottom_bar_bg_color%22%3A%22%23ffffff%22%2C%22button_color%22%3A%22%2340a7e3%22%2C%22button_text_color%22%3A%22%23ffffff%22%2C%22destructive_text_color%22%3A%22%23d14e4e%22%2C%22header_bg_color%22%3A%22%23ffffff%22%2C%22hint_color%22%3A%22%23999999%22%2C%22link_color%22%3A%22%23168acd%22%2C%22secondary_bg_color%22%3A%22%23f1f1f1%22%2C%22section_bg_color%22%3A%22%23ffffff%22%2C%22section_header_text_color%22%3A%22%23168acd%22%2C%22section_separator_color%22%3A%22%23e7e7e7%22%2C%22subtitle_text_color%22%3A%22%23999999%22%2C%22text_color%22%3A%22%23000000%22%7D
	Proxy: socks5://07196708-zone-custom-region-CA-city-toronto-sessid-OC4jAJ4O-sessTime-120:6pGOVG0G@f.proxys5.net:6200	Status: 504
2024-10-12 06:41:56,115 - unnamed - ERROR - Failed HTTP request:
	Url: https://notpx.app/#tgWebAppData=query_id%3DAAH3YDoQAwAAAPdgOhCcEAel%26user%3D%257B%2522id%2522%253A6714712311%252C%2522first_name%2522%253A%2522Catherine%2522%252C%2522last_name%2522%253A%2522Martin%2522%252C%2522username%2522%253A%2522guapepep%2522%252C%2522language_code%2522%253A%2522en%2522%252C%2522allows_write_to_pm%2522%253Atrue%257D%26auth_date%3D1728729714%26hash%3D76783c5f265865f20f521a7462b70416c080c1c4231c008569ce5efe40eb9cf8&tgWebAppVersion=7.10&tgWebAppPlatform=android&tgWebAppThemeParams=%7B%22accent_text_color%22%3A%22%23168acd%22%2C%22bg_color%22%3A%22%23ffffff%22%2C%22bottom_bar_bg_color%22%3A%22%23ffffff%22%2C%22button_color%22%3A%22%2340a7e3%22%2C%22button_text_color%22%3A%22%23ffffff%22%2C%22destructive_text_color%22%3A%22%23d14e4e%22%2C%22header_bg_color%22%3A%22%23ffffff%22%2C%22hint_color%22%3A%22%23999999%22%2C%22link_color%22%3A%22%23168acd%22%2C%22secondary_bg_color%22%3A%22%23f1f1f1%22%2C%22section_bg_color%22%3A%22%23ffffff%22%2C%22section_header_text_color%22%3A%22%23168acd%22%2C%22section_separator_color%22%3A%22%23e7e7e7%22%2C%22subtitle_text_color%22%3A%22%23999999%22%2C%22text_color%22%3A%22%23000000%22%7D
	Proxy: socks5://07196708-zone-custom-region-CA-city-toronto-sessid-OC4jAJ4O-sessTime-120:6pGOVG0G@f.proxys5.net:6200	Papa Exception -  type: <class 'exceptions.BadStatus'>, message: Bad HTTP status:
	Url: https://notpx.app/#tgWebAppData=query_id%3DAAH3YDoQAwAAAPdgOhCcEAel%26user%3D%257B%2522id%2522%253A6714712311%252C%2522first_name%2522%253A%2522Catherine%2522%252C%2522last_name%2522%253A%2522Martin%2522%252C%2522username%2522%253A%2522guapepep%2522%252C%2522language_code%2522%253A%2522en%2522%252C%2522allows_write_to_pm%2522%253Atrue%257D%26auth_date%3D1728729714%26hash%3D76783c5f265865f20f521a7462b70416c080c1c4231c008569ce5efe40eb9cf8&tgWebAppVersion=7.10&tgWebAppPlatform=android&tgWebAppThemeParams=%7B%22accent_text_color%22%3A%22%23168acd%22%2C%22bg_color%22%3A%22%23ffffff%22%2C%22bottom_bar_bg_color%22%3A%22%23ffffff%22%2C%22button_color%22%3A%22%2340a7e3%22%2C%22button_text_color%22%3A%22%23ffffff%22%2C%22destructive_text_color%22%3A%22%23d14e4e%22%2C%22header_bg_color%22%3A%22%23ffffff%22%2C%22hint_color%22%3A%22%23999999%22%2C%22link_color%22%3A%22%23168acd%22%2C%22secondary_bg_color%22%3A%22%23f1f1f1%22%2C%22section_bg_color%22%3A%22%23ffffff%22%2C%22section_header_text_color%22%3A%22%23168acd%22%2C%22section_separator_color%22%3A%22%23e7e7e7%22%2C%22subtitle_text_color%22%3A%22%23999999%22%2C%22text_color%22%3A%22%23000000%22%7D
	Proxy: socks5://07196708-zone-custom-region-CA-city-toronto-sessid-OC4jAJ4O-sessTime-120:6pGOVG0G@f.proxys5.net:6200	Status: 504
2024-10-12 06:41:56,535 - unnamed - ERROR - Failed to convert TDATA to Telethon session:
	Path: C:\projects\tg_accs\8801748878172\tdata
	Papa Exception -  type: <class 'opentele.exception.TDesktopUnauthorized'>, message: TDesktopUnauthorized: TDesktop client is unauthorized [ Called by FromTDesktop() ]
2024-10-12 06:41:57,135 - 639468092706 - INFO - Finish GET entry URL GET, status: 200, content len: 6121
2024-10-12 06:41:57,140 - 639468092706 - DEBUG - Start GET account status
2024-10-12 06:41:58,273 - FuckTory - INFO - len of runs: 4
2024-10-12 06:41:58,281 - FuckTory - INFO - len of done runs: 3
2024-10-12 06:41:58,282 - FuckTory - INFO - Starting periodic function 4
2024-10-12 06:41:58,503 - FuckTory - INFO - CURRENT BAD POINTS 27
2024-10-12 06:41:58,503 - FuckTory - INFO - WORKER 12264550366
2024-10-12 06:41:58,503 - FuckTory - INFO - LOCKED!!
2024-10-12 06:41:58,503 - FuckTory - INFO - WORKER 12264558635
2024-10-12 06:41:58,507 - FuckTory - INFO - LOCKED!!
2024-10-12 06:41:58,508 - FuckTory - INFO - WORKER 15874097035
2024-10-12 06:41:58,508 - FuckTory - INFO - FREE!
2024-10-12 06:41:58,509 - FuckTory - INFO - WORKER 18077006341
2024-10-12 06:41:58,509 - FuckTory - INFO - LOCKED!!
2024-10-12 06:41:58,510 - FuckTory - INFO - WORKER 639468092706
2024-10-12 06:41:58,510 - FuckTory - INFO - LOCKED!!
2024-10-12 06:41:58,511 - FuckTory - INFO - WORKER 8801745658318
2024-10-12 06:41:58,511 - FuckTory - INFO - FREE!
2024-10-12 06:41:58,512 - FuckTory - INFO - WORKER 8801747034955
2024-10-12 06:41:58,512 - FuckTory - INFO - FREE!
2024-10-12 06:41:58,513 - FuckTory - INFO - WORKER 8801748878172
2024-10-12 06:41:58,513 - FuckTory - INFO - FREE!
2024-10-12 06:41:58,513 - FuckTory - INFO - CURRENT NOT LOCKED BAD POINTS 23
2024-10-12 06:41:58,515 - FuckTory - INFO - LEFT PIXELS WITOUT WORKERS: 19
2024-10-12 06:41:58,515 - FuckTory - INFO - AMOUNT OF STARTED WORKERS: 4
2024-10-12 06:41:58,523 - unnamed - INFO - Telegram profile loaded - path: C:\projects\tg_accs\15874097035\tdata
2024-10-12 06:41:58,528 - unnamed - INFO - Telegram profile loaded - path: C:\projects\tg_accs\8801748878172\tdata
2024-10-12 06:41:58,533 - unnamed - INFO - Telegram profile loaded - path: C:\projects\tg_accs\8801747034955\tdata
2024-10-12 06:41:58,543 - unnamed - INFO - Telegram profile loaded - path: C:\projects\tg_accs\8801745658318\tdata
2024-10-12 06:42:06,743 - unnamed - ERROR - Failed to convert TDATA to Telethon session:
	Path: C:\projects\tg_accs\15874097035\tdata
	Papa Exception -  type: <class 'sqlite3.OperationalError'>, message: database is locked
2024-10-12 06:42:06,750 - FuckTory - INFO - len of runs: 5
2024-10-12 06:42:06,751 - FuckTory - INFO - len of done runs: 3
2024-10-12 06:42:06,756 - FuckTory - INFO - Starting periodic function 5
2024-10-12 06:42:06,762 - 18077006341 - INFO - Finish GET entry URL GET, status: 200, content len: 6121
2024-10-12 06:42:06,764 - 18077006341 - DEBUG - Start GET account status
2024-10-12 06:42:06,770 - 12264550366 - INFO - Finish GET entry URL GET, status: 200, content len: 6121
2024-10-12 06:42:06,773 - 12264550366 - DEBUG - Start GET account status
2024-10-12 06:42:06,775 - 12264558635 - INFO - Finish GET entry URL GET, status: 200, content len: 6121
2024-10-12 06:42:06,776 - 12264558635 - DEBUG - Start GET account status
2024-10-12 06:42:06,986 - FuckTory - INFO - CURRENT BAD POINTS 27
2024-10-12 06:42:07,005 - FuckTory - INFO - WORKER 12264550366
2024-10-12 06:42:07,006 - FuckTory - INFO - LOCKED!!
2024-10-12 06:42:07,006 - FuckTory - INFO - WORKER 12264558635
2024-10-12 06:42:07,007 - FuckTory - INFO - LOCKED!!
2024-10-12 06:42:07,007 - FuckTory - INFO - WORKER 15874097035
2024-10-12 06:42:07,007 - FuckTory - INFO - FREE!
2024-10-12 06:42:07,008 - FuckTory - INFO - WORKER 18077006341
2024-10-12 06:42:07,008 - FuckTory - INFO - LOCKED!!
2024-10-12 06:42:07,009 - FuckTory - INFO - WORKER 639468092706
2024-10-12 06:42:07,009 - FuckTory - INFO - LOCKED!!
2024-10-12 06:42:07,011 - FuckTory - INFO - WORKER 8801745658318
2024-10-12 06:42:07,011 - FuckTory - INFO - LOCKED!!
2024-10-12 06:42:07,012 - FuckTory - INFO - WORKER 8801747034955
2024-10-12 06:42:07,012 - FuckTory - INFO - LOCKED!!
2024-10-12 06:42:07,013 - FuckTory - INFO - WORKER 8801748878172
2024-10-12 06:42:07,013 - FuckTory - INFO - LOCKED!!
2024-10-12 06:42:07,014 - FuckTory - INFO - CURRENT NOT LOCKED BAD POINTS 20
2024-10-12 06:42:07,014 - FuckTory - INFO - LEFT PIXELS WITOUT WORKERS: 19
2024-10-12 06:42:07,015 - FuckTory - INFO - AMOUNT OF STARTED WORKERS: 1
2024-10-12 06:42:07,022 - unnamed - INFO - Telegram profile loaded - path: C:\projects\tg_accs\15874097035\tdata
2024-10-12 06:42:07,427 - 639468092706 - INFO - Finish GET account state, status: 200, content: b'{"coins":0,"speedPerSecond":0.0000105,"fromStart":94,"fromUpdate":0,"maxMiningTime":28800,"claimed":0,"boosts":{"energyLimit":2,"paintReward":2,"reChargeSpeed":2},"repaintsTotal":9,"userBalance":2.190320666666663,"activated":true,"league":"silver","charges":5,"maxCharges":12,"reChargeTimer":71652,"reChargeSpeed":570000,"goods":{},"tasks":{}}\n' content len: 344
2024-10-12 06:42:07,430 - 639468092706 - DEBUG - Start CLAIM
2024-10-12 06:42:07,534 - unnamed - ERROR - Failed to convert TDATA to Telethon session:
	Path: C:\projects\tg_accs\8801747034955\tdata
	Papa Exception -  type: <class 'opentele.exception.TDesktopUnauthorized'>, message: TDesktopUnauthorized: TDesktop client is unauthorized [ Called by FromTDesktop() ]
2024-10-12 06:42:07,552 - unnamed - ERROR - Failed to convert TDATA to Telethon session:
	Path: C:\projects\tg_accs\8801748878172\tdata
	Papa Exception -  type: <class 'opentele.exception.TDesktopUnauthorized'>, message: TDesktopUnauthorized: TDesktop client is unauthorized [ Called by FromTDesktop() ]
2024-10-12 06:42:07,636 - unnamed - ERROR - Failed to convert TDATA to Telethon session:
	Path: C:\projects\tg_accs\8801745658318\tdata
	Papa Exception -  type: <class 'opentele.exception.TDesktopUnauthorized'>, message: TDesktopUnauthorized: TDesktop client is unauthorized [ Called by FromTDesktop() ]
2024-10-12 06:42:15,395 - unnamed - ERROR - Failed to convert TDATA to Telethon session:
	Path: C:\projects\tg_accs\15874097035\tdata
	Papa Exception -  type: <class 'sqlite3.OperationalError'>, message: database is locked
2024-10-12 06:42:15,445 - FuckTory - INFO - len of runs: 6
2024-10-12 06:42:15,450 - FuckTory - INFO - len of done runs: 4
2024-10-12 06:42:15,450 - FuckTory - INFO - Starting periodic function 6
2024-10-12 06:42:15,640 - FuckTory - INFO - CURRENT BAD POINTS 27
2024-10-12 06:42:15,643 - FuckTory - INFO - WORKER 12264550366
2024-10-12 06:42:15,644 - FuckTory - INFO - LOCKED!!
2024-10-12 06:42:15,645 - FuckTory - INFO - WORKER 12264558635
2024-10-12 06:42:15,646 - FuckTory - INFO - LOCKED!!
2024-10-12 06:42:15,647 - FuckTory - INFO - WORKER 15874097035
2024-10-12 06:42:15,648 - FuckTory - INFO - FREE!
2024-10-12 06:42:15,649 - FuckTory - INFO - WORKER 18077006341
2024-10-12 06:42:15,650 - FuckTory - INFO - LOCKED!!
2024-10-12 06:42:15,650 - FuckTory - INFO - WORKER 639468092706
2024-10-12 06:42:15,651 - FuckTory - INFO - LOCKED!!
2024-10-12 06:42:15,652 - FuckTory - INFO - WORKER 8801745658318
2024-10-12 06:42:15,652 - FuckTory - INFO - FREE!
2024-10-12 06:42:15,653 - FuckTory - INFO - WORKER 8801747034955
2024-10-12 06:42:15,653 - FuckTory - INFO - FREE!
2024-10-12 06:42:15,654 - FuckTory - INFO - WORKER 8801748878172
2024-10-12 06:42:15,654 - FuckTory - INFO - FREE!
2024-10-12 06:42:15,655 - FuckTory - INFO - CURRENT NOT LOCKED BAD POINTS 23
2024-10-12 06:42:15,655 - FuckTory - INFO - LEFT PIXELS WITOUT WORKERS: 19
2024-10-12 06:42:15,656 - FuckTory - INFO - AMOUNT OF STARTED WORKERS: 4
2024-10-12 06:42:15,662 - unnamed - INFO - Telegram profile loaded - path: C:\projects\tg_accs\8801748878172\tdata
2024-10-12 06:42:15,669 - unnamed - INFO - Telegram profile loaded - path: C:\projects\tg_accs\8801747034955\tdata
2024-10-12 06:42:15,684 - unnamed - INFO - Telegram profile loaded - path: C:\projects\tg_accs\15874097035\tdata
2024-10-12 06:42:15,706 - unnamed - INFO - Telegram profile loaded - path: C:\projects\tg_accs\8801745658318\tdata
2024-10-12 06:42:17,519 - 18077006341 - INFO - Finish GET account state, status: 200, content: b'{"coins":0,"speedPerSecond":0.000046666666666666665,"fromStart":1986,"fromUpdate":0,"maxMiningTime":28800,"claimed":0,"boosts":{"energyLimit":2,"paintReward":2,"reChargeSpeed":2},"repaintsTotal":40,"userBalance":36.33293350000001,"activated":true,"league":"silver","charges":3,"maxCharges":12,"reChargeTimer":38615,"reChargeSpeed":570000,"goods":{},"tasks":{}}\n' content len: 361
2024-10-12 06:42:17,519 - 18077006341 - DEBUG - Start CLAIM
2024-10-12 06:42:17,640 - 12264550366 - INFO - Finish GET account state, status: 200, content: b'{"coins":0,"speedPerSecond":0.00006533333333333333,"fromStart":1985,"fromUpdate":0,"maxMiningTime":28800,"claimed":0,"boosts":{"energyLimit":2,"paintReward":2,"reChargeSpeed":2},"repaintsTotal":56,"userBalance":68.88762166666662,"activated":true,"league":"silver","charges":3,"maxCharges":6,"reChargeTimer":93742,"reChargeSpeed":570000,"goods":{},"tasks":{}}\n' content len: 359
2024-10-12 06:42:17,645 - 12264550366 - DEBUG - Start CLAIM
2024-10-12 06:42:23,930 - unnamed - ERROR - Failed to convert TDATA to Telethon session:
	Path: C:\projects\tg_accs\15874097035\tdata
	Papa Exception -  type: <class 'sqlite3.OperationalError'>, message: database is locked
2024-10-12 06:42:23,940 - 639468092706 - INFO - Finish CLAIM, status: 200, content: b'{"coins":0,"speedPerSecond":0.0000105,"fromStart":0,"fromUpdate":0,"maxMiningTime":28800,"claimed":0.0010815,"boosts":{"energyLimit":2,"paintReward":2,"reChargeSpeed":2},"repaintsTotal":0,"userBalance":0,"activated":true,"league":"silver","charges":0,"maxCharges":0,"reChargeTimer":0,"reChargeSpeed":0,"goods":null,"tasks":{}}\n' content len: 327
2024-10-12 06:42:23,954 - 639468092706 - DEBUG - Start PAINT PIXEL 229:230
2024-10-12 06:42:23,957 - FuckTory - INFO - len of runs: 7
2024-10-12 06:42:23,963 - FuckTory - INFO - len of done runs: 5
2024-10-12 06:42:23,964 - FuckTory - INFO - Starting periodic function 7
2024-10-12 06:42:23,965 - 12264558635 - INFO - Finish GET account state, status: 200, content: b'{"coins":0,"speedPerSecond":0.000056,"fromStart":1984,"fromUpdate":0,"maxMiningTime":28800,"claimed":0,"boosts":{"energyLimit":2,"paintReward":2,"reChargeSpeed":2},"repaintsTotal":48,"userBalance":55.681924166666676,"activated":true,"league":"silver","charges":3,"maxCharges":6,"reChargeTimer":96158,"reChargeSpeed":570000,"goods":{},"tasks":{}}\n' content len: 346
2024-10-12 06:42:24,007 - 12264558635 - DEBUG - Start CLAIM
2024-10-12 06:42:24,264 - FuckTory - INFO - CURRENT BAD POINTS 27
2024-10-12 06:42:24,274 - FuckTory - INFO - WORKER 12264550366
2024-10-12 06:42:24,275 - FuckTory - INFO - LOCKED!!
2024-10-12 06:42:24,275 - FuckTory - INFO - WORKER 12264558635
2024-10-12 06:42:24,276 - FuckTory - INFO - LOCKED!!
2024-10-12 06:42:24,276 - FuckTory - INFO - WORKER 15874097035
2024-10-12 06:42:24,276 - FuckTory - INFO - FREE!
2024-10-12 06:42:24,277 - FuckTory - INFO - WORKER 18077006341
2024-10-12 06:42:24,277 - FuckTory - INFO - LOCKED!!
2024-10-12 06:42:24,277 - FuckTory - INFO - WORKER 639468092706
2024-10-12 06:42:24,278 - FuckTory - INFO - LOCKED!!
2024-10-12 06:42:24,278 - FuckTory - INFO - WORKER 8801745658318
2024-10-12 06:42:24,279 - FuckTory - INFO - LOCKED!!
2024-10-12 06:42:24,279 - FuckTory - INFO - WORKER 8801747034955
2024-10-12 06:42:24,280 - FuckTory - INFO - LOCKED!!
2024-10-12 06:42:24,280 - FuckTory - INFO - WORKER 8801748878172
2024-10-12 06:42:24,280 - FuckTory - INFO - LOCKED!!
2024-10-12 06:42:24,281 - FuckTory - INFO - CURRENT NOT LOCKED BAD POINTS 20
2024-10-12 06:42:24,281 - FuckTory - INFO - LEFT PIXELS WITOUT WORKERS: 19
2024-10-12 06:42:24,282 - FuckTory - INFO - AMOUNT OF STARTED WORKERS: 1
2024-10-12 06:42:24,286 - unnamed - INFO - Telegram profile loaded - path: C:\projects\tg_accs\15874097035\tdata
2024-10-12 06:42:24,803 - unnamed - ERROR - Failed to convert TDATA to Telethon session:
	Path: C:\projects\tg_accs\8801747034955\tdata
	Papa Exception -  type: <class 'opentele.exception.TDesktopUnauthorized'>, message: TDesktopUnauthorized: TDesktop client is unauthorized [ Called by FromTDesktop() ]
2024-10-12 06:42:24,817 - unnamed - ERROR - Failed to convert TDATA to Telethon session:
	Path: C:\projects\tg_accs\8801748878172\tdata
	Papa Exception -  type: <class 'opentele.exception.TDesktopUnauthorized'>, message: TDesktopUnauthorized: TDesktop client is unauthorized [ Called by FromTDesktop() ]
2024-10-12 06:42:25,707 - unnamed - ERROR - Failed to convert TDATA to Telethon session:
	Path: C:\projects\tg_accs\8801745658318\tdata
	Papa Exception -  type: <class 'asyncio.exceptions.CancelledError'>, message: 
2024-10-12 06:42:32,388 - unnamed - ERROR - Failed to convert TDATA to Telethon session:
	Path: C:\projects\tg_accs\15874097035\tdata
	Papa Exception -  type: <class 'sqlite3.OperationalError'>, message: database is locked
2024-10-12 06:42:32,408 - FuckTory - INFO - len of runs: 8
2024-10-12 06:42:32,412 - FuckTory - INFO - len of done runs: 6
2024-10-12 06:42:32,413 - FuckTory - INFO - Starting periodic function 8
2024-10-12 06:42:32,436 - unnamed - ERROR - Timeout HTTP:
	Url: https://notpx.app/api/v1/mining/claim
	Proxy: socks5://07196708-zone-custom-region-CA-city-toronto-sessid-o47kzll7-sessTime-120:6pGOVG0G@f.proxys5.net:6200
2024-10-12 06:42:32,436 - unnamed - ERROR - Timeout HTTP:
	Url: https://notpx.app/api/v1/mining/claim
	Proxy: socks5://07196708-zone-custom-region-CA-city-toronto-sessid-ZWNbB988-sessTime-120:6pGOVG0G@f.proxys5.net:6200
2024-10-12 06:42:32,634 - FuckTory - INFO - CURRENT BAD POINTS 26
2024-10-12 06:42:32,647 - FuckTory - INFO - WORKER 12264550366
2024-10-12 06:42:32,648 - FuckTory - INFO - FREE!
2024-10-12 06:42:32,648 - FuckTory - INFO - WORKER 12264558635
2024-10-12 06:42:32,649 - FuckTory - INFO - LOCKED!!
2024-10-12 06:42:32,649 - FuckTory - INFO - WORKER 15874097035
2024-10-12 06:42:32,650 - FuckTory - INFO - FREE!
2024-10-12 06:42:32,650 - FuckTory - INFO - WORKER 18077006341
2024-10-12 06:42:32,651 - FuckTory - INFO - FREE!
2024-10-12 06:42:32,651 - FuckTory - INFO - WORKER 639468092706
2024-10-12 06:42:32,651 - FuckTory - INFO - LOCKED!!
2024-10-12 06:42:32,652 - FuckTory - INFO - WORKER 8801745658318
2024-10-12 06:42:32,653 - FuckTory - INFO - FREE!
2024-10-12 06:42:32,653 - FuckTory - INFO - WORKER 8801747034955
2024-10-12 06:42:32,653 - FuckTory - INFO - FREE!
2024-10-12 06:42:32,654 - FuckTory - INFO - WORKER 8801748878172
2024-10-12 06:42:32,656 - FuckTory - INFO - FREE!
2024-10-12 06:42:32,657 - FuckTory - INFO - CURRENT NOT LOCKED BAD POINTS 25
2024-10-12 06:42:32,658 - FuckTory - INFO - LEFT PIXELS WITOUT WORKERS: 19
2024-10-12 06:42:32,659 - FuckTory - INFO - AMOUNT OF STARTED WORKERS: 6
2024-10-12 06:42:32,666 - unnamed - INFO - Telegram profile loaded - path: C:\projects\tg_accs\8801747034955\tdata
2024-10-12 06:42:32,681 - unnamed - INFO - Telegram profile loaded - path: C:\projects\tg_accs\18077006341\tdata
2024-10-12 06:42:32,683 - unnamed - INFO - Telegram profile loaded - path: C:\projects\tg_accs\12264550366\tdata
2024-10-12 06:42:32,690 - unnamed - INFO - Telegram profile loaded - path: C:\projects\tg_accs\15874097035\tdata
2024-10-12 06:42:32,704 - unnamed - INFO - Telegram profile loaded - path: C:\projects\tg_accs\8801745658318\tdata
2024-10-12 06:42:32,713 - unnamed - INFO - Telegram profile loaded - path: C:\projects\tg_accs\8801748878172\tdata
2024-10-12 06:42:40,537 - unnamed - ERROR - Failed to convert TDATA to Telethon session:
	Path: C:\projects\tg_accs\12264550366\tdata
	Papa Exception -  type: <class 'sqlite3.OperationalError'>, message: database is locked
2024-10-12 06:42:40,579 - 639468092706 - INFO - Finish PAINT PIXEL 229:230 to #FFFFFF, status: 200, content: b'{"balance":3.1914021666667}\n' content len: 28
2024-10-12 06:42:40,579 - FuckTory - INFO - len of runs: 9
2024-10-12 06:42:40,579 - FuckTory - INFO - len of done runs: 7
2024-10-12 06:42:40,579 - FuckTory - INFO - Starting periodic function 9
2024-10-12 06:42:40,593 - 12264558635 - INFO - Finish CLAIM, status: 200, content: b'{"coins":0,"speedPerSecond":0.000056,"fromStart":0,"fromUpdate":0,"maxMiningTime":28800,"claimed":0.112056,"boosts":{"energyLimit":2,"paintReward":2,"reChargeSpeed":2},"repaintsTotal":0,"userBalance":0,"activated":true,"league":"silver","charges":0,"maxCharges":0,"reChargeTimer":0,"reChargeSpeed":0,"goods":null,"tasks":{}}\n' content len: 325
2024-10-12 06:42:40,595 - 12264558635 - DEBUG - Start PAINT PIXEL 228:230
2024-10-12 06:42:46,195 - unnamed - ERROR - Failed to convert TDATA to Telethon session:
	Path: C:\projects\tg_accs\18077006341\tdata
	Papa Exception -  type: <class 'sqlite3.OperationalError'>, message: database is locked
2024-10-12 06:42:46,382 - FuckTory - INFO - CURRENT BAD POINTS 26
2024-10-12 06:42:46,393 - unnamed - ERROR - Failed to convert TDATA to Telethon session:
	Path: C:\projects\tg_accs\8801747034955\tdata
	Papa Exception -  type: <class 'asyncio.exceptions.CancelledError'>, message: 
2024-10-12 06:42:46,395 - unnamed - ERROR - Failed to convert TDATA to Telethon session:
	Path: C:\projects\tg_accs\15874097035\tdata
	Papa Exception -  type: <class 'asyncio.exceptions.CancelledError'>, message: 
2024-10-12 06:42:46,396 - unnamed - ERROR - Failed to convert TDATA to Telethon session:
	Path: C:\projects\tg_accs\8801745658318\tdata
	Papa Exception -  type: <class 'asyncio.exceptions.CancelledError'>, message: 
2024-10-12 06:42:46,398 - unnamed - ERROR - Failed to convert TDATA to Telethon session:
	Path: C:\projects\tg_accs\8801748878172\tdata
	Papa Exception -  type: <class 'asyncio.exceptions.CancelledError'>, message: 
2024-10-12 06:42:46,400 - FuckTory - INFO - len of runs: 10
2024-10-12 06:42:46,400 - FuckTory - INFO - len of done runs: 7
2024-10-12 06:42:46,400 - FuckTory - INFO - Starting periodic function 10
2024-10-12 06:42:46,565 - FuckTory - INFO - CURRENT BAD POINTS 26
2024-10-12 06:42:46,575 - FuckTory - INFO - WORKER 12264550366
2024-10-12 06:42:46,576 - FuckTory - INFO - FREE!
2024-10-12 06:42:46,577 - FuckTory - INFO - WORKER 12264558635
2024-10-12 06:42:46,577 - FuckTory - INFO - LOCKED!!
2024-10-12 06:42:46,578 - FuckTory - INFO - WORKER 15874097035
2024-10-12 06:42:46,579 - FuckTory - INFO - FREE!
2024-10-12 06:42:46,579 - FuckTory - INFO - WORKER 18077006341
2024-10-12 06:42:46,580 - FuckTory - INFO - FREE!
2024-10-12 06:42:46,580 - FuckTory - INFO - WORKER 639468092706
2024-10-12 06:42:46,581 - FuckTory - INFO - FREE!
2024-10-12 06:42:46,581 - FuckTory - INFO - WORKER 8801745658318
2024-10-12 06:42:46,581 - FuckTory - INFO - FREE!
2024-10-12 06:42:46,582 - FuckTory - INFO - WORKER 8801747034955
2024-10-12 06:42:46,582 - FuckTory - INFO - FREE!
2024-10-12 06:42:46,583 - FuckTory - INFO - WORKER 8801748878172
2024-10-12 06:42:46,583 - FuckTory - INFO - FREE!
2024-10-12 06:42:46,584 - FuckTory - INFO - CURRENT NOT LOCKED BAD POINTS 25
2024-10-12 06:42:46,585 - FuckTory - INFO - LEFT PIXELS WITOUT WORKERS: 18
2024-10-12 06:42:46,585 - FuckTory - INFO - AMOUNT OF STARTED WORKERS: 7
2024-10-12 06:42:46,592 - unnamed - INFO - Telegram profile loaded - path: C:\projects\tg_accs\8801745658318\tdata
2024-10-12 06:42:46,599 - unnamed - INFO - Telegram profile loaded - path: C:\projects\tg_accs\8801747034955\tdata
2024-10-12 06:42:46,687 - unnamed - INFO - Telegram profile loaded - path: C:\projects\tg_accs\15874097035\tdata
2024-10-12 06:42:46,694 - unnamed - INFO - Telegram profile loaded - path: C:\projects\tg_accs\8801748878172\tdata
2024-10-12 06:42:46,708 - unnamed - INFO - Telegram profile loaded - path: C:\projects\tg_accs\639468092706\tdata
2024-10-12 06:42:46,721 - unnamed - INFO - Telegram profile loaded - path: C:\projects\tg_accs\18077006341\tdata
2024-10-12 06:42:46,726 - unnamed - INFO - Telegram profile loaded - path: C:\projects\tg_accs\12264550366\tdata
2024-10-12 06:42:46,801 - FuckTory - INFO - WORKER 12264550366
2024-10-12 06:42:46,801 - FuckTory - INFO - LOCKED!!
2024-10-12 06:42:46,806 - FuckTory - INFO - WORKER 12264558635
2024-10-12 06:42:46,807 - FuckTory - INFO - LOCKED!!
2024-10-12 06:42:46,807 - FuckTory - INFO - WORKER 15874097035
2024-10-12 06:42:46,808 - FuckTory - INFO - LOCKED!!
2024-10-12 06:42:46,809 - FuckTory - INFO - WORKER 18077006341
2024-10-12 06:42:46,809 - FuckTory - INFO - LOCKED!!
2024-10-12 06:42:46,810 - FuckTory - INFO - WORKER 639468092706
2024-10-12 06:42:46,810 - FuckTory - INFO - LOCKED!!
2024-10-12 06:42:46,811 - FuckTory - INFO - WORKER 8801745658318
2024-10-12 06:42:46,812 - FuckTory - INFO - LOCKED!!
2024-10-12 06:42:46,812 - FuckTory - INFO - WORKER 8801747034955
2024-10-12 06:42:46,813 - FuckTory - INFO - LOCKED!!
2024-10-12 06:42:46,814 - FuckTory - INFO - WORKER 8801748878172
2024-10-12 06:42:46,814 - FuckTory - INFO - LOCKED!!
2024-10-12 06:42:46,815 - FuckTory - INFO - CURRENT NOT LOCKED BAD POINTS 18
2024-10-12 06:42:46,819 - FuckTory - INFO - LEFT PIXELS WITOUT WORKERS: 18
2024-10-12 06:42:46,820 - FuckTory - INFO - AMOUNT OF STARTED WORKERS: 0
2024-10-12 06:42:53,398 - unnamed - ERROR - Failed to convert TDATA to Telethon session:
	Path: C:\projects\tg_accs\639468092706\tdata
	Papa Exception -  type: <class 'sqlite3.OperationalError'>, message: database is locked
2024-10-12 06:42:53,429 - FuckTory - INFO - len of runs: 11
2024-10-12 06:42:53,430 - FuckTory - INFO - len of done runs: 9
2024-10-12 06:42:53,431 - FuckTory - INFO - Starting periodic function 11
2024-10-12 06:42:53,660 - FuckTory - INFO - CURRENT BAD POINTS 26
2024-10-12 06:42:53,675 - unnamed - ERROR - Timeout HTTP:
	Url: https://notpx.app/api/v1/repaint/start
	Proxy: socks5://07196708-zone-custom-region-CA-city-toronto-sessid-z0XjjaRn-sessTime-120:6pGOVG0G@f.proxys5.net:6200
2024-10-12 06:42:53,696 - FuckTory - INFO - WORKER 12264550366
2024-10-12 06:42:53,700 - FuckTory - INFO - LOCKED!!
2024-10-12 06:42:53,700 - FuckTory - INFO - WORKER 12264558635
2024-10-12 06:42:53,700 - FuckTory - INFO - FREE!
2024-10-12 06:42:53,700 - FuckTory - INFO - WORKER 15874097035
2024-10-12 06:42:53,700 - FuckTory - INFO - LOCKED!!
2024-10-12 06:42:53,700 - FuckTory - INFO - WORKER 18077006341
2024-10-12 06:42:53,700 - FuckTory - INFO - LOCKED!!
2024-10-12 06:42:53,700 - FuckTory - INFO - WORKER 639468092706
2024-10-12 06:42:53,700 - FuckTory - INFO - FREE!
2024-10-12 06:42:53,700 - FuckTory - INFO - WORKER 8801745658318
2024-10-12 06:42:53,700 - FuckTory - INFO - LOCKED!!
2024-10-12 06:42:53,700 - FuckTory - INFO - WORKER 8801747034955
2024-10-12 06:42:53,700 - FuckTory - INFO - LOCKED!!
2024-10-12 06:42:53,700 - FuckTory - INFO - WORKER 8801748878172
2024-10-12 06:42:53,712 - FuckTory - INFO - LOCKED!!
2024-10-12 06:42:53,712 - FuckTory - INFO - CURRENT NOT LOCKED BAD POINTS 20
2024-10-12 06:42:53,713 - FuckTory - INFO - LEFT PIXELS WITOUT WORKERS: 18
2024-10-12 06:42:53,713 - FuckTory - INFO - AMOUNT OF STARTED WORKERS: 2
2024-10-12 06:42:53,718 - unnamed - INFO - Telegram profile loaded - path: C:\projects\tg_accs\639468092706\tdata
2024-10-12 06:42:53,724 - unnamed - INFO - Telegram profile loaded - path: C:\projects\tg_accs\12264558635\tdata
2024-10-12 06:42:55,256 - unnamed - ERROR - Failed to convert TDATA to Telethon session:
	Path: C:\projects\tg_accs\8801745658318\tdata
	Papa Exception -  type: <class 'opentele.exception.TDesktopUnauthorized'>, message: TDesktopUnauthorized: TDesktop client is unauthorized [ Called by FromTDesktop() ]
2024-10-12 06:42:55,335 - unnamed - ERROR - Failed to convert TDATA to Telethon session:
	Path: C:\projects\tg_accs\8801747034955\tdata
	Papa Exception -  type: <class 'opentele.exception.TDesktopUnauthorized'>, message: TDesktopUnauthorized: TDesktop client is unauthorized [ Called by FromTDesktop() ]
2024-10-12 06:42:55,532 - unnamed - ERROR - Failed to convert TDATA to Telethon session:
	Path: C:\projects\tg_accs\8801748878172\tdata
	Papa Exception -  type: <class 'opentele.exception.TDesktopUnauthorized'>, message: TDesktopUnauthorized: TDesktop client is unauthorized [ Called by FromTDesktop() ]
2024-10-12 06:42:55,909 - unnamed - INFO - Telegram profile connect success - path: C:\projects\tg_accs\639468092706\tdata, id: 7691084320, username: None, phone: 639468092706
2024-10-12 06:42:56,429 - FuckTory - INFO - len of runs: 12
2024-10-12 06:42:56,429 - FuckTory - INFO - len of done runs: 10
2024-10-12 06:42:56,429 - FuckTory - INFO - Starting periodic function 12
2024-10-12 06:42:56,596 - FuckTory - INFO - CURRENT BAD POINTS 26
2024-10-12 06:42:56,598 - FuckTory - INFO - WORKER 12264550366
2024-10-12 06:42:56,598 - FuckTory - INFO - LOCKED!!
2024-10-12 06:42:56,598 - FuckTory - INFO - WORKER 12264558635
2024-10-12 06:42:56,598 - FuckTory - INFO - LOCKED!!
2024-10-12 06:42:56,600 - FuckTory - INFO - WORKER 15874097035
2024-10-12 06:42:56,600 - FuckTory - INFO - LOCKED!!
2024-10-12 06:42:56,601 - FuckTory - INFO - WORKER 18077006341
2024-10-12 06:42:56,601 - FuckTory - INFO - LOCKED!!
2024-10-12 06:42:56,601 - FuckTory - INFO - WORKER 639468092706
2024-10-12 06:42:56,602 - FuckTory - INFO - LOCKED!!
2024-10-12 06:42:56,602 - FuckTory - INFO - WORKER 8801745658318
2024-10-12 06:42:56,602 - FuckTory - INFO - FREE!
2024-10-12 06:42:56,603 - FuckTory - INFO - WORKER 8801747034955
2024-10-12 06:42:56,603 - FuckTory - INFO - FREE!
2024-10-12 06:42:56,604 - FuckTory - INFO - WORKER 8801748878172
2024-10-12 06:42:56,604 - FuckTory - INFO - FREE!
2024-10-12 06:42:56,605 - FuckTory - INFO - CURRENT NOT LOCKED BAD POINTS 21
2024-10-12 06:42:56,605 - FuckTory - INFO - LEFT PIXELS WITOUT WORKERS: 18
2024-10-12 06:42:56,606 - FuckTory - INFO - AMOUNT OF STARTED WORKERS: 3
2024-10-12 06:42:56,611 - unnamed - INFO - Telegram profile loaded - path: C:\projects\tg_accs\8801748878172\tdata
2024-10-12 06:42:56,616 - unnamed - INFO - Telegram profile loaded - path: C:\projects\tg_accs\8801745658318\tdata
2024-10-12 06:42:56,620 - unnamed - INFO - Telegram profile loaded - path: C:\projects\tg_accs\8801747034955\tdata
2024-10-12 06:42:56,629 - FuckTory - INFO - https://notpx.app/#tgWebAppData=query_id%3DAAEgomxKAwAAACCibEq1wnXu%26user%3D%257B%2522id%2522%253A7691084320%252C%2522first_name%2522%253A%2522Stanford%2522%252C%2522last_name%2522%253A%2522Allison%2522%252C%2522language_code%2522%253A%2522en%2522%252C%2522allows_write_to_pm%2522%253Atrue%257D%26auth_date%3D1728729777%26hash%3D306716901c75000788d5b2d15d233bd8c29e94525c62d1aeaa141406ffcf7247&tgWebAppVersion=7.10&tgWebAppPlatform=android&tgWebAppThemeParams=%7B%22accent_text_color%22%3A%22%23168acd%22%2C%22bg_color%22%3A%22%23ffffff%22%2C%22bottom_bar_bg_color%22%3A%22%23ffffff%22%2C%22button_color%22%3A%22%2340a7e3%22%2C%22button_text_color%22%3A%22%23ffffff%22%2C%22destructive_text_color%22%3A%22%23d14e4e%22%2C%22header_bg_color%22%3A%22%23ffffff%22%2C%22hint_color%22%3A%22%23999999%22%2C%22link_color%22%3A%22%23168acd%22%2C%22secondary_bg_color%22%3A%22%23f1f1f1%22%2C%22section_bg_color%22%3A%22%23ffffff%22%2C%22section_header_text_color%22%3A%22%23168acd%22%2C%22section_separator_color%22%3A%22%23e7e7e7%22%2C%22subtitle_text_color%22%3A%22%23999999%22%2C%22text_color%22%3A%22%23000000%22%7D
2024-10-12 06:42:56,631 - 639468092706 - DEBUG - Start GET entry URL
2024-10-12 06:42:56,681 - unnamed - ERROR - Failed to convert TDATA to Telethon session:
	Path: C:\projects\tg_accs\15874097035\tdata
	Papa Exception -  type: <class 'asyncio.exceptions.CancelledError'>, message: 
2024-10-12 06:42:56,714 - unnamed - ERROR - Failed to convert TDATA to Telethon session:
	Path: C:\projects\tg_accs\18077006341\tdata
	Papa Exception -  type: <class 'asyncio.exceptions.CancelledError'>, message: 
2024-10-12 06:42:56,716 - unnamed - ERROR - Failed to convert TDATA to Telethon session:
	Path: C:\projects\tg_accs\12264550366\tdata
	Papa Exception -  type: <class 'asyncio.exceptions.CancelledError'>, message: 
2024-10-12 06:42:59,364 - unnamed - INFO - Telegram profile connect success - path: C:\projects\tg_accs\12264558635\tdata, id: 7703582587, username: DeborahLamboy2009, phone: 12264558635
2024-10-12 06:42:59,444 - FuckTory - INFO - len of runs: 13
2024-10-12 06:42:59,445 - FuckTory - INFO - len of done runs: 11
2024-10-12 06:42:59,446 - FuckTory - INFO - Starting periodic function 13
2024-10-12 06:42:59,660 - FuckTory - INFO - CURRENT BAD POINTS 26
2024-10-12 06:42:59,660 - FuckTory - INFO - WORKER 12264550366
2024-10-12 06:42:59,660 - FuckTory - INFO - FREE!
2024-10-12 06:42:59,660 - FuckTory - INFO - WORKER 12264558635
2024-10-12 06:42:59,676 - FuckTory - INFO - LOCKED!!
2024-10-12 06:42:59,677 - FuckTory - INFO - WORKER 15874097035
2024-10-12 06:42:59,678 - FuckTory - INFO - FREE!
2024-10-12 06:42:59,678 - FuckTory - INFO - WORKER 18077006341
2024-10-12 06:42:59,679 - FuckTory - INFO - FREE!
2024-10-12 06:42:59,679 - FuckTory - INFO - WORKER 639468092706
2024-10-12 06:42:59,679 - FuckTory - INFO - LOCKED!!
2024-10-12 06:42:59,680 - FuckTory - INFO - WORKER 8801745658318
2024-10-12 06:42:59,680 - FuckTory - INFO - LOCKED!!
2024-10-12 06:42:59,681 - FuckTory - INFO - WORKER 8801747034955
2024-10-12 06:42:59,682 - FuckTory - INFO - LOCKED!!
2024-10-12 06:42:59,682 - FuckTory - INFO - WORKER 8801748878172
2024-10-12 06:42:59,683 - FuckTory - INFO - LOCKED!!
2024-10-12 06:42:59,683 - FuckTory - INFO - CURRENT NOT LOCKED BAD POINTS 21
2024-10-12 06:42:59,684 - FuckTory - INFO - LEFT PIXELS WITOUT WORKERS: 18
2024-10-12 06:42:59,685 - FuckTory - INFO - AMOUNT OF STARTED WORKERS: 3
2024-10-12 06:42:59,703 - unnamed - INFO - Telegram profile loaded - path: C:\projects\tg_accs\15874097035\tdata
2024-10-12 06:42:59,710 - unnamed - INFO - Telegram profile loaded - path: C:\projects\tg_accs\18077006341\tdata
2024-10-12 06:42:59,715 - unnamed - INFO - Telegram profile loaded - path: C:\projects\tg_accs\12264550366\tdata
2024-10-12 06:43:00,245 - FuckTory - INFO - https://notpx.app/#tgWebAppData=query_id%3DAAF7VytLAwAAAHtXK0sQGWOE%26user%3D%257B%2522id%2522%253A7703582587%252C%2522first_name%2522%253A%2522Deborah%2522%252C%2522last_name%2522%253A%2522Lamboy%2522%252C%2522username%2522%253A%2522DeborahLamboy2009%2522%252C%2522language_code%2522%253A%2522en%2522%252C%2522allows_write_to_pm%2522%253Atrue%257D%26auth_date%3D1728729780%26hash%3Dea571cdf9e416e20b82e915716592af246aed68b96e5486d99738fdea9c7f406&tgWebAppVersion=7.10&tgWebAppPlatform=android&tgWebAppThemeParams=%7B%22accent_text_color%22%3A%22%23168acd%22%2C%22bg_color%22%3A%22%23ffffff%22%2C%22bottom_bar_bg_color%22%3A%22%23ffffff%22%2C%22button_color%22%3A%22%2340a7e3%22%2C%22button_text_color%22%3A%22%23ffffff%22%2C%22destructive_text_color%22%3A%22%23d14e4e%22%2C%22header_bg_color%22%3A%22%23ffffff%22%2C%22hint_color%22%3A%22%23999999%22%2C%22link_color%22%3A%22%23168acd%22%2C%22secondary_bg_color%22%3A%22%23f1f1f1%22%2C%22section_bg_color%22%3A%22%23ffffff%22%2C%22section_header_text_color%22%3A%22%23168acd%22%2C%22section_separator_color%22%3A%22%23e7e7e7%22%2C%22subtitle_text_color%22%3A%22%23999999%22%2C%22text_color%22%3A%22%23000000%22%7D
2024-10-12 06:43:00,245 - 12264558635 - DEBUG - Start GET entry URL
2024-10-12 06:43:00,261 - unnamed - ERROR - Failed to convert TDATA to Telethon session:
	Path: C:\projects\tg_accs\8801747034955\tdata
	Papa Exception -  type: <class 'opentele.exception.TDesktopUnauthorized'>, message: TDesktopUnauthorized: TDesktop client is unauthorized [ Called by FromTDesktop() ]
2024-10-12 06:43:00,280 - unnamed - ERROR - Failed to convert TDATA to Telethon session:
	Path: C:\projects\tg_accs\8801748878172\tdata
	Papa Exception -  type: <class 'opentele.exception.TDesktopUnauthorized'>, message: TDesktopUnauthorized: TDesktop client is unauthorized [ Called by FromTDesktop() ]
2024-10-12 06:43:00,293 - unnamed - ERROR - Failed to convert TDATA to Telethon session:
	Path: C:\projects\tg_accs\8801745658318\tdata
	Papa Exception -  type: <class 'opentele.exception.TDesktopUnauthorized'>, message: TDesktopUnauthorized: TDesktop client is unauthorized [ Called by FromTDesktop() ]
2024-10-12 06:43:02,473 - FuckTory - INFO - len of runs: 14
2024-10-12 06:43:02,473 - FuckTory - INFO - len of done runs: 12
2024-10-12 06:43:02,473 - FuckTory - INFO - Starting periodic function 14
2024-10-12 06:43:02,661 - FuckTory - INFO - CURRENT BAD POINTS 26
2024-10-12 06:43:02,661 - FuckTory - INFO - WORKER 12264550366
2024-10-12 06:43:02,662 - FuckTory - INFO - LOCKED!!
2024-10-12 06:43:02,663 - FuckTory - INFO - WORKER 12264558635
2024-10-12 06:43:02,664 - FuckTory - INFO - LOCKED!!
2024-10-12 06:43:02,665 - FuckTory - INFO - WORKER 15874097035
2024-10-12 06:43:02,666 - FuckTory - INFO - LOCKED!!
2024-10-12 06:43:02,667 - FuckTory - INFO - WORKER 18077006341
2024-10-12 06:43:02,667 - FuckTory - INFO - LOCKED!!
2024-10-12 06:43:02,668 - FuckTory - INFO - WORKER 639468092706
2024-10-12 06:43:02,669 - FuckTory - INFO - LOCKED!!
2024-10-12 06:43:02,669 - FuckTory - INFO - WORKER 8801745658318
2024-10-12 06:43:02,670 - FuckTory - INFO - FREE!
2024-10-12 06:43:02,670 - FuckTory - INFO - WORKER 8801747034955
2024-10-12 06:43:02,671 - FuckTory - INFO - FREE!
2024-10-12 06:43:02,676 - FuckTory - INFO - WORKER 8801748878172
2024-10-12 06:43:02,679 - FuckTory - INFO - FREE!
2024-10-12 06:43:02,680 - FuckTory - INFO - CURRENT NOT LOCKED BAD POINTS 21
2024-10-12 06:43:02,682 - FuckTory - INFO - LEFT PIXELS WITOUT WORKERS: 18
2024-10-12 06:43:02,682 - FuckTory - INFO - AMOUNT OF STARTED WORKERS: 3
2024-10-12 06:43:02,684 - unnamed - INFO - Telegram profile loaded - path: C:\projects\tg_accs\8801748878172\tdata
2024-10-12 06:43:02,697 - unnamed - INFO - Telegram profile loaded - path: C:\projects\tg_accs\8801747034955\tdata
2024-10-12 06:43:02,704 - unnamed - INFO - Telegram profile loaded - path: C:\projects\tg_accs\8801745658318\tdata
2024-10-12 06:43:04,003 - 639468092706 - INFO - Finish GET entry URL GET, status: 200, content len: 6121
2024-10-12 06:43:04,003 - 639468092706 - DEBUG - Start GET account status
2024-10-12 06:43:04,660 - unnamed - INFO - Telegram profile connect success - path: C:\projects\tg_accs\12264550366\tdata, id: 7596997432, username: TamaraKanahele2022, phone: 12264550366
2024-10-12 06:43:05,115 - unnamed - INFO - Telegram profile connect success - path: C:\projects\tg_accs\18077006341\tdata, id: 7515509069, username: JeanneBlair2001, phone: 18077006341
2024-10-12 06:43:05,198 - unnamed - INFO - Telegram profile connect success - path: C:\projects\tg_accs\15874097035\tdata, id: 6714712311, username: guapepep, phone: 15874097035
2024-10-12 06:43:05,422 - FuckTory - INFO - https://notpx.app/#tgWebAppData=query_id%3DAAE4-9BEAwAAADj70ERrzwFg%26user%3D%257B%2522id%2522%253A7596997432%252C%2522first_name%2522%253A%2522Tamara%2522%252C%2522last_name%2522%253A%2522Kanahele%2522%252C%2522username%2522%253A%2522TamaraKanahele2022%2522%252C%2522language_code%2522%253A%2522en%2522%252C%2522allows_write_to_pm%2522%253Atrue%257D%26auth_date%3D1728729785%26hash%3D0648736a59918411b495acb6af53a2768c09d9745b0792bbdc65858a3eb2f26e&tgWebAppVersion=7.10&tgWebAppPlatform=android&tgWebAppThemeParams=%7B%22accent_text_color%22%3A%22%23168acd%22%2C%22bg_color%22%3A%22%23ffffff%22%2C%22bottom_bar_bg_color%22%3A%22%23ffffff%22%2C%22button_color%22%3A%22%2340a7e3%22%2C%22button_text_color%22%3A%22%23ffffff%22%2C%22destructive_text_color%22%3A%22%23d14e4e%22%2C%22header_bg_color%22%3A%22%23ffffff%22%2C%22hint_color%22%3A%22%23999999%22%2C%22link_color%22%3A%22%23168acd%22%2C%22secondary_bg_color%22%3A%22%23f1f1f1%22%2C%22section_bg_color%22%3A%22%23ffffff%22%2C%22section_header_text_color%22%3A%22%23168acd%22%2C%22section_separator_color%22%3A%22%23e7e7e7%22%2C%22subtitle_text_color%22%3A%22%23999999%22%2C%22text_color%22%3A%22%23000000%22%7D
2024-10-12 06:43:05,440 - 12264550366 - DEBUG - Start GET entry URL
2024-10-12 06:43:05,485 - FuckTory - INFO - len of runs: 15
2024-10-12 06:43:05,485 - FuckTory - INFO - len of done runs: 12
2024-10-12 06:43:05,485 - FuckTory - INFO - Starting periodic function 15
2024-10-12 06:43:05,667 - FuckTory - INFO - CURRENT BAD POINTS 26
2024-10-12 06:43:05,667 - FuckTory - INFO - WORKER 12264550366
2024-10-12 06:43:05,668 - FuckTory - INFO - LOCKED!!
2024-10-12 06:43:05,668 - FuckTory - INFO - WORKER 12264558635
2024-10-12 06:43:05,669 - FuckTory - INFO - LOCKED!!
2024-10-12 06:43:05,669 - FuckTory - INFO - WORKER 15874097035
2024-10-12 06:43:05,669 - FuckTory - INFO - LOCKED!!
2024-10-12 06:43:05,670 - FuckTory - INFO - WORKER 18077006341
2024-10-12 06:43:05,670 - FuckTory - INFO - LOCKED!!
2024-10-12 06:43:05,670 - FuckTory - INFO - WORKER 639468092706
2024-10-12 06:43:05,671 - FuckTory - INFO - LOCKED!!
2024-10-12 06:43:05,671 - FuckTory - INFO - WORKER 8801745658318
2024-10-12 06:43:05,671 - FuckTory - INFO - LOCKED!!
2024-10-12 06:43:05,677 - FuckTory - INFO - WORKER 8801747034955
2024-10-12 06:43:05,678 - FuckTory - INFO - LOCKED!!
2024-10-12 06:43:05,679 - FuckTory - INFO - WORKER 8801748878172
2024-10-12 06:43:05,679 - FuckTory - INFO - LOCKED!!
2024-10-12 06:43:05,680 - FuckTory - INFO - CURRENT NOT LOCKED BAD POINTS 18
2024-10-12 06:43:05,681 - FuckTory - INFO - LEFT PIXELS WITOUT WORKERS: 18
2024-10-12 06:43:05,682 - FuckTory - INFO - AMOUNT OF STARTED WORKERS: 0
2024-10-12 06:43:06,162 - FuckTory - INFO - https://notpx.app/#tgWebAppData=query_id%3DAAFNkfU_AwAAAE2R9T8Jcfqr%26user%3D%257B%2522id%2522%253A7515509069%252C%2522first_name%2522%253A%2522Jeanne%2522%252C%2522last_name%2522%253A%2522Blair%2522%252C%2522username%2522%253A%2522JeanneBlair2001%2522%252C%2522language_code%2522%253A%2522en%2522%252C%2522allows_write_to_pm%2522%253Atrue%257D%26auth_date%3D1728729786%26hash%3D059ff537ea8ba2eb48e3990bfd0038b7cb5620d812384a916cd5d857ae87ff65&tgWebAppVersion=7.10&tgWebAppPlatform=android&tgWebAppThemeParams=%7B%22accent_text_color%22%3A%22%23168acd%22%2C%22bg_color%22%3A%22%23ffffff%22%2C%22bottom_bar_bg_color%22%3A%22%23ffffff%22%2C%22button_color%22%3A%22%2340a7e3%22%2C%22button_text_color%22%3A%22%23ffffff%22%2C%22destructive_text_color%22%3A%22%23d14e4e%22%2C%22header_bg_color%22%3A%22%23ffffff%22%2C%22hint_color%22%3A%22%23999999%22%2C%22link_color%22%3A%22%23168acd%22%2C%22secondary_bg_color%22%3A%22%23f1f1f1%22%2C%22section_bg_color%22%3A%22%23ffffff%22%2C%22section_header_text_color%22%3A%22%23168acd%22%2C%22section_separator_color%22%3A%22%23e7e7e7%22%2C%22subtitle_text_color%22%3A%22%23999999%22%2C%22text_color%22%3A%22%23000000%22%7D
2024-10-12 06:43:06,174 - 18077006341 - DEBUG - Start GET entry URL
2024-10-12 06:43:06,182 - FuckTory - INFO - https://notpx.app/#tgWebAppData=query_id%3DAAH3YDoQAwAAAPdgOhA92Q2t%26user%3D%257B%2522id%2522%253A6714712311%252C%2522first_name%2522%253A%2522Catherine%2522%252C%2522last_name%2522%253A%2522Martin%2522%252C%2522username%2522%253A%2522guapepep%2522%252C%2522language_code%2522%253A%2522en%2522%252C%2522allows_write_to_pm%2522%253Atrue%257D%26auth_date%3D1728729786%26hash%3D4aede5c168dc39fff3f98c41e03ae739285176b04934e02edefbab34f65d1cf1&tgWebAppVersion=7.10&tgWebAppPlatform=android&tgWebAppThemeParams=%7B%22accent_text_color%22%3A%22%23168acd%22%2C%22bg_color%22%3A%22%23ffffff%22%2C%22bottom_bar_bg_color%22%3A%22%23ffffff%22%2C%22button_color%22%3A%22%2340a7e3%22%2C%22button_text_color%22%3A%22%23ffffff%22%2C%22destructive_text_color%22%3A%22%23d14e4e%22%2C%22header_bg_color%22%3A%22%23ffffff%22%2C%22hint_color%22%3A%22%23999999%22%2C%22link_color%22%3A%22%23168acd%22%2C%22secondary_bg_color%22%3A%22%23f1f1f1%22%2C%22section_bg_color%22%3A%22%23ffffff%22%2C%22section_header_text_color%22%3A%22%23168acd%22%2C%22section_separator_color%22%3A%22%23e7e7e7%22%2C%22subtitle_text_color%22%3A%22%23999999%22%2C%22text_color%22%3A%22%23000000%22%7D
2024-10-12 06:43:06,193 - 15874097035 - DEBUG - Start GET entry URL
2024-10-12 06:43:06,243 - unnamed - ERROR - Failed to convert TDATA to Telethon session:
	Path: C:\projects\tg_accs\8801747034955\tdata
	Papa Exception -  type: <class 'opentele.exception.TDesktopUnauthorized'>, message: TDesktopUnauthorized: TDesktop client is unauthorized [ Called by FromTDesktop() ]
2024-10-12 06:43:06,257 - unnamed - ERROR - Failed to convert TDATA to Telethon session:
	Path: C:\projects\tg_accs\8801748878172\tdata
	Papa Exception -  type: <class 'opentele.exception.TDesktopUnauthorized'>, message: TDesktopUnauthorized: TDesktop client is unauthorized [ Called by FromTDesktop() ]
2024-10-12 06:43:06,313 - unnamed - ERROR - Failed to convert TDATA to Telethon session:
	Path: C:\projects\tg_accs\8801745658318\tdata
	Papa Exception -  type: <class 'opentele.exception.TDesktopUnauthorized'>, message: TDesktopUnauthorized: TDesktop client is unauthorized [ Called by FromTDesktop() ]
2024-10-12 06:43:08,489 - FuckTory - INFO - len of runs: 16
2024-10-12 06:43:08,489 - FuckTory - INFO - len of done runs: 14
2024-10-12 06:43:08,489 - FuckTory - INFO - Starting periodic function 16
2024-10-12 06:43:08,677 - FuckTory - INFO - CURRENT BAD POINTS 26
2024-10-12 06:43:08,678 - FuckTory - INFO - WORKER 12264550366
2024-10-12 06:43:08,679 - FuckTory - INFO - LOCKED!!
2024-10-12 06:43:08,679 - FuckTory - INFO - WORKER 12264558635
2024-10-12 06:43:08,680 - FuckTory - INFO - LOCKED!!
2024-10-12 06:43:08,680 - FuckTory - INFO - WORKER 15874097035
2024-10-12 06:43:08,681 - FuckTory - INFO - LOCKED!!
2024-10-12 06:43:08,681 - FuckTory - INFO - WORKER 18077006341
2024-10-12 06:43:08,682 - FuckTory - INFO - LOCKED!!
2024-10-12 06:43:08,683 - FuckTory - INFO - WORKER 639468092706
2024-10-12 06:43:08,683 - FuckTory - INFO - LOCKED!!
2024-10-12 06:43:08,684 - FuckTory - INFO - WORKER 8801745658318
2024-10-12 06:43:08,685 - FuckTory - INFO - FREE!
2024-10-12 06:43:08,686 - FuckTory - INFO - WORKER 8801747034955
2024-10-12 06:43:08,686 - FuckTory - INFO - FREE!
2024-10-12 06:43:08,686 - FuckTory - INFO - WORKER 8801748878172
2024-10-12 06:43:08,687 - FuckTory - INFO - FREE!
2024-10-12 06:43:08,688 - FuckTory - INFO - CURRENT NOT LOCKED BAD POINTS 21
2024-10-12 06:43:08,688 - FuckTory - INFO - LEFT PIXELS WITOUT WORKERS: 18
2024-10-12 06:43:08,689 - FuckTory - INFO - AMOUNT OF STARTED WORKERS: 3
2024-10-12 06:43:08,695 - unnamed - INFO - Telegram profile loaded - path: C:\projects\tg_accs\8801748878172\tdata
2024-10-12 06:43:08,702 - unnamed - INFO - Telegram profile loaded - path: C:\projects\tg_accs\8801747034955\tdata
2024-10-12 06:43:08,782 - unnamed - INFO - Telegram profile loaded - path: C:\projects\tg_accs\8801745658318\tdata
2024-10-12 06:43:10,833 - 12264558635 - INFO - Finish GET entry URL GET, status: 200, content len: 6121
2024-10-12 06:43:10,833 - 12264558635 - DEBUG - Start GET account status
2024-10-12 06:43:11,488 - FuckTory - INFO - len of runs: 17
2024-10-12 06:43:11,488 - FuckTory - INFO - len of done runs: 14
2024-10-12 06:43:11,488 - FuckTory - INFO - Starting periodic function 17
2024-10-12 06:43:11,783 - FuckTory - INFO - CURRENT BAD POINTS 26
2024-10-12 06:43:11,786 - FuckTory - INFO - WORKER 12264550366
2024-10-12 06:43:11,787 - FuckTory - INFO - LOCKED!!
2024-10-12 06:43:11,787 - FuckTory - INFO - WORKER 12264558635
2024-10-12 06:43:11,788 - FuckTory - INFO - LOCKED!!
2024-10-12 06:43:11,788 - FuckTory - INFO - WORKER 15874097035
2024-10-12 06:43:11,788 - FuckTory - INFO - LOCKED!!
2024-10-12 06:43:11,789 - FuckTory - INFO - WORKER 18077006341
2024-10-12 06:43:11,789 - FuckTory - INFO - LOCKED!!
2024-10-12 06:43:11,789 - FuckTory - INFO - WORKER 639468092706
2024-10-12 06:43:11,790 - FuckTory - INFO - LOCKED!!
2024-10-12 06:43:11,790 - FuckTory - INFO - WORKER 8801745658318
2024-10-12 06:43:11,791 - FuckTory - INFO - LOCKED!!
2024-10-12 06:43:11,791 - FuckTory - INFO - WORKER 8801747034955
2024-10-12 06:43:11,791 - FuckTory - INFO - LOCKED!!
2024-10-12 06:43:11,792 - FuckTory - INFO - WORKER 8801748878172
2024-10-12 06:43:11,792 - FuckTory - INFO - LOCKED!!
2024-10-12 06:43:11,793 - FuckTory - INFO - CURRENT NOT LOCKED BAD POINTS 18
2024-10-12 06:43:11,793 - FuckTory - INFO - LEFT PIXELS WITOUT WORKERS: 18
2024-10-12 06:43:11,793 - FuckTory - INFO - AMOUNT OF STARTED WORKERS: 0
2024-10-12 06:43:12,338 - unnamed - ERROR - Failed to convert TDATA to Telethon session:
	Path: C:\projects\tg_accs\8801745658318\tdata
	Papa Exception -  type: <class 'opentele.exception.TDesktopUnauthorized'>, message: TDesktopUnauthorized: TDesktop client is unauthorized [ Called by FromTDesktop() ]
2024-10-12 06:43:12,368 - unnamed - ERROR - Failed to convert TDATA to Telethon session:
	Path: C:\projects\tg_accs\8801748878172\tdata
	Papa Exception -  type: <class 'opentele.exception.TDesktopUnauthorized'>, message: TDesktopUnauthorized: TDesktop client is unauthorized [ Called by FromTDesktop() ]
2024-10-12 06:43:12,375 - unnamed - ERROR - Failed to convert TDATA to Telethon session:
	Path: C:\projects\tg_accs\8801747034955\tdata
	Papa Exception -  type: <class 'opentele.exception.TDesktopUnauthorized'>, message: TDesktopUnauthorized: TDesktop client is unauthorized [ Called by FromTDesktop() ]
2024-10-12 06:43:13,183 - 639468092706 - INFO - Finish GET account state, status: 200, content: b'{"coins":0.00018899999999999999,"speedPerSecond":0.000011666666666666666,"fromStart":56,"fromUpdate":0,"maxMiningTime":28800,"claimed":0,"boosts":{"energyLimit":2,"paintReward":2,"reChargeSpeed":2},"repaintsTotal":10,"userBalance":3.191402166666663,"activated":true,"league":"silver","charges":4,"maxCharges":12,"reChargeTimer":6246,"reChargeSpeed":570000,"goods":{},"tasks":{}}\n' content len: 379
2024-10-12 06:43:13,183 - 639468092706 - DEBUG - Start CLAIM
2024-10-12 06:43:14,491 - FuckTory - INFO - len of runs: 18
2024-10-12 06:43:14,491 - FuckTory - INFO - len of done runs: 16
2024-10-12 06:43:14,491 - FuckTory - INFO - Starting periodic function 18
2024-10-12 06:43:14,648 - FuckTory - INFO - CURRENT BAD POINTS 26
2024-10-12 06:43:14,650 - FuckTory - INFO - WORKER 12264550366
2024-10-12 06:43:14,650 - FuckTory - INFO - LOCKED!!
2024-10-12 06:43:14,650 - FuckTory - INFO - WORKER 12264558635
2024-10-12 06:43:14,650 - FuckTory - INFO - LOCKED!!
2024-10-12 06:43:14,652 - FuckTory - INFO - WORKER 15874097035
2024-10-12 06:43:14,652 - FuckTory - INFO - LOCKED!!
2024-10-12 06:43:14,652 - FuckTory - INFO - WORKER 18077006341
2024-10-12 06:43:14,652 - FuckTory - INFO - LOCKED!!
2024-10-12 06:43:14,653 - FuckTory - INFO - WORKER 639468092706
2024-10-12 06:43:14,653 - FuckTory - INFO - LOCKED!!
2024-10-12 06:43:14,654 - FuckTory - INFO - WORKER 8801745658318
2024-10-12 06:43:14,654 - FuckTory - INFO - FREE!
2024-10-12 06:43:14,655 - FuckTory - INFO - WORKER 8801747034955
2024-10-12 06:43:14,655 - FuckTory - INFO - FREE!
2024-10-12 06:43:14,656 - FuckTory - INFO - WORKER 8801748878172
2024-10-12 06:43:14,656 - FuckTory - INFO - FREE!
2024-10-12 06:43:14,656 - FuckTory - INFO - CURRENT NOT LOCKED BAD POINTS 21
2024-10-12 06:43:14,658 - FuckTory - INFO - LEFT PIXELS WITOUT WORKERS: 18
2024-10-12 06:43:14,658 - FuckTory - INFO - AMOUNT OF STARTED WORKERS: 3
2024-10-12 06:43:14,664 - unnamed - INFO - Telegram profile loaded - path: C:\projects\tg_accs\8801745658318\tdata
2024-10-12 06:43:14,669 - unnamed - INFO - Telegram profile loaded - path: C:\projects\tg_accs\8801748878172\tdata
2024-10-12 06:43:14,676 - unnamed - INFO - Telegram profile loaded - path: C:\projects\tg_accs\8801747034955\tdata
2024-10-12 06:43:16,348 - 12264550366 - INFO - Finish GET entry URL GET, status: 200, content len: 6121
2024-10-12 06:43:16,348 - 12264550366 - DEBUG - Start GET account status
2024-10-12 06:43:17,086 - 15874097035 - INFO - Finish GET entry URL GET, status: 200, content len: 6121
2024-10-12 06:43:17,086 - 15874097035 - DEBUG - Start GET account status
2024-10-12 06:43:17,474 - FuckTory - INFO - len of runs: 19
2024-10-12 06:43:17,474 - FuckTory - INFO - len of done runs: 16
2024-10-12 06:43:17,474 - FuckTory - INFO - Starting periodic function 19
2024-10-12 06:43:17,683 - FuckTory - INFO - CURRENT BAD POINTS 26
2024-10-12 06:43:17,684 - FuckTory - INFO - WORKER 12264550366
2024-10-12 06:43:17,684 - FuckTory - INFO - LOCKED!!
2024-10-12 06:43:17,685 - FuckTory - INFO - WORKER 12264558635
2024-10-12 06:43:17,685 - FuckTory - INFO - LOCKED!!
2024-10-12 06:43:17,686 - FuckTory - INFO - WORKER 15874097035
2024-10-12 06:43:17,686 - FuckTory - INFO - LOCKED!!
2024-10-12 06:43:17,687 - FuckTory - INFO - WORKER 18077006341
2024-10-12 06:43:17,687 - FuckTory - INFO - LOCKED!!
2024-10-12 06:43:17,687 - FuckTory - INFO - WORKER 639468092706
2024-10-12 06:43:17,688 - FuckTory - INFO - LOCKED!!
2024-10-12 06:43:17,688 - FuckTory - INFO - WORKER 8801745658318
2024-10-12 06:43:17,689 - FuckTory - INFO - LOCKED!!
2024-10-12 06:43:17,689 - FuckTory - INFO - WORKER 8801747034955
2024-10-12 06:43:17,689 - FuckTory - INFO - LOCKED!!
2024-10-12 06:43:17,690 - FuckTory - INFO - WORKER 8801748878172
2024-10-12 06:43:17,691 - FuckTory - INFO - LOCKED!!
2024-10-12 06:43:17,691 - FuckTory - INFO - CURRENT NOT LOCKED BAD POINTS 18
2024-10-12 06:43:17,692 - FuckTory - INFO - LEFT PIXELS WITOUT WORKERS: 18
2024-10-12 06:43:17,692 - FuckTory - INFO - AMOUNT OF STARTED WORKERS: 0
2024-10-12 06:43:18,052 - 18077006341 - INFO - Finish GET entry URL GET, status: 200, content len: 6121
2024-10-12 06:43:18,052 - 18077006341 - DEBUG - Start GET account status
2024-10-12 06:43:18,238 - unnamed - ERROR - Failed to convert TDATA to Telethon session:
	Path: C:\projects\tg_accs\8801748878172\tdata
	Papa Exception -  type: <class 'opentele.exception.TDesktopUnauthorized'>, message: TDesktopUnauthorized: TDesktop client is unauthorized [ Called by FromTDesktop() ]
2024-10-12 06:43:18,254 - unnamed - ERROR - Failed to convert TDATA to Telethon session:
	Path: C:\projects\tg_accs\8801747034955\tdata
	Papa Exception -  type: <class 'opentele.exception.TDesktopUnauthorized'>, message: TDesktopUnauthorized: TDesktop client is unauthorized [ Called by FromTDesktop() ]
2024-10-12 06:43:18,762 - unnamed - ERROR - Failed to convert TDATA to Telethon session:
	Path: C:\projects\tg_accs\8801745658318\tdata
	Papa Exception -  type: <class 'opentele.exception.TDesktopUnauthorized'>, message: TDesktopUnauthorized: TDesktop client is unauthorized [ Called by FromTDesktop() ]
2024-10-12 06:43:20,488 - FuckTory - INFO - len of runs: 20
2024-10-12 06:43:20,488 - FuckTory - INFO - len of done runs: 18
2024-10-12 06:43:20,488 - FuckTory - INFO - Starting periodic function 20
2024-10-12 06:43:20,772 - FuckTory - INFO - CURRENT BAD POINTS 26
2024-10-12 06:43:20,772 - FuckTory - INFO - WORKER 12264550366
2024-10-12 06:43:20,772 - FuckTory - INFO - LOCKED!!
2024-10-12 06:43:20,772 - FuckTory - INFO - WORKER 12264558635
2024-10-12 06:43:20,772 - FuckTory - INFO - LOCKED!!
2024-10-12 06:43:20,772 - FuckTory - INFO - WORKER 15874097035
2024-10-12 06:43:20,772 - FuckTory - INFO - LOCKED!!
2024-10-12 06:43:20,772 - FuckTory - INFO - WORKER 18077006341
2024-10-12 06:43:20,772 - FuckTory - INFO - LOCKED!!
2024-10-12 06:43:20,772 - FuckTory - INFO - WORKER 639468092706
2024-10-12 06:43:20,772 - FuckTory - INFO - LOCKED!!
2024-10-12 06:43:20,772 - FuckTory - INFO - WORKER 8801745658318
2024-10-12 06:43:20,772 - FuckTory - INFO - FREE!
2024-10-12 06:43:20,772 - FuckTory - INFO - WORKER 8801747034955
2024-10-12 06:43:20,772 - FuckTory - INFO - FREE!
2024-10-12 06:43:20,772 - FuckTory - INFO - WORKER 8801748878172
2024-10-12 06:43:20,772 - FuckTory - INFO - FREE!
2024-10-12 06:43:20,772 - FuckTory - INFO - CURRENT NOT LOCKED BAD POINTS 21
2024-10-12 06:43:20,772 - FuckTory - INFO - LEFT PIXELS WITOUT WORKERS: 18
2024-10-12 06:43:20,772 - FuckTory - INFO - AMOUNT OF STARTED WORKERS: 3
2024-10-12 06:43:20,792 - unnamed - INFO - Telegram profile loaded - path: C:\projects\tg_accs\8801745658318\tdata
2024-10-12 06:43:20,799 - unnamed - INFO - Telegram profile loaded - path: C:\projects\tg_accs\8801747034955\tdata
2024-10-12 06:43:20,804 - unnamed - INFO - Telegram profile loaded - path: C:\projects\tg_accs\8801748878172\tdata
2024-10-12 06:43:22,718 - 12264558635 - INFO - Finish GET account state, status: 200, content: b'{"coins":0,"speedPerSecond":0.000056,"fromStart":47,"fromUpdate":0,"maxMiningTime":28800,"claimed":0,"boosts":{"energyLimit":2,"paintReward":2,"reChargeSpeed":2},"repaintsTotal":48,"userBalance":55.79398016666668,"activated":true,"league":"silver","charges":3,"maxCharges":6,"reChargeTimer":32019,"reChargeSpeed":570000,"goods":{},"tasks":{}}\n' content len: 343
2024-10-12 06:43:22,718 - 12264558635 - DEBUG - Start CLAIM
2024-10-12 06:43:23,506 - FuckTory - INFO - len of runs: 21
2024-10-12 06:43:23,506 - FuckTory - INFO - len of done runs: 18
2024-10-12 06:43:23,506 - FuckTory - INFO - Starting periodic function 21
2024-10-12 06:43:23,694 - FuckTory - INFO - CURRENT BAD POINTS 26
2024-10-12 06:43:23,694 - FuckTory - INFO - WORKER 12264550366
2024-10-12 06:43:23,695 - FuckTory - INFO - LOCKED!!
2024-10-12 06:43:23,696 - FuckTory - INFO - WORKER 12264558635
2024-10-12 06:43:23,697 - FuckTory - INFO - LOCKED!!
2024-10-12 06:43:23,698 - FuckTory - INFO - WORKER 15874097035
2024-10-12 06:43:23,699 - FuckTory - INFO - LOCKED!!
2024-10-12 06:43:23,700 - FuckTory - INFO - WORKER 18077006341
2024-10-12 06:43:23,701 - FuckTory - INFO - LOCKED!!
2024-10-12 06:43:23,702 - FuckTory - INFO - WORKER 639468092706
2024-10-12 06:43:23,703 - FuckTory - INFO - LOCKED!!
2024-10-12 06:43:23,704 - FuckTory - INFO - WORKER 8801745658318
2024-10-12 06:43:23,704 - FuckTory - INFO - LOCKED!!
2024-10-12 06:43:23,705 - FuckTory - INFO - WORKER 8801747034955
2024-10-12 06:43:23,706 - FuckTory - INFO - LOCKED!!
2024-10-12 06:43:23,713 - FuckTory - INFO - WORKER 8801748878172
2024-10-12 06:43:23,715 - FuckTory - INFO - LOCKED!!
2024-10-12 06:43:23,717 - FuckTory - INFO - CURRENT NOT LOCKED BAD POINTS 18
2024-10-12 06:43:23,717 - FuckTory - INFO - LEFT PIXELS WITOUT WORKERS: 18
2024-10-12 06:43:23,717 - FuckTory - INFO - AMOUNT OF STARTED WORKERS: 0
2024-10-12 06:43:24,271 - unnamed - ERROR - Failed to convert TDATA to Telethon session:
	Path: C:\projects\tg_accs\8801745658318\tdata
	Papa Exception -  type: <class 'opentele.exception.TDesktopUnauthorized'>, message: TDesktopUnauthorized: TDesktop client is unauthorized [ Called by FromTDesktop() ]
2024-10-12 06:43:24,286 - unnamed - ERROR - Failed to convert TDATA to Telethon session:
	Path: C:\projects\tg_accs\8801748878172\tdata
	Papa Exception -  type: <class 'opentele.exception.TDesktopUnauthorized'>, message: TDesktopUnauthorized: TDesktop client is unauthorized [ Called by FromTDesktop() ]
2024-10-12 06:43:24,397 - unnamed - ERROR - Failed to convert TDATA to Telethon session:
	Path: C:\projects\tg_accs\8801747034955\tdata
	Papa Exception -  type: <class 'opentele.exception.TDesktopUnauthorized'>, message: TDesktopUnauthorized: TDesktop client is unauthorized [ Called by FromTDesktop() ]
2024-10-12 06:43:24,666 - 639468092706 - INFO - Finish CLAIM, status: 200, content: b'{"coins":0,"speedPerSecond":0.000011666666666666666,"fromStart":0,"fromUpdate":0,"maxMiningTime":28800,"claimed":0.0007583333333333333,"boosts":{"energyLimit":2,"paintReward":2,"reChargeSpeed":2},"repaintsTotal":0,"userBalance":0,"activated":true,"league":"silver","charges":0,"maxCharges":0,"reChargeTimer":0,"reChargeSpeed":0,"goods":null,"tasks":{}}\n' content len: 353
2024-10-12 06:43:24,669 - 639468092706 - DEBUG - Start PAINT PIXEL 228:230
2024-10-12 06:43:26,498 - FuckTory - INFO - len of runs: 22
2024-10-12 06:43:26,501 - FuckTory - INFO - len of done runs: 20
2024-10-12 06:43:26,502 - FuckTory - INFO - Starting periodic function 22
2024-10-12 06:43:26,678 - FuckTory - INFO - CURRENT BAD POINTS 26
2024-10-12 06:43:26,679 - FuckTory - INFO - WORKER 12264550366
2024-10-12 06:43:26,679 - FuckTory - INFO - LOCKED!!
2024-10-12 06:43:26,680 - FuckTory - INFO - WORKER 12264558635
2024-10-12 06:43:26,680 - FuckTory - INFO - LOCKED!!
2024-10-12 06:43:26,680 - FuckTory - INFO - WORKER 15874097035
2024-10-12 06:43:26,681 - FuckTory - INFO - LOCKED!!
2024-10-12 06:43:26,681 - FuckTory - INFO - WORKER 18077006341
2024-10-12 06:43:26,682 - FuckTory - INFO - LOCKED!!
2024-10-12 06:43:26,682 - FuckTory - INFO - WORKER 639468092706
2024-10-12 06:43:26,682 - FuckTory - INFO - LOCKED!!
2024-10-12 06:43:26,683 - FuckTory - INFO - WORKER 8801745658318
2024-10-12 06:43:26,683 - FuckTory - INFO - FREE!
2024-10-12 06:43:26,684 - FuckTory - INFO - WORKER 8801747034955
2024-10-12 06:43:26,684 - FuckTory - INFO - FREE!
2024-10-12 06:43:26,684 - FuckTory - INFO - WORKER 8801748878172
2024-10-12 06:43:26,685 - FuckTory - INFO - FREE!
2024-10-12 06:43:26,685 - FuckTory - INFO - CURRENT NOT LOCKED BAD POINTS 21
2024-10-12 06:43:26,686 - FuckTory - INFO - LEFT PIXELS WITOUT WORKERS: 18
2024-10-12 06:43:26,687 - FuckTory - INFO - AMOUNT OF STARTED WORKERS: 3
2024-10-12 06:43:26,693 - unnamed - INFO - Telegram profile loaded - path: C:\projects\tg_accs\8801747034955\tdata
2024-10-12 06:43:26,699 - unnamed - INFO - Telegram profile loaded - path: C:\projects\tg_accs\8801748878172\tdata
2024-10-12 06:43:26,701 - unnamed - INFO - Telegram profile loaded - path: C:\projects\tg_accs\8801745658318\tdata
2024-10-12 06:43:26,701 - 15874097035 - INFO - Finish GET account state, status: 200, content: b'{"coins":0,"speedPerSecond":0.00004316666666666666,"fromStart":2052,"fromUpdate":0,"maxMiningTime":28800,"claimed":0,"boosts":{"energyLimit":2,"paintReward":2,"reChargeSpeed":2},"repaintsTotal":37,"userBalance":36.62116316666667,"activated":true,"league":"silver","charges":3,"maxCharges":6,"reChargeTimer":27224,"reChargeSpeed":570000,"goods":{},"tasks":{}}\n' content len: 359
2024-10-12 06:43:26,708 - 15874097035 - DEBUG - Start CLAIM
2024-10-12 06:43:28,676 - 12264550366 - INFO - Finish GET account state, status: 200, content: b'{"coins":0,"speedPerSecond":0.00006533333333333333,"fromStart":49,"fromUpdate":0,"maxMiningTime":28800,"claimed":0,"boosts":{"energyLimit":2,"paintReward":2,"reChargeSpeed":2},"repaintsTotal":56,"userBalance":69.14928166666661,"activated":true,"league":"silver","charges":3,"maxCharges":6,"reChargeTimer":23312,"reChargeSpeed":570000,"goods":{},"tasks":{}}\n' content len: 357
2024-10-12 06:43:28,676 - 12264550366 - DEBUG - Start CLAIM
2024-10-12 06:43:29,214 - 18077006341 - INFO - Finish GET account state, status: 200, content: b'{"coins":0,"speedPerSecond":0.000046666666666666665,"fromStart":52,"fromUpdate":0,"maxMiningTime":28800,"claimed":0,"boosts":{"energyLimit":2,"paintReward":2,"reChargeSpeed":2},"repaintsTotal":40,"userBalance":36.51983350000001,"activated":true,"league":"silver","charges":4,"maxCharges":12,"reChargeTimer":537485,"reChargeSpeed":570000,"goods":{},"tasks":{}}\n' content len: 360
2024-10-12 06:43:29,217 - 18077006341 - DEBUG - Start CLAIM
2024-10-12 06:43:29,501 - FuckTory - INFO - len of runs: 23
2024-10-12 06:43:29,502 - FuckTory - INFO - len of done runs: 20
2024-10-12 06:43:29,502 - FuckTory - INFO - Starting periodic function 23
2024-10-12 06:43:29,683 - FuckTory - INFO - CURRENT BAD POINTS 26
2024-10-12 06:43:29,684 - FuckTory - INFO - WORKER 12264550366
2024-10-12 06:43:29,684 - FuckTory - INFO - LOCKED!!
2024-10-12 06:43:29,685 - FuckTory - INFO - WORKER 12264558635
2024-10-12 06:43:29,685 - FuckTory - INFO - LOCKED!!
2024-10-12 06:43:29,686 - FuckTory - INFO - WORKER 15874097035
2024-10-12 06:43:29,686 - FuckTory - INFO - LOCKED!!
2024-10-12 06:43:29,687 - FuckTory - INFO - WORKER 18077006341
2024-10-12 06:43:29,687 - FuckTory - INFO - LOCKED!!
2024-10-12 06:43:29,687 - FuckTory - INFO - WORKER 639468092706
2024-10-12 06:43:29,688 - FuckTory - INFO - LOCKED!!
2024-10-12 06:43:29,688 - FuckTory - INFO - WORKER 8801745658318
2024-10-12 06:43:29,688 - FuckTory - INFO - LOCKED!!
2024-10-12 06:43:29,689 - FuckTory - INFO - WORKER 8801747034955
2024-10-12 06:43:29,689 - FuckTory - INFO - LOCKED!!
2024-10-12 06:43:29,689 - FuckTory - INFO - WORKER 8801748878172
2024-10-12 06:43:29,690 - FuckTory - INFO - LOCKED!!
2024-10-12 06:43:29,692 - FuckTory - INFO - CURRENT NOT LOCKED BAD POINTS 18
2024-10-12 06:43:29,692 - FuckTory - INFO - LEFT PIXELS WITOUT WORKERS: 18
2024-10-12 06:43:29,693 - FuckTory - INFO - AMOUNT OF STARTED WORKERS: 0
2024-10-12 06:43:29,704 - unnamed - ERROR - Bad HTTP status:
	Url: https://notpx.app/api/v1/mining/claim
	Proxy: socks5://07196708-zone-custom-region-CA-city-toronto-sessid-z0XjjaRn-sessTime-120:6pGOVG0G@f.proxys5.net:6200	Status: 504
2024-10-12 06:43:29,706 - unnamed - ERROR - Failed HTTP request:
	Url: https://notpx.app/api/v1/mining/claim
	Proxy: socks5://07196708-zone-custom-region-CA-city-toronto-sessid-z0XjjaRn-sessTime-120:6pGOVG0G@f.proxys5.net:6200	Papa Exception -  type: <class 'exceptions.BadStatus'>, message: Bad HTTP status:
	Url: https://notpx.app/api/v1/mining/claim
	Proxy: socks5://07196708-zone-custom-region-CA-city-toronto-sessid-z0XjjaRn-sessTime-120:6pGOVG0G@f.proxys5.net:6200	Status: 504
2024-10-12 06:43:30,232 - unnamed - ERROR - Failed to convert TDATA to Telethon session:
	Path: C:\projects\tg_accs\8801747034955\tdata
	Papa Exception -  type: <class 'opentele.exception.TDesktopUnauthorized'>, message: TDesktopUnauthorized: TDesktop client is unauthorized [ Called by FromTDesktop() ]
2024-10-12 06:43:30,263 - unnamed - ERROR - Failed to convert TDATA to Telethon session:
	Path: C:\projects\tg_accs\8801745658318\tdata
	Papa Exception -  type: <class 'opentele.exception.TDesktopUnauthorized'>, message: TDesktopUnauthorized: TDesktop client is unauthorized [ Called by FromTDesktop() ]
2024-10-12 06:43:30,272 - unnamed - ERROR - Failed to convert TDATA to Telethon session:
	Path: C:\projects\tg_accs\8801748878172\tdata
	Papa Exception -  type: <class 'opentele.exception.TDesktopUnauthorized'>, message: TDesktopUnauthorized: TDesktop client is unauthorized [ Called by FromTDesktop() ]
2024-10-12 06:43:32,506 - FuckTory - INFO - len of runs: 24
2024-10-12 06:43:32,506 - FuckTory - INFO - len of done runs: 22
2024-10-12 06:43:32,506 - FuckTory - INFO - Starting periodic function 24
2024-10-12 06:43:32,693 - FuckTory - INFO - CURRENT BAD POINTS 26
2024-10-12 06:43:32,694 - FuckTory - INFO - WORKER 12264550366
2024-10-12 06:43:32,695 - FuckTory - INFO - LOCKED!!
2024-10-12 06:43:32,695 - FuckTory - INFO - WORKER 12264558635
2024-10-12 06:43:32,696 - FuckTory - INFO - FREE!
2024-10-12 06:43:32,696 - FuckTory - INFO - WORKER 15874097035
2024-10-12 06:43:32,697 - FuckTory - INFO - LOCKED!!
2024-10-12 06:43:32,697 - FuckTory - INFO - WORKER 18077006341
2024-10-12 06:43:32,698 - FuckTory - INFO - LOCKED!!
2024-10-12 06:43:32,698 - FuckTory - INFO - WORKER 639468092706
2024-10-12 06:43:32,699 - FuckTory - INFO - LOCKED!!
2024-10-12 06:43:32,699 - FuckTory - INFO - WORKER 8801745658318
2024-10-12 06:43:32,700 - FuckTory - INFO - FREE!
2024-10-12 06:43:32,700 - FuckTory - INFO - WORKER 8801747034955
2024-10-12 06:43:32,701 - FuckTory - INFO - FREE!
2024-10-12 06:43:32,701 - FuckTory - INFO - WORKER 8801748878172
2024-10-12 06:43:32,702 - FuckTory - INFO - FREE!
2024-10-12 06:43:32,702 - FuckTory - INFO - CURRENT NOT LOCKED BAD POINTS 22
2024-10-12 06:43:32,703 - FuckTory - INFO - LEFT PIXELS WITOUT WORKERS: 18
2024-10-12 06:43:32,703 - FuckTory - INFO - AMOUNT OF STARTED WORKERS: 4
2024-10-12 06:43:32,710 - unnamed - INFO - Telegram profile loaded - path: C:\projects\tg_accs\8801745658318\tdata
2024-10-12 06:43:32,712 - unnamed - INFO - Telegram profile loaded - path: C:\projects\tg_accs\8801748878172\tdata
2024-10-12 06:43:32,722 - unnamed - INFO - Telegram profile loaded - path: C:\projects\tg_accs\8801747034955\tdata
2024-10-12 06:43:32,727 - unnamed - INFO - Telegram profile loaded - path: C:\projects\tg_accs\12264558635\tdata
2024-10-12 06:43:40,880 - unnamed - ERROR - Failed to convert TDATA to Telethon session:
	Path: C:\projects\tg_accs\12264558635\tdata
	Papa Exception -  type: <class 'sqlite3.OperationalError'>, message: database is locked
2024-10-12 06:43:40,880 - FuckTory - INFO - len of runs: 25
2024-10-12 06:43:40,880 - FuckTory - INFO - len of done runs: 22
2024-10-12 06:43:40,895 - FuckTory - INFO - Starting periodic function 25
2024-10-12 06:43:40,899 - 639468092706 - INFO - Finish PAINT PIXEL 228:230 to #000000, status: 200, content: b'{"balance":4.1921605}\n' content len: 22
2024-10-12 06:43:40,901 - 15874097035 - INFO - Finish CLAIM, status: 200, content: b'{"coins":0,"speedPerSecond":0.00004316666666666666,"fromStart":0,"fromUpdate":0,"maxMiningTime":28800,"claimed":0.08896649999999999,"boosts":{"energyLimit":2,"paintReward":2,"reChargeSpeed":2},"repaintsTotal":0,"userBalance":0,"activated":true,"league":"silver","charges":0,"maxCharges":0,"reChargeTimer":0,"reChargeSpeed":0,"goods":null,"tasks":{}}\n' content len: 350
2024-10-12 06:43:40,903 - 15874097035 - DEBUG - Start PAINT PIXEL 229:228
2024-10-12 06:43:40,916 - unnamed - ERROR - Timeout HTTP:
	Url: https://notpx.app/api/v1/mining/claim
	Proxy: socks5://07196708-zone-custom-region-CA-city-toronto-sessid-ZWNbB988-sessTime-120:6pGOVG0G@f.proxys5.net:6200
2024-10-12 06:43:41,102 - FuckTory - INFO - CURRENT BAD POINTS 26
2024-10-12 06:43:41,124 - FuckTory - INFO - WORKER 12264550366
2024-10-12 06:43:41,125 - FuckTory - INFO - LOCKED!!
2024-10-12 06:43:41,125 - FuckTory - INFO - WORKER 12264558635
2024-10-12 06:43:41,126 - FuckTory - INFO - FREE!
2024-10-12 06:43:41,127 - FuckTory - INFO - WORKER 15874097035
2024-10-12 06:43:41,127 - FuckTory - INFO - LOCKED!!
2024-10-12 06:43:41,129 - FuckTory - INFO - WORKER 18077006341
2024-10-12 06:43:41,129 - FuckTory - INFO - FREE!
2024-10-12 06:43:41,130 - FuckTory - INFO - WORKER 639468092706
2024-10-12 06:43:41,130 - FuckTory - INFO - FREE!
2024-10-12 06:43:41,131 - FuckTory - INFO - WORKER 8801745658318
2024-10-12 06:43:41,131 - FuckTory - INFO - LOCKED!!
2024-10-12 06:43:41,131 - FuckTory - INFO - WORKER 8801747034955
2024-10-12 06:43:41,132 - FuckTory - INFO - LOCKED!!
2024-10-12 06:43:41,132 - FuckTory - INFO - WORKER 8801748878172
2024-10-12 06:43:41,133 - FuckTory - INFO - LOCKED!!
2024-10-12 06:43:41,134 - FuckTory - INFO - CURRENT NOT LOCKED BAD POINTS 21
2024-10-12 06:43:41,135 - FuckTory - INFO - LEFT PIXELS WITOUT WORKERS: 18
2024-10-12 06:43:41,135 - FuckTory - INFO - AMOUNT OF STARTED WORKERS: 3
2024-10-12 06:43:41,140 - unnamed - INFO - Telegram profile loaded - path: C:\projects\tg_accs\12264558635\tdata
2024-10-12 06:43:41,146 - unnamed - INFO - Telegram profile loaded - path: C:\projects\tg_accs\18077006341\tdata
2024-10-12 06:43:41,152 - unnamed - INFO - Telegram profile loaded - path: C:\projects\tg_accs\639468092706\tdata
2024-10-12 06:43:41,661 - unnamed - ERROR - Failed to convert TDATA to Telethon session:
	Path: C:\projects\tg_accs\8801748878172\tdata
	Papa Exception -  type: <class 'opentele.exception.TDesktopUnauthorized'>, message: TDesktopUnauthorized: TDesktop client is unauthorized [ Called by FromTDesktop() ]
2024-10-12 06:43:41,661 - unnamed - ERROR - Failed to convert TDATA to Telethon session:
	Path: C:\projects\tg_accs\8801747034955\tdata
	Papa Exception -  type: <class 'opentele.exception.TDesktopUnauthorized'>, message: TDesktopUnauthorized: TDesktop client is unauthorized [ Called by FromTDesktop() ]
2024-10-12 06:43:41,736 - unnamed - ERROR - Failed to convert TDATA to Telethon session:
	Path: C:\projects\tg_accs\8801745658318\tdata
	Papa Exception -  type: <class 'opentele.exception.TDesktopUnauthorized'>, message: TDesktopUnauthorized: TDesktop client is unauthorized [ Called by FromTDesktop() ]
2024-10-12 06:43:47,908 - unnamed - ERROR - Failed to convert TDATA to Telethon session:
	Path: C:\projects\tg_accs\639468092706\tdata
	Papa Exception -  type: <class 'sqlite3.OperationalError'>, message: database is locked
2024-10-12 06:43:47,915 - 12264550366 - INFO - Finish CLAIM, status: 200, content: b'{"coins":0,"speedPerSecond":0.00006533333333333333,"fromStart":0,"fromUpdate":0,"maxMiningTime":28800,"claimed":0.003985333333333333,"boosts":{"energyLimit":2,"paintReward":2,"reChargeSpeed":2},"repaintsTotal":0,"userBalance":0,"activated":true,"league":"silver","charges":0,"maxCharges":0,"reChargeTimer":0,"reChargeSpeed":0,"goods":null,"tasks":{}}\n' content len: 351
2024-10-12 06:43:47,918 - 12264550366 - DEBUG - Start PAINT PIXEL 230:230
2024-10-12 06:43:47,920 - FuckTory - INFO - len of runs: 26
2024-10-12 06:43:47,922 - FuckTory - INFO - len of done runs: 24
2024-10-12 06:43:47,923 - FuckTory - INFO - Starting periodic function 26
2024-10-12 06:43:48,113 - FuckTory - INFO - CURRENT BAD POINTS 26
2024-10-12 06:43:48,138 - FuckTory - INFO - WORKER 12264550366
2024-10-12 06:43:48,140 - FuckTory - INFO - LOCKED!!
2024-10-12 06:43:48,141 - FuckTory - INFO - WORKER 12264558635
2024-10-12 06:43:48,141 - FuckTory - INFO - LOCKED!!
2024-10-12 06:43:48,147 - FuckTory - INFO - WORKER 15874097035
2024-10-12 06:43:48,148 - FuckTory - INFO - LOCKED!!
2024-10-12 06:43:48,149 - FuckTory - INFO - WORKER 18077006341
2024-10-12 06:43:48,149 - FuckTory - INFO - LOCKED!!
2024-10-12 06:43:48,150 - FuckTory - INFO - WORKER 639468092706
2024-10-12 06:43:48,150 - FuckTory - INFO - FREE!
2024-10-12 06:43:48,150 - FuckTory - INFO - WORKER 8801745658318
2024-10-12 06:43:48,151 - FuckTory - INFO - FREE!
2024-10-12 06:43:48,151 - FuckTory - INFO - WORKER 8801747034955
2024-10-12 06:43:48,152 - FuckTory - INFO - FREE!
2024-10-12 06:43:48,152 - FuckTory - INFO - WORKER 8801748878172
2024-10-12 06:43:48,152 - FuckTory - INFO - FREE!
2024-10-12 06:43:48,153 - FuckTory - INFO - CURRENT NOT LOCKED BAD POINTS 22
2024-10-12 06:43:48,153 - FuckTory - INFO - LEFT PIXELS WITOUT WORKERS: 18
2024-10-12 06:43:48,154 - FuckTory - INFO - AMOUNT OF STARTED WORKERS: 4
2024-10-12 06:43:48,157 - unnamed - INFO - Telegram profile loaded - path: C:\projects\tg_accs\8801747034955\tdata
2024-10-12 06:43:48,163 - unnamed - INFO - Telegram profile loaded - path: C:\projects\tg_accs\8801745658318\tdata
2024-10-12 06:43:48,171 - unnamed - INFO - Telegram profile loaded - path: C:\projects\tg_accs\639468092706\tdata
2024-10-12 06:43:48,212 - unnamed - INFO - Telegram profile loaded - path: C:\projects\tg_accs\8801748878172\tdata
2024-10-12 06:43:55,034 - unnamed - ERROR - Failed to convert TDATA to Telethon session:
	Path: C:\projects\tg_accs\639468092706\tdata
	Papa Exception -  type: <class 'sqlite3.OperationalError'>, message: database is locked
2024-10-12 06:43:55,037 - FuckTory - INFO - len of runs: 27
2024-10-12 06:43:55,037 - FuckTory - INFO - len of done runs: 24
2024-10-12 06:43:55,037 - FuckTory - INFO - Starting periodic function 27
2024-10-12 06:43:55,045 - unnamed - ERROR - Failed to convert TDATA to Telethon session:
	Path: C:\projects\tg_accs\12264558635\tdata
	Papa Exception -  type: <class 'asyncio.exceptions.CancelledError'>, message: 
2024-10-12 06:43:55,046 - unnamed - ERROR - Failed to convert TDATA to Telethon session:
	Path: C:\projects\tg_accs\18077006341\tdata
	Papa Exception -  type: <class 'asyncio.exceptions.CancelledError'>, message: 
2024-10-12 06:44:22,990 - unnamed - ERROR - Timeout HTTP:
	Url: https://notpx.app/api/v1/repaint/start
	Proxy: socks5://07196708-zone-custom-region-CA-city-toronto-sessid-OC4jAJ4O-sessTime-120:6pGOVG0G@f.proxys5.net:6200
2024-10-12 06:44:23,255 - FuckTory - INFO - CURRENT BAD POINTS 25
2024-10-12 06:44:23,309 - FuckTory - INFO - len of runs: 28
2024-10-12 06:44:23,310 - FuckTory - INFO - len of done runs: 24
2024-10-12 06:44:23,310 - FuckTory - INFO - Starting periodic function 28
2024-10-12 06:44:23,310 - unnamed - ERROR - Failed to convert TDATA to Telethon session:
	Path: C:\projects\tg_accs\8801747034955\tdata
	Papa Exception -  type: <class 'asyncio.exceptions.CancelledError'>, message: 
2024-10-12 06:44:23,312 - unnamed - ERROR - Failed to convert TDATA to Telethon session:
	Path: C:\projects\tg_accs\8801745658318\tdata
	Papa Exception -  type: <class 'asyncio.exceptions.CancelledError'>, message: 
2024-10-12 06:44:23,312 - unnamed - ERROR - Failed to convert TDATA to Telethon session:
	Path: C:\projects\tg_accs\8801748878172\tdata
	Papa Exception -  type: <class 'asyncio.exceptions.CancelledError'>, message: 
2024-10-12 06:44:23,350 - unnamed - ERROR - Timeout HTTP:
	Url: https://notpx.app/api/v1/repaint/start
	Proxy: socks5://07196708-zone-custom-region-CA-city-toronto-sessid-o47kzll7-sessTime-120:6pGOVG0G@f.proxys5.net:6200
2024-10-12 06:44:23,512 - FuckTory - INFO - CURRENT BAD POINTS 25
2024-10-12 06:44:23,556 - FuckTory - INFO - WORKER 12264550366
2024-10-12 06:44:23,559 - FuckTory - INFO - FREE!
2024-10-12 06:44:23,560 - FuckTory - INFO - WORKER 12264558635
2024-10-12 06:44:23,561 - FuckTory - INFO - FREE!
2024-10-12 06:44:23,561 - FuckTory - INFO - WORKER 15874097035
2024-10-12 06:44:23,562 - FuckTory - INFO - FREE!
2024-10-12 06:44:23,562 - FuckTory - INFO - WORKER 18077006341
2024-10-12 06:44:23,563 - FuckTory - INFO - FREE!
2024-10-12 06:44:23,564 - FuckTory - INFO - WORKER 639468092706
2024-10-12 06:44:23,564 - FuckTory - INFO - FREE!
2024-10-12 06:44:23,565 - FuckTory - INFO - WORKER 8801745658318
2024-10-12 06:44:23,566 - FuckTory - INFO - FREE!
2024-10-12 06:44:23,566 - FuckTory - INFO - WORKER 8801747034955
2024-10-12 06:44:23,567 - FuckTory - INFO - FREE!
2024-10-12 06:44:23,567 - FuckTory - INFO - WORKER 8801748878172
2024-10-12 06:44:23,568 - FuckTory - INFO - FREE!
2024-10-12 06:44:23,568 - FuckTory - INFO - CURRENT NOT LOCKED BAD POINTS 25
2024-10-12 06:44:23,569 - FuckTory - INFO - LEFT PIXELS WITOUT WORKERS: 17
2024-10-12 06:44:23,570 - FuckTory - INFO - AMOUNT OF STARTED WORKERS: 8
2024-10-12 06:44:23,574 - unnamed - INFO - Telegram profile loaded - path: C:\projects\tg_accs\639468092706\tdata
2024-10-12 06:44:23,579 - unnamed - INFO - Telegram profile loaded - path: C:\projects\tg_accs\15874097035\tdata
2024-10-12 06:44:23,586 - unnamed - INFO - Telegram profile loaded - path: C:\projects\tg_accs\8801745658318\tdata
2024-10-12 06:44:23,593 - unnamed - INFO - Telegram profile loaded - path: C:\projects\tg_accs\8801748878172\tdata
2024-10-12 06:44:23,598 - unnamed - INFO - Telegram profile loaded - path: C:\projects\tg_accs\12264558635\tdata
2024-10-12 06:44:23,604 - unnamed - INFO - Telegram profile loaded - path: C:\projects\tg_accs\18077006341\tdata
2024-10-12 06:44:23,610 - unnamed - INFO - Telegram profile loaded - path: C:\projects\tg_accs\8801747034955\tdata
2024-10-12 06:44:23,616 - unnamed - INFO - Telegram profile loaded - path: C:\projects\tg_accs\12264550366\tdata
2024-10-12 06:44:23,765 - FuckTory - INFO - WORKER 12264550366
2024-10-12 06:44:23,769 - FuckTory - INFO - LOCKED!!
2024-10-12 06:44:23,770 - FuckTory - INFO - WORKER 12264558635
2024-10-12 06:44:23,771 - FuckTory - INFO - LOCKED!!
2024-10-12 06:44:23,771 - FuckTory - INFO - WORKER 15874097035
2024-10-12 06:44:23,772 - FuckTory - INFO - LOCKED!!
2024-10-12 06:44:23,773 - FuckTory - INFO - WORKER 18077006341
2024-10-12 06:44:23,773 - FuckTory - INFO - LOCKED!!
2024-10-12 06:44:23,774 - FuckTory - INFO - WORKER 639468092706
2024-10-12 06:44:23,774 - FuckTory - INFO - LOCKED!!
2024-10-12 06:44:23,775 - FuckTory - INFO - WORKER 8801745658318
2024-10-12 06:44:23,775 - FuckTory - INFO - LOCKED!!
2024-10-12 06:44:23,775 - FuckTory - INFO - WORKER 8801747034955
2024-10-12 06:44:23,776 - FuckTory - INFO - LOCKED!!
2024-10-12 06:44:23,777 - FuckTory - INFO - WORKER 8801748878172
2024-10-12 06:44:23,777 - FuckTory - INFO - LOCKED!!
2024-10-12 06:44:23,778 - FuckTory - INFO - CURRENT NOT LOCKED BAD POINTS 17
2024-10-12 06:44:23,778 - FuckTory - INFO - LEFT PIXELS WITOUT WORKERS: 17
2024-10-12 06:44:23,779 - FuckTory - INFO - AMOUNT OF STARTED WORKERS: 0
2024-10-12 06:44:25,896 - unnamed - INFO - Telegram profile connect success - path: C:\projects\tg_accs\639468092706\tdata, id: 7691084320, username: None, phone: 639468092706
2024-10-12 06:44:26,334 - FuckTory - INFO - len of runs: 29
2024-10-12 06:44:26,334 - FuckTory - INFO - len of done runs: 28
2024-10-12 06:44:26,334 - FuckTory - INFO - Starting periodic function 29
2024-10-12 06:44:26,500 - FuckTory - INFO - CURRENT BAD POINTS 25
2024-10-12 06:44:26,500 - FuckTory - INFO - WORKER 12264550366
2024-10-12 06:44:26,501 - FuckTory - INFO - LOCKED!!
2024-10-12 06:44:26,502 - FuckTory - INFO - WORKER 12264558635
2024-10-12 06:44:26,502 - FuckTory - INFO - LOCKED!!
2024-10-12 06:44:26,503 - FuckTory - INFO - WORKER 15874097035
2024-10-12 06:44:26,503 - FuckTory - INFO - LOCKED!!
2024-10-12 06:44:26,504 - FuckTory - INFO - WORKER 18077006341
2024-10-12 06:44:26,504 - FuckTory - INFO - LOCKED!!
2024-10-12 06:44:26,504 - FuckTory - INFO - WORKER 639468092706
2024-10-12 06:44:26,505 - FuckTory - INFO - LOCKED!!
2024-10-12 06:44:26,505 - FuckTory - INFO - WORKER 8801745658318
2024-10-12 06:44:26,505 - FuckTory - INFO - LOCKED!!
2024-10-12 06:44:26,506 - FuckTory - INFO - WORKER 8801747034955
2024-10-12 06:44:26,507 - FuckTory - INFO - LOCKED!!
2024-10-12 06:44:26,507 - FuckTory - INFO - WORKER 8801748878172
2024-10-12 06:44:26,508 - FuckTory - INFO - LOCKED!!
2024-10-12 06:44:26,508 - FuckTory - INFO - CURRENT NOT LOCKED BAD POINTS 17
2024-10-12 06:44:26,509 - FuckTory - INFO - LEFT PIXELS WITOUT WORKERS: 17
2024-10-12 06:44:26,509 - FuckTory - INFO - AMOUNT OF STARTED WORKERS: 0
2024-10-12 06:44:26,559 - FuckTory - INFO - https://notpx.app/#tgWebAppData=query_id%3DAAEgomxKAwAAACCibEqeG3yv%26user%3D%257B%2522id%2522%253A7691084320%252C%2522first_name%2522%253A%2522Stanford%2522%252C%2522last_name%2522%253A%2522Allison%2522%252C%2522language_code%2522%253A%2522en%2522%252C%2522allows_write_to_pm%2522%253Atrue%257D%26auth_date%3D1728729867%26hash%3D6201a5ef3f6ce89dc002fe04a5df67b339906175757f4b7c69930f0f0895ba0a&tgWebAppVersion=7.10&tgWebAppPlatform=android&tgWebAppThemeParams=%7B%22accent_text_color%22%3A%22%23168acd%22%2C%22bg_color%22%3A%22%23ffffff%22%2C%22bottom_bar_bg_color%22%3A%22%23ffffff%22%2C%22button_color%22%3A%22%2340a7e3%22%2C%22button_text_color%22%3A%22%23ffffff%22%2C%22destructive_text_color%22%3A%22%23d14e4e%22%2C%22header_bg_color%22%3A%22%23ffffff%22%2C%22hint_color%22%3A%22%23999999%22%2C%22link_color%22%3A%22%23168acd%22%2C%22secondary_bg_color%22%3A%22%23f1f1f1%22%2C%22section_bg_color%22%3A%22%23ffffff%22%2C%22section_header_text_color%22%3A%22%23168acd%22%2C%22section_separator_color%22%3A%22%23e7e7e7%22%2C%22subtitle_text_color%22%3A%22%23999999%22%2C%22text_color%22%3A%22%23000000%22%7D
2024-10-12 06:44:26,565 - 639468092706 - DEBUG - Start GET entry URL
2024-10-12 06:44:27,175 - unnamed - ERROR - Failed to convert TDATA to Telethon session:
	Path: C:\projects\tg_accs\8801747034955\tdata
	Papa Exception -  type: <class 'opentele.exception.TDesktopUnauthorized'>, message: TDesktopUnauthorized: TDesktop client is unauthorized [ Called by FromTDesktop() ]
2024-10-12 06:44:27,235 - unnamed - ERROR - Failed to convert TDATA to Telethon session:
	Path: C:\projects\tg_accs\8801745658318\tdata
	Papa Exception -  type: <class 'opentele.exception.TDesktopUnauthorized'>, message: TDesktopUnauthorized: TDesktop client is unauthorized [ Called by FromTDesktop() ]
2024-10-12 06:44:27,243 - unnamed - ERROR - Failed to convert TDATA to Telethon session:
	Path: C:\projects\tg_accs\8801748878172\tdata
	Papa Exception -  type: <class 'opentele.exception.TDesktopUnauthorized'>, message: TDesktopUnauthorized: TDesktop client is unauthorized [ Called by FromTDesktop() ]
2024-10-12 06:44:28,758 - unnamed - INFO - Telegram profile connect success - path: C:\projects\tg_accs\18077006341\tdata, id: 7515509069, username: JeanneBlair2001, phone: 18077006341
2024-10-12 06:44:28,941 - unnamed - INFO - Telegram profile connect success - path: C:\projects\tg_accs\12264550366\tdata, id: 7596997432, username: TamaraKanahele2022, phone: 12264550366
2024-10-12 06:44:29,147 - unnamed - INFO - Telegram profile connect success - path: C:\projects\tg_accs\15874097035\tdata, id: 6714712311, username: guapepep, phone: 15874097035
2024-10-12 06:44:29,175 - unnamed - INFO - Telegram profile connect success - path: C:\projects\tg_accs\12264558635\tdata, id: 7703582587, username: DeborahLamboy2009, phone: 12264558635
2024-10-12 06:44:29,333 - FuckTory - INFO - len of runs: 30
2024-10-12 06:44:29,333 - FuckTory - INFO - len of done runs: 29
2024-10-12 06:44:29,333 - FuckTory - INFO - Starting periodic function 30
2024-10-12 06:44:29,535 - FuckTory - INFO - CURRENT BAD POINTS 25
2024-10-12 06:44:29,537 - FuckTory - INFO - WORKER 12264550366
2024-10-12 06:44:29,538 - FuckTory - INFO - LOCKED!!
2024-10-12 06:44:29,538 - FuckTory - INFO - WORKER 12264558635
2024-10-12 06:44:29,539 - FuckTory - INFO - LOCKED!!
2024-10-12 06:44:29,539 - FuckTory - INFO - WORKER 15874097035
2024-10-12 06:44:29,540 - FuckTory - INFO - LOCKED!!
2024-10-12 06:44:29,540 - FuckTory - INFO - WORKER 18077006341
2024-10-12 06:44:29,541 - FuckTory - INFO - LOCKED!!
2024-10-12 06:44:29,541 - FuckTory - INFO - WORKER 639468092706
2024-10-12 06:44:29,542 - FuckTory - INFO - LOCKED!!
2024-10-12 06:44:29,542 - FuckTory - INFO - WORKER 8801745658318
2024-10-12 06:44:29,543 - FuckTory - INFO - FREE!
2024-10-12 06:44:29,543 - FuckTory - INFO - WORKER 8801747034955
2024-10-12 06:44:29,544 - FuckTory - INFO - FREE!
2024-10-12 06:44:29,544 - FuckTory - INFO - WORKER 8801748878172
2024-10-12 06:44:29,545 - FuckTory - INFO - FREE!
2024-10-12 06:44:29,545 - FuckTory - INFO - CURRENT NOT LOCKED BAD POINTS 20
2024-10-12 06:44:29,546 - FuckTory - INFO - LEFT PIXELS WITOUT WORKERS: 17
2024-10-12 06:44:29,546 - FuckTory - INFO - AMOUNT OF STARTED WORKERS: 3
2024-10-12 06:44:29,551 - unnamed - INFO - Telegram profile loaded - path: C:\projects\tg_accs\8801747034955\tdata
2024-10-12 06:44:29,557 - unnamed - INFO - Telegram profile loaded - path: C:\projects\tg_accs\8801745658318\tdata
2024-10-12 06:44:29,562 - unnamed - INFO - Telegram profile loaded - path: C:\projects\tg_accs\8801748878172\tdata
2024-10-12 06:44:29,567 - FuckTory - INFO - https://notpx.app/#tgWebAppData=query_id%3DAAFNkfU_AwAAAE2R9T85yu8P%26user%3D%257B%2522id%2522%253A7515509069%252C%2522first_name%2522%253A%2522Jeanne%2522%252C%2522last_name%2522%253A%2522Blair%2522%252C%2522username%2522%253A%2522JeanneBlair2001%2522%252C%2522language_code%2522%253A%2522en%2522%252C%2522allows_write_to_pm%2522%253Atrue%257D%26auth_date%3D1728729870%26hash%3D8181c513f11551a4352b0f8da090c8315b69143adb23ddb409cb640ac0597cfe&tgWebAppVersion=7.10&tgWebAppPlatform=android&tgWebAppThemeParams=%7B%22accent_text_color%22%3A%22%23168acd%22%2C%22bg_color%22%3A%22%23ffffff%22%2C%22bottom_bar_bg_color%22%3A%22%23ffffff%22%2C%22button_color%22%3A%22%2340a7e3%22%2C%22button_text_color%22%3A%22%23ffffff%22%2C%22destructive_text_color%22%3A%22%23d14e4e%22%2C%22header_bg_color%22%3A%22%23ffffff%22%2C%22hint_color%22%3A%22%23999999%22%2C%22link_color%22%3A%22%23168acd%22%2C%22secondary_bg_color%22%3A%22%23f1f1f1%22%2C%22section_bg_color%22%3A%22%23ffffff%22%2C%22section_header_text_color%22%3A%22%23168acd%22%2C%22section_separator_color%22%3A%22%23e7e7e7%22%2C%22subtitle_text_color%22%3A%22%23999999%22%2C%22text_color%22%3A%22%23000000%22%7D
2024-10-12 06:44:29,575 - 18077006341 - DEBUG - Start GET entry URL
2024-10-12 06:44:29,741 - FuckTory - INFO - https://notpx.app/#tgWebAppData=query_id%3DAAE4-9BEAwAAADj70ETPZlOC%26user%3D%257B%2522id%2522%253A7596997432%252C%2522first_name%2522%253A%2522Tamara%2522%252C%2522last_name%2522%253A%2522Kanahele%2522%252C%2522username%2522%253A%2522TamaraKanahele2022%2522%252C%2522language_code%2522%253A%2522en%2522%252C%2522allows_write_to_pm%2522%253Atrue%257D%26auth_date%3D1728729870%26hash%3D015a23f6f475891a51cd961e525b2737053e62b627e0c5a8dd8e64cf1968ef49&tgWebAppVersion=7.10&tgWebAppPlatform=android&tgWebAppThemeParams=%7B%22accent_text_color%22%3A%22%23168acd%22%2C%22bg_color%22%3A%22%23ffffff%22%2C%22bottom_bar_bg_color%22%3A%22%23ffffff%22%2C%22button_color%22%3A%22%2340a7e3%22%2C%22button_text_color%22%3A%22%23ffffff%22%2C%22destructive_text_color%22%3A%22%23d14e4e%22%2C%22header_bg_color%22%3A%22%23ffffff%22%2C%22hint_color%22%3A%22%23999999%22%2C%22link_color%22%3A%22%23168acd%22%2C%22secondary_bg_color%22%3A%22%23f1f1f1%22%2C%22section_bg_color%22%3A%22%23ffffff%22%2C%22section_header_text_color%22%3A%22%23168acd%22%2C%22section_separator_color%22%3A%22%23e7e7e7%22%2C%22subtitle_text_color%22%3A%22%23999999%22%2C%22text_color%22%3A%22%23000000%22%7D
2024-10-12 06:44:29,752 - 12264550366 - DEBUG - Start GET entry URL
2024-10-12 06:44:30,036 - FuckTory - INFO - https://notpx.app/#tgWebAppData=query_id%3DAAH3YDoQAwAAAPdgOhCnlCkd%26user%3D%257B%2522id%2522%253A6714712311%252C%2522first_name%2522%253A%2522Catherine%2522%252C%2522last_name%2522%253A%2522Martin%2522%252C%2522username%2522%253A%2522guapepep%2522%252C%2522language_code%2522%253A%2522en%2522%252C%2522allows_write_to_pm%2522%253Atrue%257D%26auth_date%3D1728729870%26hash%3De26f21fcf7a2333e1dc9147608664242ddaa4d5306453ad69276c033d6e64d88&tgWebAppVersion=7.10&tgWebAppPlatform=android&tgWebAppThemeParams=%7B%22accent_text_color%22%3A%22%23168acd%22%2C%22bg_color%22%3A%22%23ffffff%22%2C%22bottom_bar_bg_color%22%3A%22%23ffffff%22%2C%22button_color%22%3A%22%2340a7e3%22%2C%22button_text_color%22%3A%22%23ffffff%22%2C%22destructive_text_color%22%3A%22%23d14e4e%22%2C%22header_bg_color%22%3A%22%23ffffff%22%2C%22hint_color%22%3A%22%23999999%22%2C%22link_color%22%3A%22%23168acd%22%2C%22secondary_bg_color%22%3A%22%23f1f1f1%22%2C%22section_bg_color%22%3A%22%23ffffff%22%2C%22section_header_text_color%22%3A%22%23168acd%22%2C%22section_separator_color%22%3A%22%23e7e7e7%22%2C%22subtitle_text_color%22%3A%22%23999999%22%2C%22text_color%22%3A%22%23000000%22%7D
2024-10-12 06:44:30,051 - 15874097035 - DEBUG - Start GET entry URL
2024-10-12 06:44:30,087 - FuckTory - INFO - https://notpx.app/#tgWebAppData=query_id%3DAAF7VytLAwAAAHtXK0ttgR_-%26user%3D%257B%2522id%2522%253A7703582587%252C%2522first_name%2522%253A%2522Deborah%2522%252C%2522last_name%2522%253A%2522Lamboy%2522%252C%2522username%2522%253A%2522DeborahLamboy2009%2522%252C%2522language_code%2522%253A%2522en%2522%252C%2522allows_write_to_pm%2522%253Atrue%257D%26auth_date%3D1728729870%26hash%3D231cc25b54bea1810a8d7f6e02ffbceec41026114ad0468976baabc37a657d45&tgWebAppVersion=7.10&tgWebAppPlatform=android&tgWebAppThemeParams=%7B%22accent_text_color%22%3A%22%23168acd%22%2C%22bg_color%22%3A%22%23ffffff%22%2C%22bottom_bar_bg_color%22%3A%22%23ffffff%22%2C%22button_color%22%3A%22%2340a7e3%22%2C%22button_text_color%22%3A%22%23ffffff%22%2C%22destructive_text_color%22%3A%22%23d14e4e%22%2C%22header_bg_color%22%3A%22%23ffffff%22%2C%22hint_color%22%3A%22%23999999%22%2C%22link_color%22%3A%22%23168acd%22%2C%22secondary_bg_color%22%3A%22%23f1f1f1%22%2C%22section_bg_color%22%3A%22%23ffffff%22%2C%22section_header_text_color%22%3A%22%23168acd%22%2C%22section_separator_color%22%3A%22%23e7e7e7%22%2C%22subtitle_text_color%22%3A%22%23999999%22%2C%22text_color%22%3A%22%23000000%22%7D
2024-10-12 06:44:30,091 - 12264558635 - DEBUG - Start GET entry URL
2024-10-12 06:44:32,346 - FuckTory - INFO - len of runs: 31
2024-10-12 06:44:32,346 - FuckTory - INFO - len of done runs: 29
2024-10-12 06:44:32,346 - FuckTory - INFO - Starting periodic function 31
2024-10-12 06:44:32,533 - FuckTory - INFO - CURRENT BAD POINTS 25
2024-10-12 06:44:32,534 - FuckTory - INFO - WORKER 12264550366
2024-10-12 06:44:32,534 - FuckTory - INFO - LOCKED!!
2024-10-12 06:44:32,535 - FuckTory - INFO - WORKER 12264558635
2024-10-12 06:44:32,535 - FuckTory - INFO - LOCKED!!
2024-10-12 06:44:32,536 - FuckTory - INFO - WORKER 15874097035
2024-10-12 06:44:32,536 - FuckTory - INFO - LOCKED!!
2024-10-12 06:44:32,537 - FuckTory - INFO - WORKER 18077006341
2024-10-12 06:44:32,537 - FuckTory - INFO - LOCKED!!
2024-10-12 06:44:32,538 - FuckTory - INFO - WORKER 639468092706
2024-10-12 06:44:32,538 - FuckTory - INFO - LOCKED!!
2024-10-12 06:44:32,539 - FuckTory - INFO - WORKER 8801745658318
2024-10-12 06:44:32,539 - FuckTory - INFO - LOCKED!!
2024-10-12 06:44:32,540 - FuckTory - INFO - WORKER 8801747034955
2024-10-12 06:44:32,540 - FuckTory - INFO - LOCKED!!
2024-10-12 06:44:32,542 - FuckTory - INFO - WORKER 8801748878172
2024-10-12 06:44:32,542 - FuckTory - INFO - LOCKED!!
2024-10-12 06:44:32,542 - FuckTory - INFO - CURRENT NOT LOCKED BAD POINTS 17
2024-10-12 06:44:32,542 - FuckTory - INFO - LEFT PIXELS WITOUT WORKERS: 17
2024-10-12 06:44:32,543 - FuckTory - INFO - AMOUNT OF STARTED WORKERS: 0
2024-10-12 06:44:33,085 - unnamed - ERROR - Failed to convert TDATA to Telethon session:
	Path: C:\projects\tg_accs\8801745658318\tdata
	Papa Exception -  type: <class 'opentele.exception.TDesktopUnauthorized'>, message: TDesktopUnauthorized: TDesktop client is unauthorized [ Called by FromTDesktop() ]
2024-10-12 06:44:33,096 - unnamed - ERROR - Failed to convert TDATA to Telethon session:
	Path: C:\projects\tg_accs\8801748878172\tdata
	Papa Exception -  type: <class 'opentele.exception.TDesktopUnauthorized'>, message: TDesktopUnauthorized: TDesktop client is unauthorized [ Called by FromTDesktop() ]
2024-10-12 06:44:33,155 - unnamed - ERROR - Failed to convert TDATA to Telethon session:
	Path: C:\projects\tg_accs\8801747034955\tdata
	Papa Exception -  type: <class 'opentele.exception.TDesktopUnauthorized'>, message: TDesktopUnauthorized: TDesktop client is unauthorized [ Called by FromTDesktop() ]
